 Collecting TVT feeds for 2 partner(s)

Partner: Prefeitura Conselheiro Lafaiete (1)
--------------------------------------------

   Feed: 9bb3e551-76f2-4fc6-a32e-ad078a285f2e
00:20:06 INFO      [http_client] Request: "GET https://www.waze.com/row-partnerhub-api/feeds-tvt/9bb3e551-76f2-4fc6-a32e-ad078a285f2e?id=12699055487"
00:20:07 INFO      [http_client] Response: "200 https://www.waze.com/row-partnerhub-api/feeds-tvt/9bb3e551-76f2-4fc6-a32e-ad078a285f2e?id=12699055487" 1.014081 seconds
[
  "http_code" => 200,
  "url" => "https://www.waze.com/row-partnerhub-api/feeds-tvt/9bb3e551-76f2-4fc6-a32e-ad078a285f2e?id=12699055487",
  "total_time" => 1.014081
]
00:20:07 INFO      [app] Waze TVT feed response
[
  "partner" => 1,
  "feed" => "9bb3e551-76f2-4fc6-a32e-ad078a285f2e",
  "feed_id" => null,
  "url" => "https://www.waze.com/row-partnerhub-api/feeds-tvt/9bb3e551-76f2-4fc6-a32e-ad078a285f2e?id=12699055487",
  "items_count" => 10
]
00:20:07 WARNING   [app] Item TVT sem routeId
[
  "item" => [
    [
      "wazersCount" => 9,
      "jamLevel" => 0
    ],
    [
      "wazersCount" => 0,
      "jamLevel" => 1
    ],
    [
      "wazersCount" => 0,
      "jamLevel" => 2
    ],
    [
      "wazersCount" => 0,
      "jamLevel" => 3
    ],
    [
      "wazersCount" => 0,
      "jamLevel" => 4
    ]
  ]
]
00:20:07 WARNING   [app] Item TVT sem routeId
[
  "item" => [
    [
      "subRoutes" => [
        [ ÔÇª8],
        [ ÔÇª8],
        [ ÔÇª8],
        [ ÔÇª8],
        [ ÔÇª8],
        [ ÔÇª8],
        [ ÔÇª8]
      ],
      "toName" => "R. Arthur Nascimento",
      "historicTime" => 184,
      "line" => [
        [ ÔÇª2],
        [ ÔÇª2],
        [ ÔÇª2],
        [ ÔÇª2],
        [ ÔÇª2],
        [ ÔÇª2],
        [ ÔÇª2],
        [ ÔÇª2],
        [ ÔÇª2],
        [ ÔÇª2],
        [ ÔÇª2],
        [ ÔÇª2],
        [ ÔÇª2],
        [ ÔÇª2],
        [ ÔÇª2],
        [ ÔÇª2],
        [ ÔÇª2],
        [ ÔÇª2],
        [ ÔÇª2],
        [ ÔÇª2],
        [ ÔÇª2],
        [ ÔÇª2],
        [ ÔÇª2],
        [ ÔÇª2],
        [ ÔÇª2],
        [ ÔÇª2],
        [ ÔÇª2],
        [ ÔÇª2],
        [ ÔÇª2],
        [ ÔÇª2],
        [ ÔÇª2],
        [ ÔÇª2],
        [ ÔÇª2],
        [ ÔÇª2],
        [ ÔÇª2],
        [ ÔÇª2],
        [ ÔÇª2],
        [ ÔÇª2],
        [ ÔÇª2],
        [ ÔÇª2],
        [ ÔÇª2],
        [ ÔÇª2],
        [ ÔÇª2],
        [ ÔÇª2],
        [ ÔÇª2],
        [ ÔÇª2],
        [ ÔÇª2]
      ],
      "bbox" => [
        "minY" => -20.660793453675,
        "minX" => -43.797349576558,
        "maxY" => -20.658802310211,
        "maxX" => -43.785524547443
      ],
      "name" => "Acompanhar antes e depois da altera├º├úo do semafaro",
      "fromName" => "Vd. Duartina Nogueira de Rezende",
      "length" => 1349,
      "jamLevel" => 2,
      "id" => "1741693376450",
      "time" => 237,
      "type" => "STATIC"
    ],
    [
      "subRoutes" => [
        [ ÔÇª8],
        [ ÔÇª8],
        [ ÔÇª8],
        [ ÔÇª8],
        [ ÔÇª8],
        [ ÔÇª8],
        [ ÔÇª8]
      ],
      "toName" => "R. Comendador Baeta Neves",
      "historicTime" => 229,
      "line" => [
        [ ÔÇª2],
        [ ÔÇª2],
        [ ÔÇª2],
        [ ÔÇª2],
        [ ÔÇª2],
        [ ÔÇª2],
        [ ÔÇª2],
        [ ÔÇª2],
        [ ÔÇª2],
        [ ÔÇª2],
        [ ÔÇª2],
        [ ÔÇª2],
        [ ÔÇª2],
        [ ÔÇª2],
        [ ÔÇª2],
        [ ÔÇª2],
        [ ÔÇª2],
        [ ÔÇª2],
        [ ÔÇª2],
        [ ÔÇª2],
        [ ÔÇª2],
        [ ÔÇª2],
        [ ÔÇª2],
        [ ÔÇª2],
        [ ÔÇª2],
        [ ÔÇª2],
        [ ÔÇª2],
        [ ÔÇª2],
        [ ÔÇª2],
        [ ÔÇª2],
        [ ÔÇª2],
        [ ÔÇª2],
        [ ÔÇª2],
        [ ÔÇª2],
        [ ÔÇª2],
        [ ÔÇª2],
        [ ÔÇª2],
        [ ÔÇª2],
        [ ÔÇª2],
        [ ÔÇª2],
        [ ÔÇª2],
        [ ÔÇª2],
        [ ÔÇª2],
        [ ÔÇª2],
        [ ÔÇª2]
      ],
      "bbox" => [
        "minY" => -20.660497121874,
        "minX" => -43.793994061167,
        "maxY" => -20.658802310211,
        "maxX" => -43.785139693879
      ],
      "name" => "Avenida Gabinete",
      "fromName" => "Av. Prefeito Tel├®sforo C├óndido Resende",
      "length" => 1231,
      "jamLevel" => 2,
      "id" => "1787577270894",
      "time" => 372,
      "type" => "STATIC"
    ],
    [
      "subRoutes" => [
        [ ÔÇª8],
        [ ÔÇª8],
        [ ÔÇª8],
        [ ÔÇª8],
        [ ÔÇª8],
        [ ÔÇª8],
        [ ÔÇª8],
        [ ÔÇª8]
      ],
      "toName" => "P├º. Bar├úo de Queluz",
      "historicTime" => 324,
      "line" => [
        [ ÔÇª2],
        [ ÔÇª2],
        [ ÔÇª2],
        [ ÔÇª2],
        [ ÔÇª2],
        [ ÔÇª2],
        [ ÔÇª2],
        [ ÔÇª2],
        [ ÔÇª2],
        [ ÔÇª2],
        [ ÔÇª2],
        [ ÔÇª2],
        [ ÔÇª2],
        [ ÔÇª2],
        [ ÔÇª2],
        [ ÔÇª2],
        [ ÔÇª2],
        [ ÔÇª2],
        [ ÔÇª2],
        [ ÔÇª2],
        [ ÔÇª2],
        [ ÔÇª2],
        [ ÔÇª2],
        [ ÔÇª2],
        [ ÔÇª2],
        [ ÔÇª2],
        [ ÔÇª2],
        [ ÔÇª2],
        [ ÔÇª2],
        [ ÔÇª2],
        [ ÔÇª2],
        [ ÔÇª2],
        [ ÔÇª2],
        [ ÔÇª2],
        [ ÔÇª2],
        [ ÔÇª2],
        [ ÔÇª2],
        [ ÔÇª2],
        [ ÔÇª2],
        [ ÔÇª2],
        [ ÔÇª2],
        [ ÔÇª2],
        [ ÔÇª2],
        [ ÔÇª2],
        [ ÔÇª2],
        [ ÔÇª2],
        [ ÔÇª2],
        [ ÔÇª2],
        [ ÔÇª2],
        [ ÔÇª2],
        [ ÔÇª2],
        [ ÔÇª2],
        [ ÔÇª2],
        [ ÔÇª2],
        [ ÔÇª2],
        [ ÔÇª2],
        [ ÔÇª2],
        [ ÔÇª2],
        [ ÔÇª2],
        [ ÔÇª2],
        [ ÔÇª2],
        [ ÔÇª2],
        [ ÔÇª2],
        [ ÔÇª2],
        [ ÔÇª2],
        [ ÔÇª2],
        [ ÔÇª2],
        [ ÔÇª2],
        [ ÔÇª2],
        [ ÔÇª2],
        [ ÔÇª2],
        [ ÔÇª2],
        [ ÔÇª2],
        [ ÔÇª2],
        [ ÔÇª2],
        [ ÔÇª2],
        [ ÔÇª2],
        [ ÔÇª2],
        [ ÔÇª2],
        [ ÔÇª2],
        [ ÔÇª2],
        [ ÔÇª2],
        [ ÔÇª2],
        [ ÔÇª2],
        [ ÔÇª2]
      ],
      "bbox" => [
        "minY" => -20.661287324499,
        "minX" => -43.799574003593,
        "maxY" => -20.658802310211,
        "maxX" => -43.785453300123
      ],
      "name" => "S├úo Sebasti├úo - P├º barao de queluz",
      "fromName" => "R. Wenceslau Braz",
      "length" => 2064,
      "jamLevel" => 2,
      "id" => "1718113577780",
      "time" => 437,
      "type" => "STATIC"
    ],
    [
      "subRoutes" => [
        [ ÔÇª8],
        [ ÔÇª8],
        [ ÔÇª8]
      ],
      "toName" => "R. Santa Efig├¬nia",
      "historicTime" => 364,
      "line" => [
        [ ÔÇª2],
        [ ÔÇª2],
        [ ÔÇª2],
        [ ÔÇª2],
        [ ÔÇª2],
        [ ÔÇª2],
        [ ÔÇª2],
        [ ÔÇª2],
        [ ÔÇª2],
        [ ÔÇª2],
        [ ÔÇª2],
        [ ÔÇª2],
        [ ÔÇª2],
        [ ÔÇª2],
        [ ÔÇª2],
        [ ÔÇª2],
        [ ÔÇª2],
        [ ÔÇª2],
        [ ÔÇª2],
        [ ÔÇª2],
        [ ÔÇª2],
        [ ÔÇª2],
        [ ÔÇª2],
        [ ÔÇª2],
        [ ÔÇª2],
        [ ÔÇª2],
        [ ÔÇª2],
        [ ÔÇª2],
        [ ÔÇª2],
        [ ÔÇª2],
        [ ÔÇª2],
        [ ÔÇª2],
        [ ÔÇª2],
        [ ÔÇª2],
        [ ÔÇª2],
        [ ÔÇª2],
        [ ÔÇª2],
        [ ÔÇª2],
        [ ÔÇª2],
        [ ÔÇª2],
        [ ÔÇª2],
        [ ÔÇª2],
        [ ÔÇª2],
        [ ÔÇª2],
        [ ÔÇª2],
        [ ÔÇª2],
        [ ÔÇª2],
        [ ÔÇª2],
        [ ÔÇª2],
        [ ÔÇª2],
        [ ÔÇª2],
        [ ÔÇª2],
        [ ÔÇª2],
        [ ÔÇª2],
        [ ÔÇª2],
        [ ÔÇª2],
        [ ÔÇª2],
        [ ÔÇª2],
        [ ÔÇª2],
        [ ÔÇª2],
        [ ÔÇª2],
        [ ÔÇª2],
        [ ÔÇª2],
        [ ÔÇª2],
        [ ÔÇª2],
        [ ÔÇª2],
        [ ÔÇª2],
        [ ÔÇª2],
        [ ÔÇª2],
        [ ÔÇª2],
        [ ÔÇª2],
        [ ÔÇª2],
        [ ÔÇª2],
        [ ÔÇª2],
        [ ÔÇª2]
      ],
      "bbox" => [
        "minY" => -20.662419319213,
        "minX" => -43.789383427185,
        "maxY" => -20.648139738812,
        "maxX" => -43.784068628677
      ],
      "name" => "R. Bar├úo de Suassu├¡, R. Santa Efig├¬nia Conselheiro Lafaiete",
      "fromName" => "Av. Prefeito M├írio Rodrigues Pereira",
      "length" => 2055,
      "jamLevel" => 2,
      "id" => "1784220834474",
      "time" => 496,
      "type" => "STATIC"
    ],
    [
      "subRoutes" => [
        [ ÔÇª8],
        [ ÔÇª8],
        [ ÔÇª8],
        [ ÔÇª8],
        [ ÔÇª8],
        [ ÔÇª8]
      ],
      "toName" => "R. Dr. Ademar Pereira de Barros",
      "historicTime" => 405,
      "line" => [
        [ ÔÇª2],
        [ ÔÇª2],
        [ ÔÇª2],
        [ ÔÇª2],
        [ ÔÇª2],
        [ ÔÇª2],
        [ ÔÇª2],
        [ ÔÇª2],
        [ ÔÇª2],
        [ ÔÇª2],
        [ ÔÇª2],
        [ ÔÇª2],
        [ ÔÇª2],
        [ ÔÇª2],
        [ ÔÇª2],
        [ ÔÇª2],
        [ ÔÇª2],
        [ ÔÇª2],
        [ ÔÇª2],
        [ ÔÇª2],
        [ ÔÇª2],
        [ ÔÇª2],
        [ ÔÇª2],
        [ ÔÇª2],
        [ ÔÇª2],
        [ ÔÇª2],
        [ ÔÇª2],
        [ ÔÇª2],
        [ ÔÇª2],
        [ ÔÇª2],
        [ ÔÇª2],
        [ ÔÇª2],
        [ ÔÇª2],
        [ ÔÇª2],
        [ ÔÇª2],
        [ ÔÇª2],
        [ ÔÇª2],
        [ ÔÇª2],
        [ ÔÇª2],
        [ ÔÇª2],
        [ ÔÇª2],
        [ ÔÇª2],
        [ ÔÇª2],
        [ ÔÇª2],
        [ ÔÇª2],
        [ ÔÇª2],
        [ ÔÇª2],
        [ ÔÇª2],
        [ ÔÇª2],
        [ ÔÇª2],
        [ ÔÇª2],
        [ ÔÇª2],
        [ ÔÇª2],
        [ ÔÇª2],
        [ ÔÇª2],
        [ ÔÇª2],
        [ ÔÇª2],
        [ ÔÇª2],
        [ ÔÇª2],
        [ ÔÇª2],
        [ ÔÇª2],
        [ ÔÇª2],
        [ ÔÇª2],
        [ ÔÇª2],
        [ ÔÇª2],
        [ ÔÇª2],
        [ ÔÇª2],
        [ ÔÇª2],
        [ ÔÇª2],
        [ ÔÇª2],
        [ ÔÇª2],
        [ ÔÇª2],
        [ ÔÇª2],
        [ ÔÇª2],
        [ ÔÇª2],
        [ ÔÇª2],
        [ ÔÇª2],
        [ ÔÇª2],
        [ ÔÇª2],
        [ ÔÇª2],
        [ ÔÇª2]
      ],
      "bbox" => [
        "minY" => -20.660497121874,
        "minX" => -43.792473581106,
        "maxY" => -20.652546940361,
        "maxX" => -43.775779050478
      ],
      "name" => "Chapada",
      "fromName" => "Av. Pref. Tel├®sforo C├óndido Resende",
      "length" => 2384,
      "jamLevel" => 2,
      "id" => "1731862058538",
      "time" => 565,
      "type" => "STATIC"
    ],
    [
      "subRoutes" => [
        [ ÔÇª8],
        [ ÔÇª8]
      ],
      "toName" => "R. Euclides Ascendino",
      "historicTime" => 195,
      "line" => [
        [ ÔÇª2],
        [ ÔÇª2],
        [ ÔÇª2],
        [ ÔÇª2],
        [ ÔÇª2],
        [ ÔÇª2],
        [ ÔÇª2],
        [ ÔÇª2],
        [ ÔÇª2],
        [ ÔÇª2],
        [ ÔÇª2],
        [ ÔÇª2],
        [ ÔÇª2],
        [ ÔÇª2],
        [ ÔÇª2],
        [ ÔÇª2],
        [ ÔÇª2],
        [ ÔÇª2],
        [ ÔÇª2],
        [ ÔÇª2],
        [ ÔÇª2],
        [ ÔÇª2],
        [ ÔÇª2],
        [ ÔÇª2],
        [ ÔÇª2],
        [ ÔÇª2],
        [ ÔÇª2],
        [ ÔÇª2],
        [ ÔÇª2],
        [ ÔÇª2],
        [ ÔÇª2],
        [ ÔÇª2],
        [ ÔÇª2],
        [ ÔÇª2],
        [ ÔÇª2],
        [ ÔÇª2]
      ],
      "bbox" => [
        "minY" => -20.659829305212,
        "minX" => -43.785012382016,
        "maxY" => -20.653457595157,
        "maxX" => -43.776101478482
      ],
      "name" => "R. Duque de Caxias",
      "fromName" => "R. Comendador Baeta Neves",
      "length" => 1212,
      "jamLevel" => 1,
      "id" => "1741861405525",
      "time" => 232,
      "type" => "STATIC"
    ],
    [
      "subRoutes" => [
        [ ÔÇª8],
        [ ÔÇª8]
      ],
      "toName" => "BR-040 Rod. Pres. Juscelino Kubitschek",
      "historicTime" => 396,
      "line" => [
        [ ÔÇª2],
        [ ÔÇª2],
        [ ÔÇª2],
        [ ÔÇª2],
        [ ÔÇª2],
        [ ÔÇª2],
        [ ÔÇª2],
        [ ÔÇª2],
        [ ÔÇª2],
        [ ÔÇª2],
        [ ÔÇª2],
        [ ÔÇª2],
        [ ÔÇª2],
        [ ÔÇª2],
        [ ÔÇª2],
        [ ÔÇª2],
        [ ÔÇª2],
        [ ÔÇª2],
        [ ÔÇª2],
        [ ÔÇª2],
        [ ÔÇª2],
        [ ÔÇª2],
        [ ÔÇª2],
        [ ÔÇª2],
        [ ÔÇª2],
        [ ÔÇª2],
        [ ÔÇª2],
        [ ÔÇª2],
        [ ÔÇª2],
        [ ÔÇª2],
        [ ÔÇª2],
        [ ÔÇª2],
        [ ÔÇª2],
        [ ÔÇª2],
        [ ÔÇª2],
        [ ÔÇª2],
        [ ÔÇª2],
        [ ÔÇª2],
        [ ÔÇª2],
        [ ÔÇª2],
        [ ÔÇª2],
        [ ÔÇª2],
        [ ÔÇª2],
        [ ÔÇª2],
        [ ÔÇª2],
        [ ÔÇª2],
        [ ÔÇª2],
        [ ÔÇª2],
        [ ÔÇª2],
        [ ÔÇª2],
        [ ÔÇª2],
        [ ÔÇª2],
        [ ÔÇª2],
        [ ÔÇª2],
        [ ÔÇª2],
        [ ÔÇª2],
        [ ÔÇª2],
        [ ÔÇª2],
        [ ÔÇª2],
        [ ÔÇª2],
        [ ÔÇª2],
        [ ÔÇª2],
        [ ÔÇª2],
        [ ÔÇª2],
        [ ÔÇª2],
        [ ÔÇª2],
        [ ÔÇª2],
        [ ÔÇª2],
        [ ÔÇª2],
        [ ÔÇª2],
        [ ÔÇª2],
        [ ÔÇª2],
        [ ÔÇª2],
        [ ÔÇª2],
        [ ÔÇª2],
        [ ÔÇª2],
        [ ÔÇª2],
        [ ÔÇª2],
        [ ÔÇª2],
        [ ÔÇª2],
        [ ÔÇª2],
        [ ÔÇª2],
        [ ÔÇª2],
        [ ÔÇª2],
        [ ÔÇª2],
        [ ÔÇª2],
        [ ÔÇª2],
        [ ÔÇª2],
        [ ÔÇª2],
        [ ÔÇª2],
        [ ÔÇª2],
        [ ÔÇª2],
        [ ÔÇª2],
        [ ÔÇª2],
        [ ÔÇª2],
        [ ÔÇª2],
        [ ÔÇª2],
        [ ÔÇª2],
        [ ÔÇª2],
        [ ÔÇª2],
        [ ÔÇª2],
        [ ÔÇª2],
        [ ÔÇª2],
        [ ÔÇª2],
        [ ÔÇª2],
        [ ÔÇª2],
        [ ÔÇª2],
        [ ÔÇª2],
        [ ÔÇª2],
        [ ÔÇª2],
        [ ÔÇª2],
        [ ÔÇª2],
        [ ÔÇª2],
        [ ÔÇª2],
        [ ÔÇª2],
        [ ÔÇª2],
        [ ÔÇª2],
        [ ÔÇª2],
        [ ÔÇª2],
        [ ÔÇª2],
        [ ÔÇª2],
        [ ÔÇª2],
        [ ÔÇª2],
        [ ÔÇª2],
        [ ÔÇª2],
        [ ÔÇª2],
        [ ÔÇª2],
        [ ÔÇª2],
        [ ÔÇª2],
        [ ÔÇª2],
        [ ÔÇª2],
        [ ÔÇª2],
        [ ÔÇª2],
        [ ÔÇª2],
        [ ÔÇª2],
        [ ÔÇª2],
        [ ÔÇª2]
      ],
      "bbox" => [
        "minY" => -20.661043165193,
        "minX" => -43.807770812451,
        "maxY" => -20.655036703295,
        "maxX" => -43.785082461981
      ],
      "name" => "SAIDA BH S├âO SEBASTIAO",
      "fromName" => "P├º. Bar├úo de Queluz",
      "length" => 2998,
      "jamLevel" => 1,
      "id" => "1722022684687",
      "time" => 529,
      "type" => "STATIC"
    ],
    [
      "subRoutes" => [],
      "toName" => "R. Jos├® Martins",
      "historicTime" => 443,
      "line" => [
        [ ÔÇª2],
        [ ÔÇª2],
        [ ÔÇª2],
        [ ÔÇª2],
        [ ÔÇª2],
        [ ÔÇª2],
        [ ÔÇª2],
        [ ÔÇª2],
        [ ÔÇª2],
        [ ÔÇª2],
        [ ÔÇª2],
        [ ÔÇª2],
        [ ÔÇª2],
        [ ÔÇª2],
        [ ÔÇª2],
        [ ÔÇª2],
        [ ÔÇª2],
        [ ÔÇª2],
        [ ÔÇª2],
        [ ÔÇª2],
        [ ÔÇª2],
        [ ÔÇª2],
        [ ÔÇª2],
        [ ÔÇª2],
        [ ÔÇª2],
        [ ÔÇª2],
        [ ÔÇª2],
        [ ÔÇª2],
        [ ÔÇª2],
        [ ÔÇª2],
        [ ÔÇª2],
        [ ÔÇª2],
        [ ÔÇª2],
        [ ÔÇª2],
        [ ÔÇª2],
        [ ÔÇª2],
        [ ÔÇª2],
        [ ÔÇª2],
        [ ÔÇª2],
        [ ÔÇª2],
        [ ÔÇª2],
        [ ÔÇª2],
        [ ÔÇª2],
        [ ÔÇª2],
        [ ÔÇª2],
        [ ÔÇª2],
        [ ÔÇª2],
        [ ÔÇª2],
        [ ÔÇª2],
        [ ÔÇª2],
        [ ÔÇª2],
        [ ÔÇª2],
        [ ÔÇª2],
        [ ÔÇª2],
        [ ÔÇª2],
        [ ÔÇª2],
        [ ÔÇª2],
        [ ÔÇª2],
        [ ÔÇª2],
        [ ÔÇª2],
        [ ÔÇª2],
        [ ÔÇª2],
        [ ÔÇª2],
        [ ÔÇª2],
        [ ÔÇª2],
        [ ÔÇª2],
        [ ÔÇª2],
        [ ÔÇª2],
        [ ÔÇª2],
        [ ÔÇª2],
        [ ÔÇª2],
        [ ÔÇª2],
        [ ÔÇª2],
        [ ÔÇª2],
        [ ÔÇª2],
        [ ÔÇª2],
        [ ÔÇª2],
        [ ÔÇª2],
        [ ÔÇª2],
        [ ÔÇª2],
        [ ÔÇª2],
        [ ÔÇª2],
        [ ÔÇª2],
        [ ÔÇª2],
        [ ÔÇª2],
        [ ÔÇª2],
        [ ÔÇª2],
        [ ÔÇª2],
        [ ÔÇª2],
        [ ÔÇª2],
        [ ÔÇª2],
        [ ÔÇª2],
        [ ÔÇª2],
        [ ÔÇª2],
        [ ÔÇª2],
        [ ÔÇª2],
        [ ÔÇª2],
        [ ÔÇª2],
        [ ÔÇª2],
        [ ÔÇª2],
        [ ÔÇª2],
        [ ÔÇª2],
        [ ÔÇª2],
        [ ÔÇª2],
        [ ÔÇª2],
        [ ÔÇª2],
        [ ÔÇª2],
        [ ÔÇª2],
        [ ÔÇª2],
        [ ÔÇª2],
        [ ÔÇª2],
        [ ÔÇª2],
        [ ÔÇª2],
        [ ÔÇª2],
        [ ÔÇª2],
        [ ÔÇª2],
        [ ÔÇª2],
        [ ÔÇª2]
      ],
      "bbox" => [
        "minY" => -20.660946415959,
        "minX" => -43.801251890064,
        "maxY" => -20.649767845196,
        "maxX" => -43.785082461981
      ],
      "name" => "Centro Cachoeira",
      "fromName" => "P├º. Bar├úo de Queluz",
      "length" => 3016,
      "jamLevel" => 1,
      "id" => "1734959125612",
      "time" => 567,
      "type" => "STATIC"
    ],
    [
      "subRoutes" => [],
      "toName" => "Av. Pref. M├írio Rodrigues Pereira",
      "historicTime" => 485,
      "line" => [
        [ ÔÇª2],
        [ ÔÇª2],
        [ ÔÇª2],
        [ ÔÇª2],
        [ ÔÇª2],
        [ ÔÇª2],
        [ ÔÇª2],
        [ ÔÇª2],
        [ ÔÇª2],
        [ ÔÇª2],
        [ ÔÇª2],
        [ ÔÇª2],
        [ ÔÇª2],
        [ ÔÇª2],
        [ ÔÇª2],
        [ ÔÇª2],
        [ ÔÇª2],
        [ ÔÇª2],
        [ ÔÇª2],
        [ ÔÇª2],
        [ ÔÇª2],
        [ ÔÇª2],
        [ ÔÇª2],
        [ ÔÇª2],
        [ ÔÇª2],
        [ ÔÇª2],
        [ ÔÇª2],
        [ ÔÇª2],
        [ ÔÇª2],
        [ ÔÇª2],
        [ ÔÇª2],
        [ ÔÇª2],
        [ ÔÇª2],
        [ ÔÇª2],
        [ ÔÇª2],
        [ ÔÇª2],
        [ ÔÇª2],
        [ ÔÇª2],
        [ ÔÇª2],
        [ ÔÇª2],
        [ ÔÇª2],
        [ ÔÇª2],
        [ ÔÇª2],
        [ ÔÇª2],
        [ ÔÇª2],
        [ ÔÇª2],
        [ ÔÇª2],
        [ ÔÇª2],
        [ ÔÇª2],
        [ ÔÇª2],
        [ ÔÇª2],
        [ ÔÇª2],
        [ ÔÇª2],
        [ ÔÇª2],
        [ ÔÇª2],
        [ ÔÇª2],
        [ ÔÇª2],
        [ ÔÇª2],
        [ ÔÇª2],
        [ ÔÇª2],
        [ ÔÇª2],
        [ ÔÇª2],
        [ ÔÇª2],
        [ ÔÇª2],
        [ ÔÇª2],
        [ ÔÇª2],
        [ ÔÇª2],
        [ ÔÇª2],
        [ ÔÇª2],
        [ ÔÇª2],
        [ ÔÇª2],
        [ ÔÇª2],
        [ ÔÇª2],
        [ ÔÇª2],
        [ ÔÇª2],
        [ ÔÇª2],
        [ ÔÇª2],
        [ ÔÇª2],
        [ ÔÇª2],
        [ ÔÇª2],
        [ ÔÇª2],
        [ ÔÇª2],
        [ ÔÇª2],
        [ ÔÇª2],
        [ ÔÇª2],
        [ ÔÇª2],
        [ ÔÇª2],
        [ ÔÇª2],
        [ ÔÇª2],
        [ ÔÇª2],
        [ ÔÇª2],
        [ ÔÇª2],
        [ ÔÇª2],
        [ ÔÇª2],
        [ ÔÇª2],
        [ ÔÇª2],
        [ ÔÇª2],
        [ ÔÇª2],
        [ ÔÇª2],
        [ ÔÇª2],
        [ ÔÇª2],
        [ ÔÇª2],
        [ ÔÇª2],
        [ ÔÇª2],
        [ ÔÇª2],
        [ ÔÇª2],
        [ ÔÇª2],
        [ ÔÇª2],
        [ ÔÇª2],
        [ ÔÇª2],
        [ ÔÇª2],
        [ ÔÇª2],
        [ ÔÇª2],
        [ ÔÇª2],
        [ ÔÇª2],
        [ ÔÇª2],
        [ ÔÇª2],
        [ ÔÇª2],
        [ ÔÇª2],
        [ ÔÇª2],
        [ ÔÇª2],
        [ ÔÇª2],
        [ ÔÇª2],
        [ ÔÇª2],
        [ ÔÇª2],
        [ ÔÇª2],
        [ ÔÇª2],
        [ ÔÇª2],
        [ ÔÇª2]
      ],
      "bbox" => [
        "minY" => -20.66451309194,
        "minX" => -43.801356974978,
        "maxY" => -20.648398456157,
        "maxX" => -43.787569067601
      ],
      "name" => "Cachoeira Centro",
      "fromName" => "R. Ant├┤nio Aureliano de Rezende",
      "length" => 3153,
      "jamLevel" => 1,
      "id" => "1734959326165",
      "time" => 610,
      "type" => "STATIC"
    ],
    [
      "subRoutes" => [
        [ ÔÇª8],
        [ ÔÇª8],
        [ ÔÇª8]
      ],
      "toName" => "R. Jos├® Oliveira Bruno",
      "historicTime" => 617,
      "line" => [
        [ ÔÇª2],
        [ ÔÇª2],
        [ ÔÇª2],
        [ ÔÇª2],
        [ ÔÇª2],
        [ ÔÇª2],
        [ ÔÇª2],
        [ ÔÇª2],
        [ ÔÇª2],
        [ ÔÇª2],
        [ ÔÇª2],
        [ ÔÇª2],
        [ ÔÇª2],
        [ ÔÇª2],
        [ ÔÇª2],
        [ ÔÇª2],
        [ ÔÇª2],
        [ ÔÇª2],
        [ ÔÇª2],
        [ ÔÇª2],
        [ ÔÇª2],
        [ ÔÇª2],
        [ ÔÇª2],
        [ ÔÇª2],
        [ ÔÇª2],
        [ ÔÇª2],
        [ ÔÇª2],
        [ ÔÇª2],
        [ ÔÇª2],
        [ ÔÇª2],
        [ ÔÇª2],
        [ ÔÇª2],
        [ ÔÇª2],
        [ ÔÇª2],
        [ ÔÇª2],
        [ ÔÇª2],
        [ ÔÇª2],
        [ ÔÇª2],
        [ ÔÇª2],
        [ ÔÇª2],
        [ ÔÇª2],
        [ ÔÇª2],
        [ ÔÇª2],
        [ ÔÇª2],
        [ ÔÇª2],
        [ ÔÇª2],
        [ ÔÇª2],
        [ ÔÇª2],
        [ ÔÇª2],
        [ ÔÇª2],
        [ ÔÇª2],
        [ ÔÇª2],
        [ ÔÇª2],
        [ ÔÇª2],
        [ ÔÇª2],
        [ ÔÇª2],
        [ ÔÇª2],
        [ ÔÇª2],
        [ ÔÇª2],
        [ ÔÇª2],
        [ ÔÇª2],
        [ ÔÇª2],
        [ ÔÇª2],
        [ ÔÇª2],
        [ ÔÇª2],
        [ ÔÇª2],
        [ ÔÇª2],
        [ ÔÇª2],
        [ ÔÇª2],
        [ ÔÇª2],
        [ ÔÇª2],
        [ ÔÇª2],
        [ ÔÇª2],
        [ ÔÇª2],
        [ ÔÇª2],
        [ ÔÇª2],
        [ ÔÇª2],
        [ ÔÇª2],
        [ ÔÇª2],
        [ ÔÇª2],
        [ ÔÇª2],
        [ ÔÇª2],
        [ ÔÇª2],
        [ ÔÇª2],
        [ ÔÇª2],
        [ ÔÇª2],
        [ ÔÇª2],
        [ ÔÇª2],
        [ ÔÇª2],
        [ ÔÇª2],
        [ ÔÇª2],
        [ ÔÇª2],
        [ ÔÇª2],
        [ ÔÇª2],
        [ ÔÇª2],
        [ ÔÇª2],
        [ ÔÇª2],
        [ ÔÇª2],
        [ ÔÇª2],
        [ ÔÇª2],
        [ ÔÇª2],
        [ ÔÇª2],
        [ ÔÇª2],
        [ ÔÇª2],
        [ ÔÇª2],
        [ ÔÇª2],
        [ ÔÇª2],
        [ ÔÇª2],
        [ ÔÇª2],
        [ ÔÇª2],
        [ ÔÇª2],
        [ ÔÇª2],
        [ ÔÇª2],
        [ ÔÇª2],
        [ ÔÇª2],
        [ ÔÇª2],
        [ ÔÇª2],
        [ ÔÇª2],
        [ ÔÇª2],
        [ ÔÇª2],
        [ ÔÇª2],
        [ ÔÇª2],
        [ ÔÇª2],
        [ ÔÇª2],
        [ ÔÇª2],
        [ ÔÇª2],
        [ ÔÇª2],
        [ ÔÇª2],
        [ ÔÇª2],
        [ ÔÇª2],
        [ ÔÇª2],
        [ ÔÇª2],
        [ ÔÇª2],
        [ ÔÇª2],
        [ ÔÇª2],
        [ ÔÇª2]
      ],
      "bbox" => [
        "minY" => -20.679209700171,
        "minX" => -43.792594450495,
        "maxY" => -20.658949248119,
        "maxX" => -43.773040663035
      ],
      "name" => "S├úo Joao Sion",
      "fromName" => "Av. Pref. Tel├®sforo C├óndido Resende",
      "length" => 3777,
      "jamLevel" => 1,
      "id" => "1731862148600",
      "time" => 809,
      "type" => "STATIC"
    ],
    [
      "subRoutes" => [
        [ ÔÇª8],
        [ ÔÇª8]
      ],
      "toName" => "R. Duque de Caxias",
      "historicTime" => 431,
      "line" => [
        [ ÔÇª2],
        [ ÔÇª2],
        [ ÔÇª2],
        [ ÔÇª2],
        [ ÔÇª2],
        [ ÔÇª2],
        [ ÔÇª2],
        [ ÔÇª2],
        [ ÔÇª2],
        [ ÔÇª2],
        [ ÔÇª2],
        [ ÔÇª2],
        [ ÔÇª2],
        [ ÔÇª2],
        [ ÔÇª2],
        [ ÔÇª2],
        [ ÔÇª2],
        [ ÔÇª2],
        [ ÔÇª2],
        [ ÔÇª2],
        [ ÔÇª2],
        [ ÔÇª2],
        [ ÔÇª2],
        [ ÔÇª2],
        [ ÔÇª2],
        [ ÔÇª2],
        [ ÔÇª2],
        [ ÔÇª2],
        [ ÔÇª2],
        [ ÔÇª2],
        [ ÔÇª2],
        [ ÔÇª2],
        [ ÔÇª2],
        [ ÔÇª2],
        [ ÔÇª2],
        [ ÔÇª2],
        [ ÔÇª2],
        [ ÔÇª2],
        [ ÔÇª2],
        [ ÔÇª2],
        [ ÔÇª2],
        [ ÔÇª2],
        [ ÔÇª2],
        [ ÔÇª2],
        [ ÔÇª2],
        [ ÔÇª2],
        [ ÔÇª2],
        [ ÔÇª2],
        [ ÔÇª2],
        [ ÔÇª2],
        [ ÔÇª2],
        [ ÔÇª2],
        [ ÔÇª2],
        [ ÔÇª2],
        [ ÔÇª2],
        [ ÔÇª2],
        [ ÔÇª2],
        [ ÔÇª2],
        [ ÔÇª2],
        [ ÔÇª2],
        [ ÔÇª2],
        [ ÔÇª2],
        [ ÔÇª2],
        [ ÔÇª2],
        [ ÔÇª2],
        [ ÔÇª2],
        [ ÔÇª2],
        [ ÔÇª2],
        [ ÔÇª2],
        [ ÔÇª2],
        [ ÔÇª2],
        [ ÔÇª2],
        [ ÔÇª2],
        [ ÔÇª2],
        [ ÔÇª2],
        [ ÔÇª2],
        [ ÔÇª2],
        [ ÔÇª2],
        [ ÔÇª2],
        [ ÔÇª2],
        [ ÔÇª2],
        [ ÔÇª2],
        [ ÔÇª2],
        [ ÔÇª2],
        [ ÔÇª2]
      ],
      "bbox" => [
        "minY" => -20.661043165193,
        "minX" => -43.786600836515,
        "maxY" => -20.642221917178,
        "maxX" => -43.770434145624
      ],
      "name" => "R. Duque de Caxias Final Morro da Mina",
      "fromName" => "P├º. Bar├úo de Queluz",
      "length" => 2845,
      "jamLevel" => 1,
      "id" => "1741874735158",
      "time" => 532,
      "type" => "STATIC"
    ],
    [
      "subRoutes" => [],
      "toName" => "Av. Prof. Manoel Martins",
      "historicTime" => 334,
      "line" => [
        [ ÔÇª2],
        [ ÔÇª2],
        [ ÔÇª2],
        [ ÔÇª2],
        [ ÔÇª2],
        [ ÔÇª2],
        [ ÔÇª2],
        [ ÔÇª2],
        [ ÔÇª2],
        [ ÔÇª2],
        [ ÔÇª2],
        [ ÔÇª2],
        [ ÔÇª2],
        [ ÔÇª2],
        [ ÔÇª2],
        [ ÔÇª2],
        [ ÔÇª2],
        [ ÔÇª2],
        [ ÔÇª2],
        [ ÔÇª2],
        [ ÔÇª2],
        [ ÔÇª2],
        [ ÔÇª2],
        [ ÔÇª2],
        [ ÔÇª2],
        [ ÔÇª2],
        [ ÔÇª2],
        [ ÔÇª2],
        [ ÔÇª2],
        [ ÔÇª2],
        [ ÔÇª2],
        [ ÔÇª2],
        [ ÔÇª2],
        [ ÔÇª2],
        [ ÔÇª2],
        [ ÔÇª2],
        [ ÔÇª2],
        [ ÔÇª2],
        [ ÔÇª2],
        [ ÔÇª2],
        [ ÔÇª2],
        [ ÔÇª2],
        [ ÔÇª2],
        [ ÔÇª2],
        [ ÔÇª2],
        [ ÔÇª2],
        [ ÔÇª2],
        [ ÔÇª2],
        [ ÔÇª2],
        [ ÔÇª2],
        [ ÔÇª2],
        [ ÔÇª2],
        [ ÔÇª2],
        [ ÔÇª2],
        [ ÔÇª2],
        [ ÔÇª2],
        [ ÔÇª2],
        [ ÔÇª2],
        [ ÔÇª2],
        [ ÔÇª2],
        [ ÔÇª2],
        [ ÔÇª2],
        [ ÔÇª2],
        [ ÔÇª2],
        [ ÔÇª2],
        [ ÔÇª2],
        [ ÔÇª2],
        [ ÔÇª2],
        [ ÔÇª2],
        [ ÔÇª2],
        [ ÔÇª2],
        [ ÔÇª2],
        [ ÔÇª2],
        [ ÔÇª2],
        [ ÔÇª2],
        [ ÔÇª2],
        [ ÔÇª2],
        [ ÔÇª2],
        [ ÔÇª2],
        [ ÔÇª2],
        [ ÔÇª2],
        [ ÔÇª2],
        [ ÔÇª2],
        [ ÔÇª2],
        [ ÔÇª2],
        [ ÔÇª2],
        [ ÔÇª2],
        [ ÔÇª2],
        [ ÔÇª2],
        [ ÔÇª2],
        [ ÔÇª2],
        [ ÔÇª2],
        [ ÔÇª2],
        [ ÔÇª2],
        [ ÔÇª2],
        [ ÔÇª2],
        [ ÔÇª2],
        [ ÔÇª2],
        [ ÔÇª2],
        [ ÔÇª2],
        [ ÔÇª2],
        [ ÔÇª2],
        [ ÔÇª2],
        [ ÔÇª2],
        [ ÔÇª2],
        [ ÔÇª2],
        [ ÔÇª2],
        [ ÔÇª2],
        [ ÔÇª2],
        [ ÔÇª2],
        [ ÔÇª2],
        [ ÔÇª2],
        [ ÔÇª2]
      ],
      "bbox" => [
        "minY" => -20.658537157658,
        "minX" => -43.792563503288,
        "maxY" => -20.638116375141,
        "maxX" => -43.788454357373
      ],
      "name" => "Entrada de OB a Rodoviaria",
      "fromName" => "MG-129 Rod. Eng. Ary Belis├írio",
      "length" => 2607,
      "jamLevel" => 1,
      "id" => "1718114239669",
      "time" => 410,
      "type" => "STATIC"
    ],
    [
      "subRoutes" => [
        [ ÔÇª8],
        [ ÔÇª8],
        [ ÔÇª8]
      ],
      "historicTime" => 526,
      "line" => [
        [ ÔÇª2],
        [ ÔÇª2],
        [ ÔÇª2],
        [ ÔÇª2],
        [ ÔÇª2],
        [ ÔÇª2],
        [ ÔÇª2],
        [ ÔÇª2],
        [ ÔÇª2],
        [ ÔÇª2],
        [ ÔÇª2],
        [ ÔÇª2],
        [ ÔÇª2],
        [ ÔÇª2],
        [ ÔÇª2],
        [ ÔÇª2],
        [ ÔÇª2],
        [ ÔÇª2],
        [ ÔÇª2],
        [ ÔÇª2],
        [ ÔÇª2],
        [ ÔÇª2],
        [ ÔÇª2],
        [ ÔÇª2],
        [ ÔÇª2],
        [ ÔÇª2],
        [ ÔÇª2],
        [ ÔÇª2],
        [ ÔÇª2],
        [ ÔÇª2],
        [ ÔÇª2],
        [ ÔÇª2],
        [ ÔÇª2],
        [ ÔÇª2],
        [ ÔÇª2],
        [ ÔÇª2],
        [ ÔÇª2],
        [ ÔÇª2],
        [ ÔÇª2],
        [ ÔÇª2],
        [ ÔÇª2],
        [ ÔÇª2],
        [ ÔÇª2],
        [ ÔÇª2],
        [ ÔÇª2],
        [ ÔÇª2],
        [ ÔÇª2],
        [ ÔÇª2],
        [ ÔÇª2],
        [ ÔÇª2],
        [ ÔÇª2],
        [ ÔÇª2],
        [ ÔÇª2],
        [ ÔÇª2],
        [ ÔÇª2],
        [ ÔÇª2],
        [ ÔÇª2],
        [ ÔÇª2],
        [ ÔÇª2],
        [ ÔÇª2],
        [ ÔÇª2],
        [ ÔÇª2],
        [ ÔÇª2],
        [ ÔÇª2],
        [ ÔÇª2],
        [ ÔÇª2],
        [ ÔÇª2],
        [ ÔÇª2],
        [ ÔÇª2],
        [ ÔÇª2],
        [ ÔÇª2],
        [ ÔÇª2],
        [ ÔÇª2],
        [ ÔÇª2],
        [ ÔÇª2],
        [ ÔÇª2],
        [ ÔÇª2],
        [ ÔÇª2],
        [ ÔÇª2],
        [ ÔÇª2],
        [ ÔÇª2],
        [ ÔÇª2],
        [ ÔÇª2],
        [ ÔÇª2],
        [ ÔÇª2],
        [ ÔÇª2],
        [ ÔÇª2],
        [ ÔÇª2],
        [ ÔÇª2],
        [ ÔÇª2],
        [ ÔÇª2],
        [ ÔÇª2],
        [ ÔÇª2],
        [ ÔÇª2],
        [ ÔÇª2],
        [ ÔÇª2],
        [ ÔÇª2],
        [ ÔÇª2],
        [ ÔÇª2],
        [ ÔÇª2],
        [ ÔÇª2],
        [ ÔÇª2],
        [ ÔÇª2],
        [ ÔÇª2],
        [ ÔÇª2],
        [ ÔÇª2],
        [ ÔÇª2],
        [ ÔÇª2],
        [ ÔÇª2],
        [ ÔÇª2],
        [ ÔÇª2],
        [ ÔÇª2],
        [ ÔÇª2],
        [ ÔÇª2],
        [ ÔÇª2],
        [ ÔÇª2],
        [ ÔÇª2],
        [ ÔÇª2],
        [ ÔÇª2],
        [ ÔÇª2],
        [ ÔÇª2],
        [ ÔÇª2],
        [ ÔÇª2],
        [ ÔÇª2],
        [ ÔÇª2],
        [ ÔÇª2],
        [ ÔÇª2],
        [ ÔÇª2],
        [ ÔÇª2],
        [ ÔÇª2],
        [ ÔÇª2],
        [ ÔÇª2],
        [ ÔÇª2],
        [ ÔÇª2],
        [ ÔÇª2],
        [ ÔÇª2],
        [ ÔÇª2],
        [ ÔÇª2],
        [ ÔÇª2],
        [ ÔÇª2],
        [ ÔÇª2],
        [ ÔÇª2],
        [ ÔÇª2],
        [ ÔÇª2],
        [ ÔÇª2],
        [ ÔÇª2],
        [ ÔÇª2],
        [ ÔÇª2],
        [ ÔÇª2],
        [ ÔÇª2],
        [ ÔÇª2],
        [ ÔÇª2],
        [ ÔÇª2],
        [ ÔÇª2],
        [ ÔÇª2],
        [ ÔÇª2],
        [ ÔÇª2],
        [ ÔÇª2],
        [ ÔÇª2],
        [ ÔÇª2],
        [ ÔÇª2],
        [ ÔÇª2],
        [ ÔÇª2],
        [ ÔÇª2],
        [ ÔÇª2],
        [ ÔÇª2],
        [ ÔÇª2],
        [ ÔÇª2],
        [ ÔÇª2]
      ],
      "bbox" => [
        "minY" => -20.688348370511,
        "minX" => -43.79574804303,
        "maxY" => -20.660936891602,
        "maxX" => -43.784312160834
      ],
      "length" => 3468,
      "type" => "STATIC",
      "alternateRoute" => [
        "historicTime" => 458,
        "line" => [ ÔÇª128],
        "name" => "R. Lopes Franco, BR-040 Rod. Pres. Juscelino Kubitschek Conselheiro Lafaiete",
        "length" => 3905,
        "jamLevel" => 0,
        "time" => 545
      ],
      "toName" => "Sa├¡da 633",
      "name" => "Saindo Por Santa Matilde",
      "fromName" => "R. Comendador Lal├úo",
      "jamLevel" => 1,
      "id" => "1741874777850",
      "time" => 716
    ],
    [
      "subRoutes" => [
        [ ÔÇª8],
        [ ÔÇª8]
      ],
      "toName" => "MG-129 Rod. Eng. Ary Belis├írio",
      "historicTime" => 389,
      "line" => [
        [ ÔÇª2],
        [ ÔÇª2],
        [ ÔÇª2],
        [ ÔÇª2],
        [ ÔÇª2],
        [ ÔÇª2],
        [ ÔÇª2],
        [ ÔÇª2],
        [ ÔÇª2],
        [ ÔÇª2],
        [ ÔÇª2],
        [ ÔÇª2],
        [ ÔÇª2],
        [ ÔÇª2],
        [ ÔÇª2],
        [ ÔÇª2],
        [ ÔÇª2],
        [ ÔÇª2],
        [ ÔÇª2],
        [ ÔÇª2],
        [ ÔÇª2],
        [ ÔÇª2],
        [ ÔÇª2],
        [ ÔÇª2],
        [ ÔÇª2],
        [ ÔÇª2],
        [ ÔÇª2],
        [ ÔÇª2],
        [ ÔÇª2],
        [ ÔÇª2],
        [ ÔÇª2],
        [ ÔÇª2],
        [ ÔÇª2],
        [ ÔÇª2],
        [ ÔÇª2],
        [ ÔÇª2],
        [ ÔÇª2],
        [ ÔÇª2],
        [ ÔÇª2],
        [ ÔÇª2],
        [ ÔÇª2],
        [ ÔÇª2],
        [ ÔÇª2],
        [ ÔÇª2],
        [ ÔÇª2],
        [ ÔÇª2],
        [ ÔÇª2],
        [ ÔÇª2],
        [ ÔÇª2],
        [ ÔÇª2],
        [ ÔÇª2],
        [ ÔÇª2],
        [ ÔÇª2],
        [ ÔÇª2],
        [ ÔÇª2],
        [ ÔÇª2],
        [ ÔÇª2],
        [ ÔÇª2],
        [ ÔÇª2],
        [ ÔÇª2],
        [ ÔÇª2],
        [ ÔÇª2],
        [ ÔÇª2],
        [ ÔÇª2],
        [ ÔÇª2],
        [ ÔÇª2],
        [ ÔÇª2],
        [ ÔÇª2],
        [ ÔÇª2],
        [ ÔÇª2],
        [ ÔÇª2],
        [ ÔÇª2],
        [ ÔÇª2],
        [ ÔÇª2],
        [ ÔÇª2],
        [ ÔÇª2],
        [ ÔÇª2],
        [ ÔÇª2],
        [ ÔÇª2],
        [ ÔÇª2],
        [ ÔÇª2],
        [ ÔÇª2],
        [ ÔÇª2],
        [ ÔÇª2],
        [ ÔÇª2],
        [ ÔÇª2],
        [ ÔÇª2],
        [ ÔÇª2],
        [ ÔÇª2],
        [ ÔÇª2],
        [ ÔÇª2],
        [ ÔÇª2],
        [ ÔÇª2],
        [ ÔÇª2],
        [ ÔÇª2],
        [ ÔÇª2],
        [ ÔÇª2],
        [ ÔÇª2],
        [ ÔÇª2],
        [ ÔÇª2],
        [ ÔÇª2],
        [ ÔÇª2],
        [ ÔÇª2],
        [ ÔÇª2],
        [ ÔÇª2],
        [ ÔÇª2],
        [ ÔÇª2],
        [ ÔÇª2]
      ],
      "bbox" => [
        "minY" => -20.661030123928,
        "minX" => -43.791841201593,
        "maxY" => -20.642401147095,
        "maxX" => -43.784300480663
      ],
      "name" => "Saindo OB",
      "fromName" => "P├º. Bar├úo de Queluz",
      "length" => 2553,
      "jamLevel" => 1,
      "id" => "1741874698490",
      "time" => 492,
      "type" => "STATIC"
    ],
    [
      "subRoutes" => [
        [ ÔÇª8],
        [ ÔÇª8],
        [ ÔÇª8],
        [ ÔÇª8],
        [ ÔÇª8],
        [ ÔÇª8]
      ],
      "toName" => "R. Ney Franco",
      "historicTime" => 650,
      "line" => [
        [ ÔÇª2],
        [ ÔÇª2],
        [ ÔÇª2],
        [ ÔÇª2],
        [ ÔÇª2],
        [ ÔÇª2],
        [ ÔÇª2],
        [ ÔÇª2],
        [ ÔÇª2],
        [ ÔÇª2],
        [ ÔÇª2],
        [ ÔÇª2],
        [ ÔÇª2],
        [ ÔÇª2],
        [ ÔÇª2],
        [ ÔÇª2],
        [ ÔÇª2],
        [ ÔÇª2],
        [ ÔÇª2],
        [ ÔÇª2],
        [ ÔÇª2],
        [ ÔÇª2],
        [ ÔÇª2],
        [ ÔÇª2],
        [ ÔÇª2],
        [ ÔÇª2],
        [ ÔÇª2],
        [ ÔÇª2],
        [ ÔÇª2],
        [ ÔÇª2],
        [ ÔÇª2],
        [ ÔÇª2],
        [ ÔÇª2],
        [ ÔÇª2],
        [ ÔÇª2],
        [ ÔÇª2],
        [ ÔÇª2],
        [ ÔÇª2],
        [ ÔÇª2],
        [ ÔÇª2],
        [ ÔÇª2],
        [ ÔÇª2],
        [ ÔÇª2],
        [ ÔÇª2],
        [ ÔÇª2],
        [ ÔÇª2],
        [ ÔÇª2],
        [ ÔÇª2],
        [ ÔÇª2],
        [ ÔÇª2],
        [ ÔÇª2],
        [ ÔÇª2],
        [ ÔÇª2],
        [ ÔÇª2],
        [ ÔÇª2],
        [ ÔÇª2],
        [ ÔÇª2],
        [ ÔÇª2],
        [ ÔÇª2],
        [ ÔÇª2],
        [ ÔÇª2],
        [ ÔÇª2],
        [ ÔÇª2],
        [ ÔÇª2],
        [ ÔÇª2],
        [ ÔÇª2],
        [ ÔÇª2],
        [ ÔÇª2],
        [ ÔÇª2],
        [ ÔÇª2],
        [ ÔÇª2],
        [ ÔÇª2],
        [ ÔÇª2],
        [ ÔÇª2],
        [ ÔÇª2],
        [ ÔÇª2],
        [ ÔÇª2],
        [ ÔÇª2],
        [ ÔÇª2],
        [ ÔÇª2],
        [ ÔÇª2],
        [ ÔÇª2],
        [ ÔÇª2],
        [ ÔÇª2],
        [ ÔÇª2],
        [ ÔÇª2],
        [ ÔÇª2],
        [ ÔÇª2],
        [ ÔÇª2],
        [ ÔÇª2],
        [ ÔÇª2],
        [ ÔÇª2],
        [ ÔÇª2],
        [ ÔÇª2],
        [ ÔÇª2],
        [ ÔÇª2],
        [ ÔÇª2],
        [ ÔÇª2],
        [ ÔÇª2],
        [ ÔÇª2],
        [ ÔÇª2],
        [ ÔÇª2],
        [ ÔÇª2],
        [ ÔÇª2],
        [ ÔÇª2],
        [ ÔÇª2],
        [ ÔÇª2],
        [ ÔÇª2],
        [ ÔÇª2],
        [ ÔÇª2],
        [ ÔÇª2],
        [ ÔÇª2],
        [ ÔÇª2],
        [ ÔÇª2],
        [ ÔÇª2],
        [ ÔÇª2],
        [ ÔÇª2],
        [ ÔÇª2],
        [ ÔÇª2],
        [ ÔÇª2],
        [ ÔÇª2],
        [ ÔÇª2],
        [ ÔÇª2],
        [ ÔÇª2],
        [ ÔÇª2],
        [ ÔÇª2],
        [ ÔÇª2],
        [ ÔÇª2],
        [ ÔÇª2],
        [ ÔÇª2],
        [ ÔÇª2],
        [ ÔÇª2],
        [ ÔÇª2],
        [ ÔÇª2],
        [ ÔÇª2],
        [ ÔÇª2],
        [ ÔÇª2],
        [ ÔÇª2],
        [ ÔÇª2],
        [ ÔÇª2],
        [ ÔÇª2],
        [ ÔÇª2],
        [ ÔÇª2],
        [ ÔÇª2],
        [ ÔÇª2],
        [ ÔÇª2]
      ],
      "bbox" => [
        "minY" => -20.678800606762,
        "minX" => -43.792557080281,
        "maxY" => -20.658802310211,
        "maxX" => -43.764072654272
      ],
      "name" => "Moinhos Francisco Lobo",
      "fromName" => "Av. Pref. Tel├®sforo C├óndido Resende",
      "length" => 4555,
      "jamLevel" => 1,
      "id" => "1731862202020",
      "time" => 858,
      "type" => "STATIC"
    ],
    [
      "subRoutes" => [],
      "toName" => "R. Val├®rio Eug├¬nio",
      "historicTime" => 42,
      "line" => [
        [ ÔÇª2],
        [ ÔÇª2],
        [ ÔÇª2],
        [ ÔÇª2],
        [ ÔÇª2],
        [ ÔÇª2],
        [ ÔÇª2],
        [ ÔÇª2],
        [ ÔÇª2],
        [ ÔÇª2],
        [ ÔÇª2],
        [ ÔÇª2],
        [ ÔÇª2],
        [ ÔÇª2],
        [ ÔÇª2],
        [ ÔÇª2],
        [ ÔÇª2],
        [ ÔÇª2],
        [ ÔÇª2],
        [ ÔÇª2],
        [ ÔÇª2],
        [ ÔÇª2],
        [ ÔÇª2],
        [ ÔÇª2],
        [ ÔÇª2],
        [ ÔÇª2],
        [ ÔÇª2],
        [ ÔÇª2],
        [ ÔÇª2],
        [ ÔÇª2],
        [ ÔÇª2],
        [ ÔÇª2]
      ],
      "bbox" => [
        "minY" => -20.656306931989,
        "minX" => -43.803908717429,
        "maxY" => -20.655608042891,
        "maxX" => -43.802324913142
      ],
      "name" => "Rota 2",
      "fromName" => "Av. Monsenhor Moreira",
      "length" => 209,
      "jamLevel" => 0,
      "id" => "1762938283029",
      "time" => 78,
      "type" => "STATIC"
    ],
    [
      "subRoutes" => [
        [ ÔÇª8],
        [ ÔÇª8]
      ],
      "toName" => "R. Arthur Nascimento",
      "historicTime" => 49,
      "line" => [
        [ ÔÇª2],
        [ ÔÇª2],
        [ ÔÇª2],
        [ ÔÇª2],
        [ ÔÇª2],
        [ ÔÇª2],
        [ ÔÇª2],
        [ ÔÇª2],
        [ ÔÇª2],
        [ ÔÇª2],
        [ ÔÇª2],
        [ ÔÇª2],
        [ ÔÇª2],
        [ ÔÇª2],
        [ ÔÇª2],
        [ ÔÇª2],
        [ ÔÇª2]
      ],
      "bbox" => [
        "minY" => -20.659592274536,
        "minX" => -43.789343718717,
        "maxY" => -20.658866796898,
        "maxX" => -43.785475491922
      ],
      "name" => "Av. Pref. Tel├®sforo C├óndido Resende Pt3 Subindo",
      "fromName" => "Av. Pref. Tel├®sforo C├óndido Resende",
      "length" => 429,
      "jamLevel" => 0,
      "id" => "1741786665856",
      "time" => 62,
      "type" => "STATIC"
    ],
    [
      "subRoutes" => [],
      "toName" => "R. Lopes Franco",
      "historicTime" => 298,
      "line" => [
        [ ÔÇª2],
        [ ÔÇª2],
        [ ÔÇª2],
        [ ÔÇª2],
        [ ÔÇª2],
        [ ÔÇª2],
        [ ÔÇª2],
        [ ÔÇª2],
        [ ÔÇª2],
        [ ÔÇª2],
        [ ÔÇª2],
        [ ÔÇª2],
        [ ÔÇª2],
        [ ÔÇª2],
        [ ÔÇª2],
        [ ÔÇª2],
        [ ÔÇª2],
        [ ÔÇª2],
        [ ÔÇª2],
        [ ÔÇª2],
        [ ÔÇª2],
        [ ÔÇª2],
        [ ÔÇª2],
        [ ÔÇª2],
        [ ÔÇª2],
        [ ÔÇª2],
        [ ÔÇª2],
        [ ÔÇª2],
        [ ÔÇª2],
        [ ÔÇª2],
        [ ÔÇª2],
        [ ÔÇª2],
        [ ÔÇª2],
        [ ÔÇª2],
        [ ÔÇª2],
        [ ÔÇª2],
        [ ÔÇª2],
        [ ÔÇª2],
        [ ÔÇª2],
        [ ÔÇª2],
        [ ÔÇª2],
        [ ÔÇª2],
        [ ÔÇª2],
        [ ÔÇª2],
        [ ÔÇª2],
        [ ÔÇª2],
        [ ÔÇª2],
        [ ÔÇª2],
        [ ÔÇª2],
        [ ÔÇª2],
        [ ÔÇª2],
        [ ÔÇª2],
        [ ÔÇª2],
        [ ÔÇª2],
        [ ÔÇª2],
        [ ÔÇª2],
        [ ÔÇª2],
        [ ÔÇª2],
        [ ÔÇª2],
        [ ÔÇª2],
        [ ÔÇª2],
        [ ÔÇª2],
        [ ÔÇª2],
        [ ÔÇª2],
        [ ÔÇª2]
      ],
      "bbox" => [
        "minY" => -20.675547896094,
        "minX" => -43.799574003593,
        "maxY" => -20.659946428044,
        "maxX" => -43.794563353141
      ],
      "name" => "S├úo sebastiao - Lopes Franco",
      "fromName" => "R. Luiz Pasteur",
      "length" => 2005,
      "jamLevel" => 0,
      "id" => "1718197966030",
      "time" => 358,
      "type" => "STATIC"
    ],
    [
      "subRoutes" => [],
      "toName" => "R. Dr. Wenceslau Braz",
      "historicTime" => 125,
      "line" => [
        [ ÔÇª2],
        [ ÔÇª2],
        [ ÔÇª2],
        [ ÔÇª2],
        [ ÔÇª2],
        [ ÔÇª2],
        [ ÔÇª2],
        [ ÔÇª2],
        [ ÔÇª2],
        [ ÔÇª2],
        [ ÔÇª2],
        [ ÔÇª2],
        [ ÔÇª2],
        [ ÔÇª2],
        [ ÔÇª2],
        [ ÔÇª2],
        [ ÔÇª2],
        [ ÔÇª2],
        [ ÔÇª2],
        [ ÔÇª2],
        [ ÔÇª2],
        [ ÔÇª2],
        [ ÔÇª2],
        [ ÔÇª2],
        [ ÔÇª2],
        [ ÔÇª2],
        [ ÔÇª2],
        [ ÔÇª2],
        [ ÔÇª2],
        [ ÔÇª2],
        [ ÔÇª2],
        [ ÔÇª2],
        [ ÔÇª2],
        [ ÔÇª2],
        [ ÔÇª2],
        [ ÔÇª2],
        [ ÔÇª2],
        [ ÔÇª2],
        [ ÔÇª2],
        [ ÔÇª2],
        [ ÔÇª2],
        [ ÔÇª2],
        [ ÔÇª2],
        [ ÔÇª2],
        [ ÔÇª2],
        [ ÔÇª2],
        [ ÔÇª2],
        [ ÔÇª2],
        [ ÔÇª2],
        [ ÔÇª2],
        [ ÔÇª2],
        [ ÔÇª2],
        [ ÔÇª2],
        [ ÔÇª2],
        [ ÔÇª2],
        [ ÔÇª2],
        [ ÔÇª2],
        [ ÔÇª2],
        [ ÔÇª2],
        [ ÔÇª2],
        [ ÔÇª2],
        [ ÔÇª2]
      ],
      "bbox" => [
        "minY" => -20.659830519355,
        "minX" => -43.808249466757,
        "maxY" => -20.654896104812,
        "maxX" => -43.798857644075
      ],
      "name" => "Entrada at├® S├úo Sebasti├úo",
      "fromName" => "Sa├¡da 629",
      "length" => 1232,
      "jamLevel" => 0,
      "id" => "1718113498839",
      "time" => 147,
      "type" => "STATIC"
    ],
    [
      "subRoutes" => [],
      "toName" => "Vd. Duartina Nogueira de Rezende",
      "historicTime" => 33,
      "line" => [
        [ ÔÇª2],
        [ ÔÇª2],
        [ ÔÇª2],
        [ ÔÇª2],
        [ ÔÇª2],
        [ ÔÇª2],
        [ ÔÇª2],
        [ ÔÇª2],
        [ ÔÇª2],
        [ ÔÇª2]
      ],
      "bbox" => [
        "minY" => -20.660117840222,
        "minX" => -43.794711076023,
        "maxY" => -20.659063138871,
        "maxX" => -43.793236162669
      ],
      "name" => "Cruzamento AVENIDA DIAS DE SOUZA",
      "fromName" => "Av. Prefeito Tel├®sforo C├óndido Resende",
      "length" => 193,
      "jamLevel" => 0,
      "id" => "1745359784971",
      "time" => 37,
      "type" => "STATIC"
    ],
    [
      "subRoutes" => [],
      "toName" => "R. Santo Ant├┤nio de P├ídua",
      "historicTime" => 109,
      "line" => [
        [ ÔÇª2],
        [ ÔÇª2],
        [ ÔÇª2],
        [ ÔÇª2],
        [ ÔÇª2],
        [ ÔÇª2],
        [ ÔÇª2],
        [ ÔÇª2],
        [ ÔÇª2],
        [ ÔÇª2],
        [ ÔÇª2],
        [ ÔÇª2],
        [ ÔÇª2],
        [ ÔÇª2],
        [ ÔÇª2],
        [ ÔÇª2],
        [ ÔÇª2],
        [ ÔÇª2],
        [ ÔÇª2]
      ],
      "bbox" => [
        "minY" => -20.645064056452,
        "minX" => -43.80958733898,
        "maxY" => -20.641260570463,
        "maxX" => -43.805553764483
      ],
      "name" => "R. Santo Ant├┤nio de P├ídua Sentido bairro",
      "fromName" => "R. Santo Ant├┤nio de P├ídua",
      "length" => 594,
      "jamLevel" => 0,
      "id" => "1741988684698",
      "time" => 132,
      "type" => "STATIC"
    ],
    [
      "subRoutes" => [],
      "toName" => "R. Dr. Henrique de Abreu",
      "historicTime" => 49,
      "line" => [
        [ ÔÇª2],
        [ ÔÇª2],
        [ ÔÇª2],
        [ ÔÇª2],
        [ ÔÇª2],
        [ ÔÇª2],
        [ ÔÇª2],
        [ ÔÇª2],
        [ ÔÇª2],
        [ ÔÇª2]
      ],
      "bbox" => [
        "minY" => -20.663226251075,
        "minX" => -43.786600836515,
        "maxY" => -20.661043165193,
        "maxX" => -43.784217551364
      ],
      "name" => "R. Brasil Descendo",
      "fromName" => "P├º. Bar├úo de Queluz",
      "length" => 345,
      "jamLevel" => 0,
      "id" => "1741908282591",
      "time" => 59,
      "type" => "STATIC"
    ],
    [
      "subRoutes" => [],
      "toName" => "R. Duque de Caxias",
      "historicTime" => 16,
      "line" => [
        [ ÔÇª2],
        [ ÔÇª2],
        [ ÔÇª2],
        [ ÔÇª2],
        [ ÔÇª2]
      ],
      "bbox" => [
        "minY" => -20.654185221225,
        "minX" => -43.776748080397,
        "maxY" => -20.653457595157,
        "maxX" => -43.776101478482
      ],
      "name" => "Duque de Caxias Trecho 5",
      "fromName" => "R. Duque de Caxias",
      "length" => 106,
      "jamLevel" => 0,
      "id" => "1741861574787",
      "time" => 19,
      "type" => "STATIC"
    ],
    [
      "subRoutes" => [],
      "toName" => "R. Jo├úo de Miranda Filho",
      "historicTime" => 103,
      "line" => [
        [ ÔÇª2],
        [ ÔÇª2],
        [ ÔÇª2],
        [ ÔÇª2],
        [ ÔÇª2],
        [ ÔÇª2],
        [ ÔÇª2],
        [ ÔÇª2],
        [ ÔÇª2],
        [ ÔÇª2],
        [ ÔÇª2],
        [ ÔÇª2],
        [ ÔÇª2],
        [ ÔÇª2],
        [ ÔÇª2],
        [ ÔÇª2],
        [ ÔÇª2],
        [ ÔÇª2],
        [ ÔÇª2],
        [ ÔÇª2],
        [ ÔÇª2]
      ],
      "bbox" => [
        "minY" => -20.645076332603,
        "minX" => -43.809618275382,
        "maxY" => -20.641235468803,
        "maxX" => -43.805512901673
      ],
      "name" => "R. Santo Ant├┤nio de P├ídua Sentido BR-040",
      "fromName" => "R. Santo Ant├┤nio de P├ídua",
      "length" => 604,
      "jamLevel" => 0,
      "id" => "1741988714710",
      "time" => 122,
      "type" => "STATIC"
    ],
    [
      "subRoutes" => [],
      "toName" => "R. Ant├┤nio Aureliano de Rezende",
      "historicTime" => 265,
      "line" => [
        [ ÔÇª2],
        [ ÔÇª2],
        [ ÔÇª2],
        [ ÔÇª2],
        [ ÔÇª2],
        [ ÔÇª2],
        [ ÔÇª2],
        [ ÔÇª2],
        [ ÔÇª2],
        [ ÔÇª2],
        [ ÔÇª2],
        [ ÔÇª2],
        [ ÔÇª2],
        [ ÔÇª2],
        [ ÔÇª2],
        [ ÔÇª2],
        [ ÔÇª2],
        [ ÔÇª2],
        [ ÔÇª2],
        [ ÔÇª2],
        [ ÔÇª2],
        [ ÔÇª2],
        [ ÔÇª2],
        [ ÔÇª2],
        [ ÔÇª2],
        [ ÔÇª2],
        [ ÔÇª2],
        [ ÔÇª2],
        [ ÔÇª2],
        [ ÔÇª2],
        [ ÔÇª2],
        [ ÔÇª2],
        [ ÔÇª2],
        [ ÔÇª2],
        [ ÔÇª2],
        [ ÔÇª2],
        [ ÔÇª2],
        [ ÔÇª2],
        [ ÔÇª2],
        [ ÔÇª2],
        [ ÔÇª2],
        [ ÔÇª2],
        [ ÔÇª2],
        [ ÔÇª2],
        [ ÔÇª2],
        [ ÔÇª2]
      ],
      "bbox" => [
        "minY" => -20.656120480231,
        "minX" => -43.801251890064,
        "maxY" => -20.642683465032,
        "maxX" => -43.791962072549
      ],
      "name" => "R. Ant├┤nio Aureliano de Rezende Conselheiro Lafaiete",
      "fromName" => "R. Ant├┤nio Aureliano de Rezende",
      "length" => 1857,
      "jamLevel" => 0,
      "id" => "1750636751207",
      "time" => 303,
      "type" => "STATIC"
    ],
    [
      "subRoutes" => [],
      "toName" => "R. Duque de Caxias",
      "historicTime" => 59,
      "line" => [
        [ ÔÇª2],
        [ ÔÇª2],
        [ ÔÇª2],
        [ ÔÇª2],
        [ ÔÇª2],
        [ ÔÇª2],
        [ ÔÇª2],
        [ ÔÇª2],
        [ ÔÇª2],
        [ ÔÇª2]
      ],
      "bbox" => [
        "minY" => -20.657122256637,
        "minX" => -43.782704942939,
        "maxY" => -20.655930346514,
        "maxX" => -43.779539409874
      ],
      "name" => "Duque de Caxias Trecho 3",
      "fromName" => "R. Duque de Caxias",
      "length" => 355,
      "jamLevel" => 0,
      "id" => "1741861500724",
      "time" => 55,
      "type" => "STATIC"
    ],
    [
      "subRoutes" => [],
      "toName" => "R. Duque de Caxias",
      "historicTime" => 52,
      "line" => [
        [ ÔÇª2],
        [ ÔÇª2],
        [ ÔÇª2],
        [ ÔÇª2],
        [ ÔÇª2],
        [ ÔÇª2],
        [ ÔÇª2],
        [ ÔÇª2],
        [ ÔÇª2]
      ],
      "bbox" => [
        "minY" => -20.655948770625,
        "minX" => -43.779583214777,
        "maxY" => -20.654266918858,
        "maxX" => -43.776841536153
      ],
      "name" => "Duque de Caxias Trecho 4",
      "fromName" => "R. Duque de Caxias",
      "length" => 343,
      "jamLevel" => 0,
      "id" => "1741861538420",
      "time" => 60,
      "type" => "STATIC"
    ],
    [
      "subRoutes" => [
        [ ÔÇª8],
        [ ÔÇª8],
        [ ÔÇª8]
      ],
      "toName" => "Av. Prefeito Tel├®sforo C├óndido Resende",
      "historicTime" => 54,
      "line" => [
        [ ÔÇª2],
        [ ÔÇª2],
        [ ÔÇª2],
        [ ÔÇª2],
        [ ÔÇª2],
        [ ÔÇª2],
        [ ÔÇª2],
        [ ÔÇª2],
        [ ÔÇª2],
        [ ÔÇª2],
        [ ÔÇª2],
        [ ÔÇª2],
        [ ÔÇª2],
        [ ÔÇª2]
      ],
      "bbox" => [
        "minY" => -20.659798103278,
        "minX" => -43.795261091675,
        "maxY" => -20.659509570171,
        "maxX" => -43.793632046405
      ],
      "name" => "Cruzamento DIAS DE SOUZA AVENIDA",
      "fromName" => "R. Dias de Souza",
      "length" => 181,
      "jamLevel" => 0,
      "id" => "1745359748914",
      "time" => 94,
      "type" => "STATIC"
    ],
    [
      "subRoutes" => [
        [ ÔÇª8]
         ÔÇª1
      ],
      "toName" => "R. Cel. Jo├úo Gomes",
      "historicTime" => 38,
      "line" => [ ÔÇª11],
      "bbox" => [ ÔÇª4],
      "name" => "Duque de Caxias Trecho 1",
      "fromName" => "R. Comendador Baeta Neves",
      "length" => 188,
      "jamLevel" => 0,
      "id" => "1741861438902",
      "time" => 57,
      "type" => "STATIC"
    ],
    [
      "subRoutes" => [],
      "toName" => "R. Bar├úo de Pouso Alegre",
      "historicTime" => 151,
      "line" => [ ÔÇª31],
      "bbox" => [ ÔÇª4],
      "name" => "R. Bar├úo de Pouso Alegre Descendo",
      "fromName" => "R. Bar├úo de Pouso Alegre",
      "length" => 1184,
      "jamLevel" => 0,
      "id" => "1741908154031",
      "time" => 172,
      "type" => "STATIC"
    ],
    [
      "subRoutes" => [],
      "toName" => "Av. Pref. Tel├®sforo C├óndido Resende",
      "historicTime" => 40,
      "line" => [ ÔÇª14],
      "bbox" => [ ÔÇª4],
      "name" => "Vd. Duartina Nogueira de Rezende Sentido Centro",
      "fromName" => "Vd. Duartina Nogueira de Rezende",
      "length" => 380,
      "jamLevel" => 0,
      "id" => "1741786563176",
      "time" => 45,
      "type" => "STATIC"
    ],
    [
      "subRoutes" => [ ÔÇª2],
      "toName" => "Av. Pref. Tel├®sforo C├óndido Resende",
      "historicTime" => 63,
      "line" => [ ÔÇª9],
      "bbox" => [ ÔÇª4],
      "name" => "Av. Pref. Tel├®sforo C├óndido Resende Pt2 Subindo",
      "fromName" => "Av. Pref. Tel├®sforo C├óndido Resende",
      "length" => 320,
      "jamLevel" => 0,
      "id" => "1741786625193",
      "time" => 74,
      "type" => "STATIC"
    ],
    [
      "subRoutes" => [],
      "toName" => "Vd. Pe. Ermano Jos├® Ferreira",
      "historicTime" => 29,
      "line" => [ ÔÇª21],
      "bbox" => [ ÔÇª4],
      "name" => "Rota 1",
      "fromName" => "R. Fernanda Bedran Peixoto",
      "length" => 254,
      "jamLevel" => 0,
      "id" => "1762938264871",
      "time" => 36,
      "type" => "STATIC"
    ],
    [
      "subRoutes" => [ ÔÇª4],
      "toName" => "Av. Pref. Tel├®sforo C├óndido Resende",
      "historicTime" => 32,
      "line" => [ ÔÇª8],
      "bbox" => [ ÔÇª4],
      "name" => "Av. Pref. Tel├®sforo C├óndido Resende Pt1 Subindo",
      "fromName" => "Av. Pref. Tel├®sforo C├óndido Resende",
      "length" => 176,
      "jamLevel" => 0,
      "id" => "1741786588916",
      "time" => 52,
      "type" => "STATIC"
    ],
    [
      "subRoutes" => [],
      "toName" => "R. Bar├úo de Pouso Alegre",
      "historicTime" => 157,
      "line" => [ ÔÇª28],
      "bbox" => [ ÔÇª4],
      "name" => "R. Bar├úo de Pouso Alegre Conselheiro Lafaiete",
      "fromName" => "R. Bar├úo de Pouso Alegre",
      "length" => 1159,
      "jamLevel" => 0,
      "id" => "1764594873632",
      "time" => 192,
      "type" => "STATIC"
    ],
    [
      "subRoutes" => [],
      "toName" => "R. Duque de Caxias",
      "historicTime" => 32,
      "line" => [ ÔÇª7],
      "bbox" => [ ÔÇª4],
      "name" => "Duque de Caxias Trecho 2",
      "fromName" => "R. Dr. Jos├® Lopes de Assis",
      "length" => 208,
      "jamLevel" => 0,
      "id" => "1741861468709",
      "time" => 37,
      "type" => "STATIC"
    ],
    [
      "subRoutes" => [],
      "toName" => "Vd. Duartina Nogueira de Rezende",
      "historicTime" => 42,
      "line" => [ ÔÇª14],
      "bbox" => [ ÔÇª4],
      "name" => "Vd. Duartina Nogueira de Rezende Sentido Bairro",
      "fromName" => "Av. Pref. Tel├®sforo C├óndido Resende",
      "length" => 374,
      "jamLevel" => 0,
      "id" => "1741908925746",
      "time" => 50,
      "type" => "STATIC"
    ],
    [
      "subRoutes" => [],
      "toName" => "R. Comendador Baeta Neves",
      "historicTime" => 110,
      "line" => [ ÔÇª27],
      "bbox" => [ ÔÇª4],
      "name" => "R. Brasil Subindo",
      "fromName" => "R. Dr. Henrique de Abreu",
      "length" => 570,
      "jamLevel" => 0,
      "id" => "1741908324217",
      "time" => 126,
      "type" => "STATIC"
    ]
  ]
]
00:20:07 WARNING   [app] Item TVT sem routeId
[
  "item" => []
]
00:20:07 WARNING   [app] Item TVT sem routeId
[
  "item" => []
]
00:20:07 WARNING   [app] Item TVT sem routeId
[
  "item" => []
]
00:20:07 WARNING   [app] Item TVT sem routeId
[
  "item" => [
    "minY" => -20.714734790204,
    "minX" => -43.821253141807,
    "maxY" => -20.613867088768,
    "maxX" => -43.748125395225
  ]
]
00:20:07 WARNING   [app] Item TVT sem routeId
[
  "item" => []
]
00:20:07 WARNING   [app] Item TVT sem routeId
[
  "item" => [
    [
      "jamLevel" => 1,
      "jamLength" => 388
    ],
    [
      "jamLevel" => 2,
      "jamLength" => 526
    ],
    [
      "jamLevel" => 3,
      "jamLength" => 1500
    ],
    [
      "jamLevel" => 4,
      "jamLength" => 392
    ],
    [
      "jamLevel" => 5,
      "jamLength" => 524
    ]
  ]
]
     Ô£ô 8 routes
   Feed: 9bb3e551-76f2-4fc6-a32e-ad078a285f2e
00:20:07 INFO      [http_client] Request: "GET https://www.waze.com/row-partnerhub-api/feeds-tvt/9bb3e551-76f2-4fc6-a32e-ad078a285f2e?id=12699055487"
00:20:08 INFO      [http_client] Response: "200 https://www.waze.com/row-partnerhub-api/feeds-tvt/9bb3e551-76f2-4fc6-a32e-ad078a285f2e?id=12699055487" 0.632084 seconds
[
  "http_code" => 200,
  "url" => "https://www.waze.com/row-partnerhub-api/feeds-tvt/9bb3e551-76f2-4fc6-a32e-ad078a285f2e?id=12699055487",
  "total_time" => 0.632084
]
00:20:08 INFO      [app] Waze TVT feed response
[
  "partner" => 1,
  "feed" => "9bb3e551-76f2-4fc6-a32e-ad078a285f2e",
  "feed_id" => null,
  "url" => "https://www.waze.com/row-partnerhub-api/feeds-tvt/9bb3e551-76f2-4fc6-a32e-ad078a285f2e?id=12699055487",
  "items_count" => 10
]
00:20:08 WARNING   [app] Item TVT sem routeId
[
  "item" => [
    [
      "wazersCount" => 19,
      "jamLevel" => 0
    ],
    [
      "wazersCount" => 0,
      "jamLevel" => 1
    ],
    [
      "wazersCount" => 0,
      "jamLevel" => 2
    ],
    [
      "wazersCount" => 3,
      "jamLevel" => 3
    ],
    [
      "wazersCount" => 0,
      "jamLevel" => 4
    ]
  ]
]
00:20:08 WARNING   [app] Item TVT sem routeId
[
  "item" => [
    [
      "subRoutes" => [
        [ ÔÇª8],
        [ ÔÇª8],
        [ ÔÇª8],
        [ ÔÇª8],
        [ ÔÇª8],
        [ ÔÇª8],
        [ ÔÇª8]
      ],
      "toName" => "R. Arthur Nascimento",
      "historicTime" => 184,
      "line" => [
        [ ÔÇª2],
        [ ÔÇª2],
        [ ÔÇª2],
        [ ÔÇª2],
        [ ÔÇª2],
        [ ÔÇª2],
        [ ÔÇª2],
        [ ÔÇª2],
        [ ÔÇª2],
        [ ÔÇª2],
        [ ÔÇª2],
        [ ÔÇª2],
        [ ÔÇª2],
        [ ÔÇª2],
        [ ÔÇª2],
        [ ÔÇª2],
        [ ÔÇª2],
        [ ÔÇª2],
        [ ÔÇª2],
        [ ÔÇª2],
        [ ÔÇª2],
        [ ÔÇª2],
        [ ÔÇª2],
        [ ÔÇª2],
        [ ÔÇª2],
        [ ÔÇª2],
        [ ÔÇª2],
        [ ÔÇª2],
        [ ÔÇª2],
        [ ÔÇª2],
        [ ÔÇª2],
        [ ÔÇª2],
        [ ÔÇª2],
        [ ÔÇª2],
        [ ÔÇª2],
        [ ÔÇª2],
        [ ÔÇª2],
        [ ÔÇª2],
        [ ÔÇª2],
        [ ÔÇª2],
        [ ÔÇª2],
        [ ÔÇª2],
        [ ÔÇª2],
        [ ÔÇª2],
        [ ÔÇª2],
        [ ÔÇª2],
        [ ÔÇª2]
      ],
      "bbox" => [
        "minY" => -20.660793453675,
        "minX" => -43.797349576558,
        "maxY" => -20.658802310211,
        "maxX" => -43.785524547443
      ],
      "name" => "Acompanhar antes e depois da altera├º├úo do semafaro",
      "fromName" => "Vd. Duartina Nogueira de Rezende",
      "length" => 1349,
      "jamLevel" => 2,
      "id" => "1741693376450",
      "time" => 237,
      "type" => "STATIC"
    ],
    [
      "subRoutes" => [
        [ ÔÇª8],
        [ ÔÇª8],
        [ ÔÇª8],
        [ ÔÇª8],
        [ ÔÇª8],
        [ ÔÇª8],
        [ ÔÇª8]
      ],
      "toName" => "R. Comendador Baeta Neves",
      "historicTime" => 229,
      "line" => [
        [ ÔÇª2],
        [ ÔÇª2],
        [ ÔÇª2],
        [ ÔÇª2],
        [ ÔÇª2],
        [ ÔÇª2],
        [ ÔÇª2],
        [ ÔÇª2],
        [ ÔÇª2],
        [ ÔÇª2],
        [ ÔÇª2],
        [ ÔÇª2],
        [ ÔÇª2],
        [ ÔÇª2],
        [ ÔÇª2],
        [ ÔÇª2],
        [ ÔÇª2],
        [ ÔÇª2],
        [ ÔÇª2],
        [ ÔÇª2],
        [ ÔÇª2],
        [ ÔÇª2],
        [ ÔÇª2],
        [ ÔÇª2],
        [ ÔÇª2],
        [ ÔÇª2],
        [ ÔÇª2],
        [ ÔÇª2],
        [ ÔÇª2],
        [ ÔÇª2],
        [ ÔÇª2],
        [ ÔÇª2],
        [ ÔÇª2],
        [ ÔÇª2],
        [ ÔÇª2],
        [ ÔÇª2],
        [ ÔÇª2],
        [ ÔÇª2],
        [ ÔÇª2],
        [ ÔÇª2],
        [ ÔÇª2],
        [ ÔÇª2],
        [ ÔÇª2],
        [ ÔÇª2],
        [ ÔÇª2]
      ],
      "bbox" => [
        "minY" => -20.660497121874,
        "minX" => -43.793994061167,
        "maxY" => -20.658802310211,
        "maxX" => -43.785139693879
      ],
      "name" => "Avenida Gabinete",
      "fromName" => "Av. Prefeito Tel├®sforo C├óndido Resende",
      "length" => 1231,
      "jamLevel" => 2,
      "id" => "1787577270894",
      "time" => 372,
      "type" => "STATIC"
    ],
    [
      "subRoutes" => [
        [ ÔÇª8],
        [ ÔÇª8],
        [ ÔÇª8],
        [ ÔÇª8],
        [ ÔÇª8],
        [ ÔÇª8],
        [ ÔÇª8],
        [ ÔÇª8]
      ],
      "toName" => "P├º. Bar├úo de Queluz",
      "historicTime" => 324,
      "line" => [
        [ ÔÇª2],
        [ ÔÇª2],
        [ ÔÇª2],
        [ ÔÇª2],
        [ ÔÇª2],
        [ ÔÇª2],
        [ ÔÇª2],
        [ ÔÇª2],
        [ ÔÇª2],
        [ ÔÇª2],
        [ ÔÇª2],
        [ ÔÇª2],
        [ ÔÇª2],
        [ ÔÇª2],
        [ ÔÇª2],
        [ ÔÇª2],
        [ ÔÇª2],
        [ ÔÇª2],
        [ ÔÇª2],
        [ ÔÇª2],
        [ ÔÇª2],
        [ ÔÇª2],
        [ ÔÇª2],
        [ ÔÇª2],
        [ ÔÇª2],
        [ ÔÇª2],
        [ ÔÇª2],
        [ ÔÇª2],
        [ ÔÇª2],
        [ ÔÇª2],
        [ ÔÇª2],
        [ ÔÇª2],
        [ ÔÇª2],
        [ ÔÇª2],
        [ ÔÇª2],
        [ ÔÇª2],
        [ ÔÇª2],
        [ ÔÇª2],
        [ ÔÇª2],
        [ ÔÇª2],
        [ ÔÇª2],
        [ ÔÇª2],
        [ ÔÇª2],
        [ ÔÇª2],
        [ ÔÇª2],
        [ ÔÇª2],
        [ ÔÇª2],
        [ ÔÇª2],
        [ ÔÇª2],
        [ ÔÇª2],
        [ ÔÇª2],
        [ ÔÇª2],
        [ ÔÇª2],
        [ ÔÇª2],
        [ ÔÇª2],
        [ ÔÇª2],
        [ ÔÇª2],
        [ ÔÇª2],
        [ ÔÇª2],
        [ ÔÇª2],
        [ ÔÇª2],
        [ ÔÇª2],
        [ ÔÇª2],
        [ ÔÇª2],
        [ ÔÇª2],
        [ ÔÇª2],
        [ ÔÇª2],
        [ ÔÇª2],
        [ ÔÇª2],
        [ ÔÇª2],
        [ ÔÇª2],
        [ ÔÇª2],
        [ ÔÇª2],
        [ ÔÇª2],
        [ ÔÇª2],
        [ ÔÇª2],
        [ ÔÇª2],
        [ ÔÇª2],
        [ ÔÇª2],
        [ ÔÇª2],
        [ ÔÇª2],
        [ ÔÇª2],
        [ ÔÇª2],
        [ ÔÇª2],
        [ ÔÇª2]
      ],
      "bbox" => [
        "minY" => -20.661287324499,
        "minX" => -43.799574003593,
        "maxY" => -20.658802310211,
        "maxX" => -43.785453300123
      ],
      "name" => "S├úo Sebasti├úo - P├º barao de queluz",
      "fromName" => "R. Wenceslau Braz",
      "length" => 2064,
      "jamLevel" => 2,
      "id" => "1718113577780",
      "time" => 437,
      "type" => "STATIC"
    ],
    [
      "subRoutes" => [
        [ ÔÇª8],
        [ ÔÇª8],
        [ ÔÇª8]
      ],
      "toName" => "R. Santa Efig├¬nia",
      "historicTime" => 364,
      "line" => [
        [ ÔÇª2],
        [ ÔÇª2],
        [ ÔÇª2],
        [ ÔÇª2],
        [ ÔÇª2],
        [ ÔÇª2],
        [ ÔÇª2],
        [ ÔÇª2],
        [ ÔÇª2],
        [ ÔÇª2],
        [ ÔÇª2],
        [ ÔÇª2],
        [ ÔÇª2],
        [ ÔÇª2],
        [ ÔÇª2],
        [ ÔÇª2],
        [ ÔÇª2],
        [ ÔÇª2],
        [ ÔÇª2],
        [ ÔÇª2],
        [ ÔÇª2],
        [ ÔÇª2],
        [ ÔÇª2],
        [ ÔÇª2],
        [ ÔÇª2],
        [ ÔÇª2],
        [ ÔÇª2],
        [ ÔÇª2],
        [ ÔÇª2],
        [ ÔÇª2],
        [ ÔÇª2],
        [ ÔÇª2],
        [ ÔÇª2],
        [ ÔÇª2],
        [ ÔÇª2],
        [ ÔÇª2],
        [ ÔÇª2],
        [ ÔÇª2],
        [ ÔÇª2],
        [ ÔÇª2],
        [ ÔÇª2],
        [ ÔÇª2],
        [ ÔÇª2],
        [ ÔÇª2],
        [ ÔÇª2],
        [ ÔÇª2],
        [ ÔÇª2],
        [ ÔÇª2],
        [ ÔÇª2],
        [ ÔÇª2],
        [ ÔÇª2],
        [ ÔÇª2],
        [ ÔÇª2],
        [ ÔÇª2],
        [ ÔÇª2],
        [ ÔÇª2],
        [ ÔÇª2],
        [ ÔÇª2],
        [ ÔÇª2],
        [ ÔÇª2],
        [ ÔÇª2],
        [ ÔÇª2],
        [ ÔÇª2],
        [ ÔÇª2],
        [ ÔÇª2],
        [ ÔÇª2],
        [ ÔÇª2],
        [ ÔÇª2],
        [ ÔÇª2],
        [ ÔÇª2],
        [ ÔÇª2],
        [ ÔÇª2],
        [ ÔÇª2],
        [ ÔÇª2],
        [ ÔÇª2]
      ],
      "bbox" => [
        "minY" => -20.662419319213,
        "minX" => -43.789383427185,
        "maxY" => -20.648139738812,
        "maxX" => -43.784068628677
      ],
      "name" => "R. Bar├úo de Suassu├¡, R. Santa Efig├¬nia Conselheiro Lafaiete",
      "fromName" => "Av. Prefeito M├írio Rodrigues Pereira",
      "length" => 2055,
      "jamLevel" => 2,
      "id" => "1784220834474",
      "time" => 496,
      "type" => "STATIC"
    ],
    [
      "subRoutes" => [
        [ ÔÇª8],
        [ ÔÇª8],
        [ ÔÇª8],
        [ ÔÇª8],
        [ ÔÇª8],
        [ ÔÇª8]
      ],
      "toName" => "R. Dr. Ademar Pereira de Barros",
      "historicTime" => 405,
      "line" => [
        [ ÔÇª2],
        [ ÔÇª2],
        [ ÔÇª2],
        [ ÔÇª2],
        [ ÔÇª2],
        [ ÔÇª2],
        [ ÔÇª2],
        [ ÔÇª2],
        [ ÔÇª2],
        [ ÔÇª2],
        [ ÔÇª2],
        [ ÔÇª2],
        [ ÔÇª2],
        [ ÔÇª2],
        [ ÔÇª2],
        [ ÔÇª2],
        [ ÔÇª2],
        [ ÔÇª2],
        [ ÔÇª2],
        [ ÔÇª2],
        [ ÔÇª2],
        [ ÔÇª2],
        [ ÔÇª2],
        [ ÔÇª2],
        [ ÔÇª2],
        [ ÔÇª2],
        [ ÔÇª2],
        [ ÔÇª2],
        [ ÔÇª2],
        [ ÔÇª2],
        [ ÔÇª2],
        [ ÔÇª2],
        [ ÔÇª2],
        [ ÔÇª2],
        [ ÔÇª2],
        [ ÔÇª2],
        [ ÔÇª2],
        [ ÔÇª2],
        [ ÔÇª2],
        [ ÔÇª2],
        [ ÔÇª2],
        [ ÔÇª2],
        [ ÔÇª2],
        [ ÔÇª2],
        [ ÔÇª2],
        [ ÔÇª2],
        [ ÔÇª2],
        [ ÔÇª2],
        [ ÔÇª2],
        [ ÔÇª2],
        [ ÔÇª2],
        [ ÔÇª2],
        [ ÔÇª2],
        [ ÔÇª2],
        [ ÔÇª2],
        [ ÔÇª2],
        [ ÔÇª2],
        [ ÔÇª2],
        [ ÔÇª2],
        [ ÔÇª2],
        [ ÔÇª2],
        [ ÔÇª2],
        [ ÔÇª2],
        [ ÔÇª2],
        [ ÔÇª2],
        [ ÔÇª2],
        [ ÔÇª2],
        [ ÔÇª2],
        [ ÔÇª2],
        [ ÔÇª2],
        [ ÔÇª2],
        [ ÔÇª2],
        [ ÔÇª2],
        [ ÔÇª2],
        [ ÔÇª2],
        [ ÔÇª2],
        [ ÔÇª2],
        [ ÔÇª2],
        [ ÔÇª2],
        [ ÔÇª2],
        [ ÔÇª2]
      ],
      "bbox" => [
        "minY" => -20.660497121874,
        "minX" => -43.792473581106,
        "maxY" => -20.652546940361,
        "maxX" => -43.775779050478
      ],
      "name" => "Chapada",
      "fromName" => "Av. Pref. Tel├®sforo C├óndido Resende",
      "length" => 2384,
      "jamLevel" => 2,
      "id" => "1731862058538",
      "time" => 565,
      "type" => "STATIC"
    ],
    [
      "subRoutes" => [
        [ ÔÇª8],
        [ ÔÇª8]
      ],
      "toName" => "R. Euclides Ascendino",
      "historicTime" => 195,
      "line" => [
        [ ÔÇª2],
        [ ÔÇª2],
        [ ÔÇª2],
        [ ÔÇª2],
        [ ÔÇª2],
        [ ÔÇª2],
        [ ÔÇª2],
        [ ÔÇª2],
        [ ÔÇª2],
        [ ÔÇª2],
        [ ÔÇª2],
        [ ÔÇª2],
        [ ÔÇª2],
        [ ÔÇª2],
        [ ÔÇª2],
        [ ÔÇª2],
        [ ÔÇª2],
        [ ÔÇª2],
        [ ÔÇª2],
        [ ÔÇª2],
        [ ÔÇª2],
        [ ÔÇª2],
        [ ÔÇª2],
        [ ÔÇª2],
        [ ÔÇª2],
        [ ÔÇª2],
        [ ÔÇª2],
        [ ÔÇª2],
        [ ÔÇª2],
        [ ÔÇª2],
        [ ÔÇª2],
        [ ÔÇª2],
        [ ÔÇª2],
        [ ÔÇª2],
        [ ÔÇª2],
        [ ÔÇª2]
      ],
      "bbox" => [
        "minY" => -20.659829305212,
        "minX" => -43.785012382016,
        "maxY" => -20.653457595157,
        "maxX" => -43.776101478482
      ],
      "name" => "R. Duque de Caxias",
      "fromName" => "R. Comendador Baeta Neves",
      "length" => 1212,
      "jamLevel" => 1,
      "id" => "1741861405525",
      "time" => 232,
      "type" => "STATIC"
    ],
    [
      "subRoutes" => [
        [ ÔÇª8],
        [ ÔÇª8]
      ],
      "toName" => "BR-040 Rod. Pres. Juscelino Kubitschek",
      "historicTime" => 396,
      "line" => [
        [ ÔÇª2],
        [ ÔÇª2],
        [ ÔÇª2],
        [ ÔÇª2],
        [ ÔÇª2],
        [ ÔÇª2],
        [ ÔÇª2],
        [ ÔÇª2],
        [ ÔÇª2],
        [ ÔÇª2],
        [ ÔÇª2],
        [ ÔÇª2],
        [ ÔÇª2],
        [ ÔÇª2],
        [ ÔÇª2],
        [ ÔÇª2],
        [ ÔÇª2],
        [ ÔÇª2],
        [ ÔÇª2],
        [ ÔÇª2],
        [ ÔÇª2],
        [ ÔÇª2],
        [ ÔÇª2],
        [ ÔÇª2],
        [ ÔÇª2],
        [ ÔÇª2],
        [ ÔÇª2],
        [ ÔÇª2],
        [ ÔÇª2],
        [ ÔÇª2],
        [ ÔÇª2],
        [ ÔÇª2],
        [ ÔÇª2],
        [ ÔÇª2],
        [ ÔÇª2],
        [ ÔÇª2],
        [ ÔÇª2],
        [ ÔÇª2],
        [ ÔÇª2],
        [ ÔÇª2],
        [ ÔÇª2],
        [ ÔÇª2],
        [ ÔÇª2],
        [ ÔÇª2],
        [ ÔÇª2],
        [ ÔÇª2],
        [ ÔÇª2],
        [ ÔÇª2],
        [ ÔÇª2],
        [ ÔÇª2],
        [ ÔÇª2],
        [ ÔÇª2],
        [ ÔÇª2],
        [ ÔÇª2],
        [ ÔÇª2],
        [ ÔÇª2],
        [ ÔÇª2],
        [ ÔÇª2],
        [ ÔÇª2],
        [ ÔÇª2],
        [ ÔÇª2],
        [ ÔÇª2],
        [ ÔÇª2],
        [ ÔÇª2],
        [ ÔÇª2],
        [ ÔÇª2],
        [ ÔÇª2],
        [ ÔÇª2],
        [ ÔÇª2],
        [ ÔÇª2],
        [ ÔÇª2],
        [ ÔÇª2],
        [ ÔÇª2],
        [ ÔÇª2],
        [ ÔÇª2],
        [ ÔÇª2],
        [ ÔÇª2],
        [ ÔÇª2],
        [ ÔÇª2],
        [ ÔÇª2],
        [ ÔÇª2],
        [ ÔÇª2],
        [ ÔÇª2],
        [ ÔÇª2],
        [ ÔÇª2],
        [ ÔÇª2],
        [ ÔÇª2],
        [ ÔÇª2],
        [ ÔÇª2],
        [ ÔÇª2],
        [ ÔÇª2],
        [ ÔÇª2],
        [ ÔÇª2],
        [ ÔÇª2],
        [ ÔÇª2],
        [ ÔÇª2],
        [ ÔÇª2],
        [ ÔÇª2],
        [ ÔÇª2],
        [ ÔÇª2],
        [ ÔÇª2],
        [ ÔÇª2],
        [ ÔÇª2],
        [ ÔÇª2],
        [ ÔÇª2],
        [ ÔÇª2],
        [ ÔÇª2],
        [ ÔÇª2],
        [ ÔÇª2],
        [ ÔÇª2],
        [ ÔÇª2],
        [ ÔÇª2],
        [ ÔÇª2],
        [ ÔÇª2],
        [ ÔÇª2],
        [ ÔÇª2],
        [ ÔÇª2],
        [ ÔÇª2],
        [ ÔÇª2],
        [ ÔÇª2],
        [ ÔÇª2],
        [ ÔÇª2],
        [ ÔÇª2],
        [ ÔÇª2],
        [ ÔÇª2],
        [ ÔÇª2],
        [ ÔÇª2],
        [ ÔÇª2],
        [ ÔÇª2],
        [ ÔÇª2],
        [ ÔÇª2],
        [ ÔÇª2],
        [ ÔÇª2],
        [ ÔÇª2],
        [ ÔÇª2],
        [ ÔÇª2],
        [ ÔÇª2]
      ],
      "bbox" => [
        "minY" => -20.661043165193,
        "minX" => -43.807770812451,
        "maxY" => -20.655036703295,
        "maxX" => -43.785082461981
      ],
      "name" => "SAIDA BH S├âO SEBASTIAO",
      "fromName" => "P├º. Bar├úo de Queluz",
      "length" => 2998,
      "jamLevel" => 1,
      "id" => "1722022684687",
      "time" => 529,
      "type" => "STATIC"
    ],
    [
      "subRoutes" => [],
      "toName" => "R. Jos├® Martins",
      "historicTime" => 443,
      "line" => [
        [ ÔÇª2],
        [ ÔÇª2],
        [ ÔÇª2],
        [ ÔÇª2],
        [ ÔÇª2],
        [ ÔÇª2],
        [ ÔÇª2],
        [ ÔÇª2],
        [ ÔÇª2],
        [ ÔÇª2],
        [ ÔÇª2],
        [ ÔÇª2],
        [ ÔÇª2],
        [ ÔÇª2],
        [ ÔÇª2],
        [ ÔÇª2],
        [ ÔÇª2],
        [ ÔÇª2],
        [ ÔÇª2],
        [ ÔÇª2],
        [ ÔÇª2],
        [ ÔÇª2],
        [ ÔÇª2],
        [ ÔÇª2],
        [ ÔÇª2],
        [ ÔÇª2],
        [ ÔÇª2],
        [ ÔÇª2],
        [ ÔÇª2],
        [ ÔÇª2],
        [ ÔÇª2],
        [ ÔÇª2],
        [ ÔÇª2],
        [ ÔÇª2],
        [ ÔÇª2],
        [ ÔÇª2],
        [ ÔÇª2],
        [ ÔÇª2],
        [ ÔÇª2],
        [ ÔÇª2],
        [ ÔÇª2],
        [ ÔÇª2],
        [ ÔÇª2],
        [ ÔÇª2],
        [ ÔÇª2],
        [ ÔÇª2],
        [ ÔÇª2],
        [ ÔÇª2],
        [ ÔÇª2],
        [ ÔÇª2],
        [ ÔÇª2],
        [ ÔÇª2],
        [ ÔÇª2],
        [ ÔÇª2],
        [ ÔÇª2],
        [ ÔÇª2],
        [ ÔÇª2],
        [ ÔÇª2],
        [ ÔÇª2],
        [ ÔÇª2],
        [ ÔÇª2],
        [ ÔÇª2],
        [ ÔÇª2],
        [ ÔÇª2],
        [ ÔÇª2],
        [ ÔÇª2],
        [ ÔÇª2],
        [ ÔÇª2],
        [ ÔÇª2],
        [ ÔÇª2],
        [ ÔÇª2],
        [ ÔÇª2],
        [ ÔÇª2],
        [ ÔÇª2],
        [ ÔÇª2],
        [ ÔÇª2],
        [ ÔÇª2],
        [ ÔÇª2],
        [ ÔÇª2],
        [ ÔÇª2],
        [ ÔÇª2],
        [ ÔÇª2],
        [ ÔÇª2],
        [ ÔÇª2],
        [ ÔÇª2],
        [ ÔÇª2],
        [ ÔÇª2],
        [ ÔÇª2],
        [ ÔÇª2],
        [ ÔÇª2],
        [ ÔÇª2],
        [ ÔÇª2],
        [ ÔÇª2],
        [ ÔÇª2],
        [ ÔÇª2],
        [ ÔÇª2],
        [ ÔÇª2],
        [ ÔÇª2],
        [ ÔÇª2],
        [ ÔÇª2],
        [ ÔÇª2],
        [ ÔÇª2],
        [ ÔÇª2],
        [ ÔÇª2],
        [ ÔÇª2],
        [ ÔÇª2],
        [ ÔÇª2],
        [ ÔÇª2],
        [ ÔÇª2],
        [ ÔÇª2],
        [ ÔÇª2],
        [ ÔÇª2],
        [ ÔÇª2],
        [ ÔÇª2],
        [ ÔÇª2],
        [ ÔÇª2],
        [ ÔÇª2],
        [ ÔÇª2]
      ],
      "bbox" => [
        "minY" => -20.660946415959,
        "minX" => -43.801251890064,
        "maxY" => -20.649767845196,
        "maxX" => -43.785082461981
      ],
      "name" => "Centro Cachoeira",
      "fromName" => "P├º. Bar├úo de Queluz",
      "length" => 3016,
      "jamLevel" => 1,
      "id" => "1734959125612",
      "time" => 567,
      "type" => "STATIC"
    ],
    [
      "subRoutes" => [],
      "toName" => "Av. Pref. M├írio Rodrigues Pereira",
      "historicTime" => 485,
      "line" => [
        [ ÔÇª2],
        [ ÔÇª2],
        [ ÔÇª2],
        [ ÔÇª2],
        [ ÔÇª2],
        [ ÔÇª2],
        [ ÔÇª2],
        [ ÔÇª2],
        [ ÔÇª2],
        [ ÔÇª2],
        [ ÔÇª2],
        [ ÔÇª2],
        [ ÔÇª2],
        [ ÔÇª2],
        [ ÔÇª2],
        [ ÔÇª2],
        [ ÔÇª2],
        [ ÔÇª2],
        [ ÔÇª2],
        [ ÔÇª2],
        [ ÔÇª2],
        [ ÔÇª2],
        [ ÔÇª2],
        [ ÔÇª2],
        [ ÔÇª2],
        [ ÔÇª2],
        [ ÔÇª2],
        [ ÔÇª2],
        [ ÔÇª2],
        [ ÔÇª2],
        [ ÔÇª2],
        [ ÔÇª2],
        [ ÔÇª2],
        [ ÔÇª2],
        [ ÔÇª2],
        [ ÔÇª2],
        [ ÔÇª2],
        [ ÔÇª2],
        [ ÔÇª2],
        [ ÔÇª2],
        [ ÔÇª2],
        [ ÔÇª2],
        [ ÔÇª2],
        [ ÔÇª2],
        [ ÔÇª2],
        [ ÔÇª2],
        [ ÔÇª2],
        [ ÔÇª2],
        [ ÔÇª2],
        [ ÔÇª2],
        [ ÔÇª2],
        [ ÔÇª2],
        [ ÔÇª2],
        [ ÔÇª2],
        [ ÔÇª2],
        [ ÔÇª2],
        [ ÔÇª2],
        [ ÔÇª2],
        [ ÔÇª2],
        [ ÔÇª2],
        [ ÔÇª2],
        [ ÔÇª2],
        [ ÔÇª2],
        [ ÔÇª2],
        [ ÔÇª2],
        [ ÔÇª2],
        [ ÔÇª2],
        [ ÔÇª2],
        [ ÔÇª2],
        [ ÔÇª2],
        [ ÔÇª2],
        [ ÔÇª2],
        [ ÔÇª2],
        [ ÔÇª2],
        [ ÔÇª2],
        [ ÔÇª2],
        [ ÔÇª2],
        [ ÔÇª2],
        [ ÔÇª2],
        [ ÔÇª2],
        [ ÔÇª2],
        [ ÔÇª2],
        [ ÔÇª2],
        [ ÔÇª2],
        [ ÔÇª2],
        [ ÔÇª2],
        [ ÔÇª2],
        [ ÔÇª2],
        [ ÔÇª2],
        [ ÔÇª2],
        [ ÔÇª2],
        [ ÔÇª2],
        [ ÔÇª2],
        [ ÔÇª2],
        [ ÔÇª2],
        [ ÔÇª2],
        [ ÔÇª2],
        [ ÔÇª2],
        [ ÔÇª2],
        [ ÔÇª2],
        [ ÔÇª2],
        [ ÔÇª2],
        [ ÔÇª2],
        [ ÔÇª2],
        [ ÔÇª2],
        [ ÔÇª2],
        [ ÔÇª2],
        [ ÔÇª2],
        [ ÔÇª2],
        [ ÔÇª2],
        [ ÔÇª2],
        [ ÔÇª2],
        [ ÔÇª2],
        [ ÔÇª2],
        [ ÔÇª2],
        [ ÔÇª2],
        [ ÔÇª2],
        [ ÔÇª2],
        [ ÔÇª2],
        [ ÔÇª2],
        [ ÔÇª2],
        [ ÔÇª2],
        [ ÔÇª2],
        [ ÔÇª2],
        [ ÔÇª2],
        [ ÔÇª2],
        [ ÔÇª2],
        [ ÔÇª2],
        [ ÔÇª2]
      ],
      "bbox" => [
        "minY" => -20.66451309194,
        "minX" => -43.801356974978,
        "maxY" => -20.648398456157,
        "maxX" => -43.787569067601
      ],
      "name" => "Cachoeira Centro",
      "fromName" => "R. Ant├┤nio Aureliano de Rezende",
      "length" => 3153,
      "jamLevel" => 1,
      "id" => "1734959326165",
      "time" => 610,
      "type" => "STATIC"
    ],
    [
      "subRoutes" => [
        [ ÔÇª8],
        [ ÔÇª8],
        [ ÔÇª8]
      ],
      "toName" => "R. Jos├® Oliveira Bruno",
      "historicTime" => 617,
      "line" => [
        [ ÔÇª2],
        [ ÔÇª2],
        [ ÔÇª2],
        [ ÔÇª2],
        [ ÔÇª2],
        [ ÔÇª2],
        [ ÔÇª2],
        [ ÔÇª2],
        [ ÔÇª2],
        [ ÔÇª2],
        [ ÔÇª2],
        [ ÔÇª2],
        [ ÔÇª2],
        [ ÔÇª2],
        [ ÔÇª2],
        [ ÔÇª2],
        [ ÔÇª2],
        [ ÔÇª2],
        [ ÔÇª2],
        [ ÔÇª2],
        [ ÔÇª2],
        [ ÔÇª2],
        [ ÔÇª2],
        [ ÔÇª2],
        [ ÔÇª2],
        [ ÔÇª2],
        [ ÔÇª2],
        [ ÔÇª2],
        [ ÔÇª2],
        [ ÔÇª2],
        [ ÔÇª2],
        [ ÔÇª2],
        [ ÔÇª2],
        [ ÔÇª2],
        [ ÔÇª2],
        [ ÔÇª2],
        [ ÔÇª2],
        [ ÔÇª2],
        [ ÔÇª2],
        [ ÔÇª2],
        [ ÔÇª2],
        [ ÔÇª2],
        [ ÔÇª2],
        [ ÔÇª2],
        [ ÔÇª2],
        [ ÔÇª2],
        [ ÔÇª2],
        [ ÔÇª2],
        [ ÔÇª2],
        [ ÔÇª2],
        [ ÔÇª2],
        [ ÔÇª2],
        [ ÔÇª2],
        [ ÔÇª2],
        [ ÔÇª2],
        [ ÔÇª2],
        [ ÔÇª2],
        [ ÔÇª2],
        [ ÔÇª2],
        [ ÔÇª2],
        [ ÔÇª2],
        [ ÔÇª2],
        [ ÔÇª2],
        [ ÔÇª2],
        [ ÔÇª2],
        [ ÔÇª2],
        [ ÔÇª2],
        [ ÔÇª2],
        [ ÔÇª2],
        [ ÔÇª2],
        [ ÔÇª2],
        [ ÔÇª2],
        [ ÔÇª2],
        [ ÔÇª2],
        [ ÔÇª2],
        [ ÔÇª2],
        [ ÔÇª2],
        [ ÔÇª2],
        [ ÔÇª2],
        [ ÔÇª2],
        [ ÔÇª2],
        [ ÔÇª2],
        [ ÔÇª2],
        [ ÔÇª2],
        [ ÔÇª2],
        [ ÔÇª2],
        [ ÔÇª2],
        [ ÔÇª2],
        [ ÔÇª2],
        [ ÔÇª2],
        [ ÔÇª2],
        [ ÔÇª2],
        [ ÔÇª2],
        [ ÔÇª2],
        [ ÔÇª2],
        [ ÔÇª2],
        [ ÔÇª2],
        [ ÔÇª2],
        [ ÔÇª2],
        [ ÔÇª2],
        [ ÔÇª2],
        [ ÔÇª2],
        [ ÔÇª2],
        [ ÔÇª2],
        [ ÔÇª2],
        [ ÔÇª2],
        [ ÔÇª2],
        [ ÔÇª2],
        [ ÔÇª2],
        [ ÔÇª2],
        [ ÔÇª2],
        [ ÔÇª2],
        [ ÔÇª2],
        [ ÔÇª2],
        [ ÔÇª2],
        [ ÔÇª2],
        [ ÔÇª2],
        [ ÔÇª2],
        [ ÔÇª2],
        [ ÔÇª2],
        [ ÔÇª2],
        [ ÔÇª2],
        [ ÔÇª2],
        [ ÔÇª2],
        [ ÔÇª2],
        [ ÔÇª2],
        [ ÔÇª2],
        [ ÔÇª2],
        [ ÔÇª2],
        [ ÔÇª2],
        [ ÔÇª2],
        [ ÔÇª2],
        [ ÔÇª2],
        [ ÔÇª2],
        [ ÔÇª2],
        [ ÔÇª2]
      ],
      "bbox" => [
        "minY" => -20.679209700171,
        "minX" => -43.792594450495,
        "maxY" => -20.658949248119,
        "maxX" => -43.773040663035
      ],
      "name" => "S├úo Joao Sion",
      "fromName" => "Av. Pref. Tel├®sforo C├óndido Resende",
      "length" => 3777,
      "jamLevel" => 1,
      "id" => "1731862148600",
      "time" => 808,
      "type" => "STATIC"
    ],
    [
      "subRoutes" => [
        [ ÔÇª8],
        [ ÔÇª8]
      ],
      "toName" => "R. Duque de Caxias",
      "historicTime" => 431,
      "line" => [
        [ ÔÇª2],
        [ ÔÇª2],
        [ ÔÇª2],
        [ ÔÇª2],
        [ ÔÇª2],
        [ ÔÇª2],
        [ ÔÇª2],
        [ ÔÇª2],
        [ ÔÇª2],
        [ ÔÇª2],
        [ ÔÇª2],
        [ ÔÇª2],
        [ ÔÇª2],
        [ ÔÇª2],
        [ ÔÇª2],
        [ ÔÇª2],
        [ ÔÇª2],
        [ ÔÇª2],
        [ ÔÇª2],
        [ ÔÇª2],
        [ ÔÇª2],
        [ ÔÇª2],
        [ ÔÇª2],
        [ ÔÇª2],
        [ ÔÇª2],
        [ ÔÇª2],
        [ ÔÇª2],
        [ ÔÇª2],
        [ ÔÇª2],
        [ ÔÇª2],
        [ ÔÇª2],
        [ ÔÇª2],
        [ ÔÇª2],
        [ ÔÇª2],
        [ ÔÇª2],
        [ ÔÇª2],
        [ ÔÇª2],
        [ ÔÇª2],
        [ ÔÇª2],
        [ ÔÇª2],
        [ ÔÇª2],
        [ ÔÇª2],
        [ ÔÇª2],
        [ ÔÇª2],
        [ ÔÇª2],
        [ ÔÇª2],
        [ ÔÇª2],
        [ ÔÇª2],
        [ ÔÇª2],
        [ ÔÇª2],
        [ ÔÇª2],
        [ ÔÇª2],
        [ ÔÇª2],
        [ ÔÇª2],
        [ ÔÇª2],
        [ ÔÇª2],
        [ ÔÇª2],
        [ ÔÇª2],
        [ ÔÇª2],
        [ ÔÇª2],
        [ ÔÇª2],
        [ ÔÇª2],
        [ ÔÇª2],
        [ ÔÇª2],
        [ ÔÇª2],
        [ ÔÇª2],
        [ ÔÇª2],
        [ ÔÇª2],
        [ ÔÇª2],
        [ ÔÇª2],
        [ ÔÇª2],
        [ ÔÇª2],
        [ ÔÇª2],
        [ ÔÇª2],
        [ ÔÇª2],
        [ ÔÇª2],
        [ ÔÇª2],
        [ ÔÇª2],
        [ ÔÇª2],
        [ ÔÇª2],
        [ ÔÇª2],
        [ ÔÇª2],
        [ ÔÇª2],
        [ ÔÇª2],
        [ ÔÇª2]
      ],
      "bbox" => [
        "minY" => -20.661043165193,
        "minX" => -43.786600836515,
        "maxY" => -20.642221917178,
        "maxX" => -43.770434145624
      ],
      "name" => "R. Duque de Caxias Final Morro da Mina",
      "fromName" => "P├º. Bar├úo de Queluz",
      "length" => 2845,
      "jamLevel" => 1,
      "id" => "1741874735158",
      "time" => 532,
      "type" => "STATIC"
    ],
    [
      "subRoutes" => [],
      "toName" => "Av. Prof. Manoel Martins",
      "historicTime" => 334,
      "line" => [
        [ ÔÇª2],
        [ ÔÇª2],
        [ ÔÇª2],
        [ ÔÇª2],
        [ ÔÇª2],
        [ ÔÇª2],
        [ ÔÇª2],
        [ ÔÇª2],
        [ ÔÇª2],
        [ ÔÇª2],
        [ ÔÇª2],
        [ ÔÇª2],
        [ ÔÇª2],
        [ ÔÇª2],
        [ ÔÇª2],
        [ ÔÇª2],
        [ ÔÇª2],
        [ ÔÇª2],
        [ ÔÇª2],
        [ ÔÇª2],
        [ ÔÇª2],
        [ ÔÇª2],
        [ ÔÇª2],
        [ ÔÇª2],
        [ ÔÇª2],
        [ ÔÇª2],
        [ ÔÇª2],
        [ ÔÇª2],
        [ ÔÇª2],
        [ ÔÇª2],
        [ ÔÇª2],
        [ ÔÇª2],
        [ ÔÇª2],
        [ ÔÇª2],
        [ ÔÇª2],
        [ ÔÇª2],
        [ ÔÇª2],
        [ ÔÇª2],
        [ ÔÇª2],
        [ ÔÇª2],
        [ ÔÇª2],
        [ ÔÇª2],
        [ ÔÇª2],
        [ ÔÇª2],
        [ ÔÇª2],
        [ ÔÇª2],
        [ ÔÇª2],
        [ ÔÇª2],
        [ ÔÇª2],
        [ ÔÇª2],
        [ ÔÇª2],
        [ ÔÇª2],
        [ ÔÇª2],
        [ ÔÇª2],
        [ ÔÇª2],
        [ ÔÇª2],
        [ ÔÇª2],
        [ ÔÇª2],
        [ ÔÇª2],
        [ ÔÇª2],
        [ ÔÇª2],
        [ ÔÇª2],
        [ ÔÇª2],
        [ ÔÇª2],
        [ ÔÇª2],
        [ ÔÇª2],
        [ ÔÇª2],
        [ ÔÇª2],
        [ ÔÇª2],
        [ ÔÇª2],
        [ ÔÇª2],
        [ ÔÇª2],
        [ ÔÇª2],
        [ ÔÇª2],
        [ ÔÇª2],
        [ ÔÇª2],
        [ ÔÇª2],
        [ ÔÇª2],
        [ ÔÇª2],
        [ ÔÇª2],
        [ ÔÇª2],
        [ ÔÇª2],
        [ ÔÇª2],
        [ ÔÇª2],
        [ ÔÇª2],
        [ ÔÇª2],
        [ ÔÇª2],
        [ ÔÇª2],
        [ ÔÇª2],
        [ ÔÇª2],
        [ ÔÇª2],
        [ ÔÇª2],
        [ ÔÇª2],
        [ ÔÇª2],
        [ ÔÇª2],
        [ ÔÇª2],
        [ ÔÇª2],
        [ ÔÇª2],
        [ ÔÇª2],
        [ ÔÇª2],
        [ ÔÇª2],
        [ ÔÇª2],
        [ ÔÇª2],
        [ ÔÇª2],
        [ ÔÇª2],
        [ ÔÇª2],
        [ ÔÇª2],
        [ ÔÇª2],
        [ ÔÇª2],
        [ ÔÇª2],
        [ ÔÇª2],
        [ ÔÇª2],
        [ ÔÇª2]
      ],
      "bbox" => [
        "minY" => -20.658537157658,
        "minX" => -43.792563503288,
        "maxY" => -20.638116375141,
        "maxX" => -43.788454357373
      ],
      "name" => "Entrada de OB a Rodoviaria",
      "fromName" => "MG-129 Rod. Eng. Ary Belis├írio",
      "length" => 2607,
      "jamLevel" => 1,
      "id" => "1718114239669",
      "time" => 410,
      "type" => "STATIC"
    ],
    [
      "subRoutes" => [
        [ ÔÇª8],
        [ ÔÇª8],
        [ ÔÇª8]
      ],
      "historicTime" => 526,
      "line" => [
        [ ÔÇª2],
        [ ÔÇª2],
        [ ÔÇª2],
        [ ÔÇª2],
        [ ÔÇª2],
        [ ÔÇª2],
        [ ÔÇª2],
        [ ÔÇª2],
        [ ÔÇª2],
        [ ÔÇª2],
        [ ÔÇª2],
        [ ÔÇª2],
        [ ÔÇª2],
        [ ÔÇª2],
        [ ÔÇª2],
        [ ÔÇª2],
        [ ÔÇª2],
        [ ÔÇª2],
        [ ÔÇª2],
        [ ÔÇª2],
        [ ÔÇª2],
        [ ÔÇª2],
        [ ÔÇª2],
        [ ÔÇª2],
        [ ÔÇª2],
        [ ÔÇª2],
        [ ÔÇª2],
        [ ÔÇª2],
        [ ÔÇª2],
        [ ÔÇª2],
        [ ÔÇª2],
        [ ÔÇª2],
        [ ÔÇª2],
        [ ÔÇª2],
        [ ÔÇª2],
        [ ÔÇª2],
        [ ÔÇª2],
        [ ÔÇª2],
        [ ÔÇª2],
        [ ÔÇª2],
        [ ÔÇª2],
        [ ÔÇª2],
        [ ÔÇª2],
        [ ÔÇª2],
        [ ÔÇª2],
        [ ÔÇª2],
        [ ÔÇª2],
        [ ÔÇª2],
        [ ÔÇª2],
        [ ÔÇª2],
        [ ÔÇª2],
        [ ÔÇª2],
        [ ÔÇª2],
        [ ÔÇª2],
        [ ÔÇª2],
        [ ÔÇª2],
        [ ÔÇª2],
        [ ÔÇª2],
        [ ÔÇª2],
        [ ÔÇª2],
        [ ÔÇª2],
        [ ÔÇª2],
        [ ÔÇª2],
        [ ÔÇª2],
        [ ÔÇª2],
        [ ÔÇª2],
        [ ÔÇª2],
        [ ÔÇª2],
        [ ÔÇª2],
        [ ÔÇª2],
        [ ÔÇª2],
        [ ÔÇª2],
        [ ÔÇª2],
        [ ÔÇª2],
        [ ÔÇª2],
        [ ÔÇª2],
        [ ÔÇª2],
        [ ÔÇª2],
        [ ÔÇª2],
        [ ÔÇª2],
        [ ÔÇª2],
        [ ÔÇª2],
        [ ÔÇª2],
        [ ÔÇª2],
        [ ÔÇª2],
        [ ÔÇª2],
        [ ÔÇª2],
        [ ÔÇª2],
        [ ÔÇª2],
        [ ÔÇª2],
        [ ÔÇª2],
        [ ÔÇª2],
        [ ÔÇª2],
        [ ÔÇª2],
        [ ÔÇª2],
        [ ÔÇª2],
        [ ÔÇª2],
        [ ÔÇª2],
        [ ÔÇª2],
        [ ÔÇª2],
        [ ÔÇª2],
        [ ÔÇª2],
        [ ÔÇª2],
        [ ÔÇª2],
        [ ÔÇª2],
        [ ÔÇª2],
        [ ÔÇª2],
        [ ÔÇª2],
        [ ÔÇª2],
        [ ÔÇª2],
        [ ÔÇª2],
        [ ÔÇª2],
        [ ÔÇª2],
        [ ÔÇª2],
        [ ÔÇª2],
        [ ÔÇª2],
        [ ÔÇª2],
        [ ÔÇª2],
        [ ÔÇª2],
        [ ÔÇª2],
        [ ÔÇª2],
        [ ÔÇª2],
        [ ÔÇª2],
        [ ÔÇª2],
        [ ÔÇª2],
        [ ÔÇª2],
        [ ÔÇª2],
        [ ÔÇª2],
        [ ÔÇª2],
        [ ÔÇª2],
        [ ÔÇª2],
        [ ÔÇª2],
        [ ÔÇª2],
        [ ÔÇª2],
        [ ÔÇª2],
        [ ÔÇª2],
        [ ÔÇª2],
        [ ÔÇª2],
        [ ÔÇª2],
        [ ÔÇª2],
        [ ÔÇª2],
        [ ÔÇª2],
        [ ÔÇª2],
        [ ÔÇª2],
        [ ÔÇª2],
        [ ÔÇª2],
        [ ÔÇª2],
        [ ÔÇª2],
        [ ÔÇª2],
        [ ÔÇª2],
        [ ÔÇª2],
        [ ÔÇª2],
        [ ÔÇª2],
        [ ÔÇª2],
        [ ÔÇª2],
        [ ÔÇª2],
        [ ÔÇª2],
        [ ÔÇª2],
        [ ÔÇª2],
        [ ÔÇª2],
        [ ÔÇª2],
        [ ÔÇª2],
        [ ÔÇª2],
        [ ÔÇª2],
        [ ÔÇª2],
        [ ÔÇª2],
        [ ÔÇª2],
        [ ÔÇª2],
        [ ÔÇª2]
      ],
      "bbox" => [
        "minY" => -20.688348370511,
        "minX" => -43.79574804303,
        "maxY" => -20.660936891602,
        "maxX" => -43.784312160834
      ],
      "length" => 3468,
      "type" => "STATIC",
      "alternateRoute" => [
        "historicTime" => 458,
        "line" => [ ÔÇª128],
        "name" => "R. Lopes Franco, BR-040 Rod. Pres. Juscelino Kubitschek Conselheiro Lafaiete",
        "length" => 3905,
        "jamLevel" => 0,
        "time" => 545
      ],
      "toName" => "Sa├¡da 633",
      "name" => "Saindo Por Santa Matilde",
      "fromName" => "R. Comendador Lal├úo",
      "jamLevel" => 1,
      "id" => "1741874777850",
      "time" => 716
    ],
    [
      "subRoutes" => [
        [ ÔÇª8],
        [ ÔÇª8]
      ],
      "toName" => "MG-129 Rod. Eng. Ary Belis├írio",
      "historicTime" => 389,
      "line" => [
        [ ÔÇª2],
        [ ÔÇª2],
        [ ÔÇª2],
        [ ÔÇª2],
        [ ÔÇª2],
        [ ÔÇª2],
        [ ÔÇª2],
        [ ÔÇª2],
        [ ÔÇª2],
        [ ÔÇª2],
        [ ÔÇª2],
        [ ÔÇª2],
        [ ÔÇª2],
        [ ÔÇª2],
        [ ÔÇª2],
        [ ÔÇª2],
        [ ÔÇª2],
        [ ÔÇª2],
        [ ÔÇª2],
        [ ÔÇª2],
        [ ÔÇª2],
        [ ÔÇª2],
        [ ÔÇª2],
        [ ÔÇª2],
        [ ÔÇª2],
        [ ÔÇª2],
        [ ÔÇª2],
        [ ÔÇª2],
        [ ÔÇª2],
        [ ÔÇª2],
        [ ÔÇª2],
        [ ÔÇª2],
        [ ÔÇª2],
        [ ÔÇª2],
        [ ÔÇª2],
        [ ÔÇª2],
        [ ÔÇª2],
        [ ÔÇª2],
        [ ÔÇª2],
        [ ÔÇª2],
        [ ÔÇª2],
        [ ÔÇª2],
        [ ÔÇª2],
        [ ÔÇª2],
        [ ÔÇª2],
        [ ÔÇª2],
        [ ÔÇª2],
        [ ÔÇª2],
        [ ÔÇª2],
        [ ÔÇª2],
        [ ÔÇª2],
        [ ÔÇª2],
        [ ÔÇª2],
        [ ÔÇª2],
        [ ÔÇª2],
        [ ÔÇª2],
        [ ÔÇª2],
        [ ÔÇª2],
        [ ÔÇª2],
        [ ÔÇª2],
        [ ÔÇª2],
        [ ÔÇª2],
        [ ÔÇª2],
        [ ÔÇª2],
        [ ÔÇª2],
        [ ÔÇª2],
        [ ÔÇª2],
        [ ÔÇª2],
        [ ÔÇª2],
        [ ÔÇª2],
        [ ÔÇª2],
        [ ÔÇª2],
        [ ÔÇª2],
        [ ÔÇª2],
        [ ÔÇª2],
        [ ÔÇª2],
        [ ÔÇª2],
        [ ÔÇª2],
        [ ÔÇª2],
        [ ÔÇª2],
        [ ÔÇª2],
        [ ÔÇª2],
        [ ÔÇª2],
        [ ÔÇª2],
        [ ÔÇª2],
        [ ÔÇª2],
        [ ÔÇª2],
        [ ÔÇª2],
        [ ÔÇª2],
        [ ÔÇª2],
        [ ÔÇª2],
        [ ÔÇª2],
        [ ÔÇª2],
        [ ÔÇª2],
        [ ÔÇª2],
        [ ÔÇª2],
        [ ÔÇª2],
        [ ÔÇª2],
        [ ÔÇª2],
        [ ÔÇª2],
        [ ÔÇª2],
        [ ÔÇª2],
        [ ÔÇª2],
        [ ÔÇª2],
        [ ÔÇª2],
        [ ÔÇª2],
        [ ÔÇª2],
        [ ÔÇª2]
      ],
      "bbox" => [
        "minY" => -20.661030123928,
        "minX" => -43.791841201593,
        "maxY" => -20.642401147095,
        "maxX" => -43.784300480663
      ],
      "name" => "Saindo OB",
      "fromName" => "P├º. Bar├úo de Queluz",
      "length" => 2553,
      "jamLevel" => 1,
      "id" => "1741874698490",
      "time" => 492,
      "type" => "STATIC"
    ],
    [
      "subRoutes" => [
        [ ÔÇª8],
        [ ÔÇª8],
        [ ÔÇª8],
        [ ÔÇª8],
        [ ÔÇª8],
        [ ÔÇª8]
      ],
      "toName" => "R. Ney Franco",
      "historicTime" => 650,
      "line" => [
        [ ÔÇª2],
        [ ÔÇª2],
        [ ÔÇª2],
        [ ÔÇª2],
        [ ÔÇª2],
        [ ÔÇª2],
        [ ÔÇª2],
        [ ÔÇª2],
        [ ÔÇª2],
        [ ÔÇª2],
        [ ÔÇª2],
        [ ÔÇª2],
        [ ÔÇª2],
        [ ÔÇª2],
        [ ÔÇª2],
        [ ÔÇª2],
        [ ÔÇª2],
        [ ÔÇª2],
        [ ÔÇª2],
        [ ÔÇª2],
        [ ÔÇª2],
        [ ÔÇª2],
        [ ÔÇª2],
        [ ÔÇª2],
        [ ÔÇª2],
        [ ÔÇª2],
        [ ÔÇª2],
        [ ÔÇª2],
        [ ÔÇª2],
        [ ÔÇª2],
        [ ÔÇª2],
        [ ÔÇª2],
        [ ÔÇª2],
        [ ÔÇª2],
        [ ÔÇª2],
        [ ÔÇª2],
        [ ÔÇª2],
        [ ÔÇª2],
        [ ÔÇª2],
        [ ÔÇª2],
        [ ÔÇª2],
        [ ÔÇª2],
        [ ÔÇª2],
        [ ÔÇª2],
        [ ÔÇª2],
        [ ÔÇª2],
        [ ÔÇª2],
        [ ÔÇª2],
        [ ÔÇª2],
        [ ÔÇª2],
        [ ÔÇª2],
        [ ÔÇª2],
        [ ÔÇª2],
        [ ÔÇª2],
        [ ÔÇª2],
        [ ÔÇª2],
        [ ÔÇª2],
        [ ÔÇª2],
        [ ÔÇª2],
        [ ÔÇª2],
        [ ÔÇª2],
        [ ÔÇª2],
        [ ÔÇª2],
        [ ÔÇª2],
        [ ÔÇª2],
        [ ÔÇª2],
        [ ÔÇª2],
        [ ÔÇª2],
        [ ÔÇª2],
        [ ÔÇª2],
        [ ÔÇª2],
        [ ÔÇª2],
        [ ÔÇª2],
        [ ÔÇª2],
        [ ÔÇª2],
        [ ÔÇª2],
        [ ÔÇª2],
        [ ÔÇª2],
        [ ÔÇª2],
        [ ÔÇª2],
        [ ÔÇª2],
        [ ÔÇª2],
        [ ÔÇª2],
        [ ÔÇª2],
        [ ÔÇª2],
        [ ÔÇª2],
        [ ÔÇª2],
        [ ÔÇª2],
        [ ÔÇª2],
        [ ÔÇª2],
        [ ÔÇª2],
        [ ÔÇª2],
        [ ÔÇª2],
        [ ÔÇª2],
        [ ÔÇª2],
        [ ÔÇª2],
        [ ÔÇª2],
        [ ÔÇª2],
        [ ÔÇª2],
        [ ÔÇª2],
        [ ÔÇª2],
        [ ÔÇª2],
        [ ÔÇª2],
        [ ÔÇª2],
        [ ÔÇª2],
        [ ÔÇª2],
        [ ÔÇª2],
        [ ÔÇª2],
        [ ÔÇª2],
        [ ÔÇª2],
        [ ÔÇª2],
        [ ÔÇª2],
        [ ÔÇª2],
        [ ÔÇª2],
        [ ÔÇª2],
        [ ÔÇª2],
        [ ÔÇª2],
        [ ÔÇª2],
        [ ÔÇª2],
        [ ÔÇª2],
        [ ÔÇª2],
        [ ÔÇª2],
        [ ÔÇª2],
        [ ÔÇª2],
        [ ÔÇª2],
        [ ÔÇª2],
        [ ÔÇª2],
        [ ÔÇª2],
        [ ÔÇª2],
        [ ÔÇª2],
        [ ÔÇª2],
        [ ÔÇª2],
        [ ÔÇª2],
        [ ÔÇª2],
        [ ÔÇª2],
        [ ÔÇª2],
        [ ÔÇª2],
        [ ÔÇª2],
        [ ÔÇª2],
        [ ÔÇª2],
        [ ÔÇª2],
        [ ÔÇª2],
        [ ÔÇª2],
        [ ÔÇª2],
        [ ÔÇª2],
        [ ÔÇª2]
      ],
      "bbox" => [
        "minY" => -20.678800606762,
        "minX" => -43.792557080281,
        "maxY" => -20.658802310211,
        "maxX" => -43.764072654272
      ],
      "name" => "Moinhos Francisco Lobo",
      "fromName" => "Av. Pref. Tel├®sforo C├óndido Resende",
      "length" => 4555,
      "jamLevel" => 1,
      "id" => "1731862202020",
      "time" => 858,
      "type" => "STATIC"
    ],
    [
      "subRoutes" => [],
      "toName" => "R. Val├®rio Eug├¬nio",
      "historicTime" => 42,
      "line" => [
        [ ÔÇª2],
        [ ÔÇª2],
        [ ÔÇª2],
        [ ÔÇª2],
        [ ÔÇª2],
        [ ÔÇª2],
        [ ÔÇª2],
        [ ÔÇª2],
        [ ÔÇª2],
        [ ÔÇª2],
        [ ÔÇª2],
        [ ÔÇª2],
        [ ÔÇª2],
        [ ÔÇª2],
        [ ÔÇª2],
        [ ÔÇª2],
        [ ÔÇª2],
        [ ÔÇª2],
        [ ÔÇª2],
        [ ÔÇª2],
        [ ÔÇª2],
        [ ÔÇª2],
        [ ÔÇª2],
        [ ÔÇª2],
        [ ÔÇª2],
        [ ÔÇª2],
        [ ÔÇª2],
        [ ÔÇª2],
        [ ÔÇª2],
        [ ÔÇª2],
        [ ÔÇª2],
        [ ÔÇª2]
      ],
      "bbox" => [
        "minY" => -20.656306931989,
        "minX" => -43.803908717429,
        "maxY" => -20.655608042891,
        "maxX" => -43.802324913142
      ],
      "name" => "Rota 2",
      "fromName" => "Av. Monsenhor Moreira",
      "length" => 209,
      "jamLevel" => 0,
      "id" => "1762938283029",
      "time" => 78,
      "type" => "STATIC"
    ],
    [
      "subRoutes" => [
        [ ÔÇª8],
        [ ÔÇª8]
      ],
      "toName" => "R. Arthur Nascimento",
      "historicTime" => 49,
      "line" => [
        [ ÔÇª2],
        [ ÔÇª2],
        [ ÔÇª2],
        [ ÔÇª2],
        [ ÔÇª2],
        [ ÔÇª2],
        [ ÔÇª2],
        [ ÔÇª2],
        [ ÔÇª2],
        [ ÔÇª2],
        [ ÔÇª2],
        [ ÔÇª2],
        [ ÔÇª2],
        [ ÔÇª2],
        [ ÔÇª2],
        [ ÔÇª2],
        [ ÔÇª2]
      ],
      "bbox" => [
        "minY" => -20.659592274536,
        "minX" => -43.789343718717,
        "maxY" => -20.658866796898,
        "maxX" => -43.785475491922
      ],
      "name" => "Av. Pref. Tel├®sforo C├óndido Resende Pt3 Subindo",
      "fromName" => "Av. Pref. Tel├®sforo C├óndido Resende",
      "length" => 429,
      "jamLevel" => 0,
      "id" => "1741786665856",
      "time" => 62,
      "type" => "STATIC"
    ],
    [
      "subRoutes" => [],
      "toName" => "R. Lopes Franco",
      "historicTime" => 298,
      "line" => [
        [ ÔÇª2],
        [ ÔÇª2],
        [ ÔÇª2],
        [ ÔÇª2],
        [ ÔÇª2],
        [ ÔÇª2],
        [ ÔÇª2],
        [ ÔÇª2],
        [ ÔÇª2],
        [ ÔÇª2],
        [ ÔÇª2],
        [ ÔÇª2],
        [ ÔÇª2],
        [ ÔÇª2],
        [ ÔÇª2],
        [ ÔÇª2],
        [ ÔÇª2],
        [ ÔÇª2],
        [ ÔÇª2],
        [ ÔÇª2],
        [ ÔÇª2],
        [ ÔÇª2],
        [ ÔÇª2],
        [ ÔÇª2],
        [ ÔÇª2],
        [ ÔÇª2],
        [ ÔÇª2],
        [ ÔÇª2],
        [ ÔÇª2],
        [ ÔÇª2],
        [ ÔÇª2],
        [ ÔÇª2],
        [ ÔÇª2],
        [ ÔÇª2],
        [ ÔÇª2],
        [ ÔÇª2],
        [ ÔÇª2],
        [ ÔÇª2],
        [ ÔÇª2],
        [ ÔÇª2],
        [ ÔÇª2],
        [ ÔÇª2],
        [ ÔÇª2],
        [ ÔÇª2],
        [ ÔÇª2],
        [ ÔÇª2],
        [ ÔÇª2],
        [ ÔÇª2],
        [ ÔÇª2],
        [ ÔÇª2],
        [ ÔÇª2],
        [ ÔÇª2],
        [ ÔÇª2],
        [ ÔÇª2],
        [ ÔÇª2],
        [ ÔÇª2],
        [ ÔÇª2],
        [ ÔÇª2],
        [ ÔÇª2],
        [ ÔÇª2],
        [ ÔÇª2],
        [ ÔÇª2],
        [ ÔÇª2],
        [ ÔÇª2],
        [ ÔÇª2]
      ],
      "bbox" => [
        "minY" => -20.675547896094,
        "minX" => -43.799574003593,
        "maxY" => -20.659946428044,
        "maxX" => -43.794563353141
      ],
      "name" => "S├úo sebastiao - Lopes Franco",
      "fromName" => "R. Luiz Pasteur",
      "length" => 2005,
      "jamLevel" => 0,
      "id" => "1718197966030",
      "time" => 358,
      "type" => "STATIC"
    ],
    [
      "subRoutes" => [],
      "toName" => "R. Dr. Wenceslau Braz",
      "historicTime" => 125,
      "line" => [
        [ ÔÇª2],
        [ ÔÇª2],
        [ ÔÇª2],
        [ ÔÇª2],
        [ ÔÇª2],
        [ ÔÇª2],
        [ ÔÇª2],
        [ ÔÇª2],
        [ ÔÇª2],
        [ ÔÇª2],
        [ ÔÇª2],
        [ ÔÇª2],
        [ ÔÇª2],
        [ ÔÇª2],
        [ ÔÇª2],
        [ ÔÇª2],
        [ ÔÇª2],
        [ ÔÇª2],
        [ ÔÇª2],
        [ ÔÇª2],
        [ ÔÇª2],
        [ ÔÇª2],
        [ ÔÇª2],
        [ ÔÇª2],
        [ ÔÇª2],
        [ ÔÇª2],
        [ ÔÇª2],
        [ ÔÇª2],
        [ ÔÇª2],
        [ ÔÇª2],
        [ ÔÇª2],
        [ ÔÇª2],
        [ ÔÇª2],
        [ ÔÇª2],
        [ ÔÇª2],
        [ ÔÇª2],
        [ ÔÇª2],
        [ ÔÇª2],
        [ ÔÇª2],
        [ ÔÇª2],
        [ ÔÇª2],
        [ ÔÇª2],
        [ ÔÇª2],
        [ ÔÇª2],
        [ ÔÇª2],
        [ ÔÇª2],
        [ ÔÇª2],
        [ ÔÇª2],
        [ ÔÇª2],
        [ ÔÇª2],
        [ ÔÇª2],
        [ ÔÇª2],
        [ ÔÇª2],
        [ ÔÇª2],
        [ ÔÇª2],
        [ ÔÇª2],
        [ ÔÇª2],
        [ ÔÇª2],
        [ ÔÇª2],
        [ ÔÇª2],
        [ ÔÇª2],
        [ ÔÇª2]
      ],
      "bbox" => [
        "minY" => -20.659830519355,
        "minX" => -43.808249466757,
        "maxY" => -20.654896104812,
        "maxX" => -43.798857644075
      ],
      "name" => "Entrada at├® S├úo Sebasti├úo",
      "fromName" => "Sa├¡da 629",
      "length" => 1232,
      "jamLevel" => 0,
      "id" => "1718113498839",
      "time" => 147,
      "type" => "STATIC"
    ],
    [
      "subRoutes" => [],
      "toName" => "Vd. Duartina Nogueira de Rezende",
      "historicTime" => 33,
      "line" => [
        [ ÔÇª2],
        [ ÔÇª2],
        [ ÔÇª2],
        [ ÔÇª2],
        [ ÔÇª2],
        [ ÔÇª2],
        [ ÔÇª2],
        [ ÔÇª2],
        [ ÔÇª2],
        [ ÔÇª2]
      ],
      "bbox" => [
        "minY" => -20.660117840222,
        "minX" => -43.794711076023,
        "maxY" => -20.659063138871,
        "maxX" => -43.793236162669
      ],
      "name" => "Cruzamento AVENIDA DIAS DE SOUZA",
      "fromName" => "Av. Prefeito Tel├®sforo C├óndido Resende",
      "length" => 193,
      "jamLevel" => 0,
      "id" => "1745359784971",
      "time" => 37,
      "type" => "STATIC"
    ],
    [
      "subRoutes" => [],
      "toName" => "R. Santo Ant├┤nio de P├ídua",
      "historicTime" => 109,
      "line" => [
        [ ÔÇª2],
        [ ÔÇª2],
        [ ÔÇª2],
        [ ÔÇª2],
        [ ÔÇª2],
        [ ÔÇª2],
        [ ÔÇª2],
        [ ÔÇª2],
        [ ÔÇª2],
        [ ÔÇª2],
        [ ÔÇª2],
        [ ÔÇª2],
        [ ÔÇª2],
        [ ÔÇª2],
        [ ÔÇª2],
        [ ÔÇª2],
        [ ÔÇª2],
        [ ÔÇª2],
        [ ÔÇª2]
      ],
      "bbox" => [
        "minY" => -20.645064056452,
        "minX" => -43.80958733898,
        "maxY" => -20.641260570463,
        "maxX" => -43.805553764483
      ],
      "name" => "R. Santo Ant├┤nio de P├ídua Sentido bairro",
      "fromName" => "R. Santo Ant├┤nio de P├ídua",
      "length" => 594,
      "jamLevel" => 0,
      "id" => "1741988684698",
      "time" => 132,
      "type" => "STATIC"
    ],
    [
      "subRoutes" => [],
      "toName" => "R. Dr. Henrique de Abreu",
      "historicTime" => 49,
      "line" => [
        [ ÔÇª2],
        [ ÔÇª2],
        [ ÔÇª2],
        [ ÔÇª2],
        [ ÔÇª2],
        [ ÔÇª2],
        [ ÔÇª2],
        [ ÔÇª2],
        [ ÔÇª2],
        [ ÔÇª2]
      ],
      "bbox" => [
        "minY" => -20.663226251075,
        "minX" => -43.786600836515,
        "maxY" => -20.661043165193,
        "maxX" => -43.784217551364
      ],
      "name" => "R. Brasil Descendo",
      "fromName" => "P├º. Bar├úo de Queluz",
      "length" => 345,
      "jamLevel" => 0,
      "id" => "1741908282591",
      "time" => 59,
      "type" => "STATIC"
    ],
    [
      "subRoutes" => [],
      "toName" => "R. Duque de Caxias",
      "historicTime" => 16,
      "line" => [
        [ ÔÇª2],
        [ ÔÇª2],
        [ ÔÇª2],
        [ ÔÇª2],
        [ ÔÇª2]
      ],
      "bbox" => [
        "minY" => -20.654185221225,
        "minX" => -43.776748080397,
        "maxY" => -20.653457595157,
        "maxX" => -43.776101478482
      ],
      "name" => "Duque de Caxias Trecho 5",
      "fromName" => "R. Duque de Caxias",
      "length" => 106,
      "jamLevel" => 0,
      "id" => "1741861574787",
      "time" => 19,
      "type" => "STATIC"
    ],
    [
      "subRoutes" => [],
      "toName" => "R. Jo├úo de Miranda Filho",
      "historicTime" => 103,
      "line" => [
        [ ÔÇª2],
        [ ÔÇª2],
        [ ÔÇª2],
        [ ÔÇª2],
        [ ÔÇª2],
        [ ÔÇª2],
        [ ÔÇª2],
        [ ÔÇª2],
        [ ÔÇª2],
        [ ÔÇª2],
        [ ÔÇª2],
        [ ÔÇª2],
        [ ÔÇª2],
        [ ÔÇª2],
        [ ÔÇª2],
        [ ÔÇª2],
        [ ÔÇª2],
        [ ÔÇª2],
        [ ÔÇª2],
        [ ÔÇª2],
        [ ÔÇª2]
      ],
      "bbox" => [
        "minY" => -20.645076332603,
        "minX" => -43.809618275382,
        "maxY" => -20.641235468803,
        "maxX" => -43.805512901673
      ],
      "name" => "R. Santo Ant├┤nio de P├ídua Sentido BR-040",
      "fromName" => "R. Santo Ant├┤nio de P├ídua",
      "length" => 604,
      "jamLevel" => 0,
      "id" => "1741988714710",
      "time" => 122,
      "type" => "STATIC"
    ],
    [
      "subRoutes" => [],
      "toName" => "R. Ant├┤nio Aureliano de Rezende",
      "historicTime" => 265,
      "line" => [
        [ ÔÇª2],
        [ ÔÇª2],
        [ ÔÇª2],
        [ ÔÇª2],
        [ ÔÇª2],
        [ ÔÇª2],
        [ ÔÇª2],
        [ ÔÇª2],
        [ ÔÇª2],
        [ ÔÇª2],
        [ ÔÇª2],
        [ ÔÇª2],
        [ ÔÇª2],
        [ ÔÇª2],
        [ ÔÇª2],
        [ ÔÇª2],
        [ ÔÇª2],
        [ ÔÇª2],
        [ ÔÇª2],
        [ ÔÇª2],
        [ ÔÇª2],
        [ ÔÇª2],
        [ ÔÇª2],
        [ ÔÇª2],
        [ ÔÇª2],
        [ ÔÇª2],
        [ ÔÇª2],
        [ ÔÇª2],
        [ ÔÇª2],
        [ ÔÇª2],
        [ ÔÇª2],
        [ ÔÇª2],
        [ ÔÇª2],
        [ ÔÇª2],
        [ ÔÇª2],
        [ ÔÇª2],
        [ ÔÇª2],
        [ ÔÇª2],
        [ ÔÇª2],
        [ ÔÇª2],
        [ ÔÇª2],
        [ ÔÇª2],
        [ ÔÇª2],
        [ ÔÇª2],
        [ ÔÇª2],
        [ ÔÇª2]
      ],
      "bbox" => [
        "minY" => -20.656120480231,
        "minX" => -43.801251890064,
        "maxY" => -20.642683465032,
        "maxX" => -43.791962072549
      ],
      "name" => "R. Ant├┤nio Aureliano de Rezende Conselheiro Lafaiete",
      "fromName" => "R. Ant├┤nio Aureliano de Rezende",
      "length" => 1857,
      "jamLevel" => 0,
      "id" => "1750636751207",
      "time" => 303,
      "type" => "STATIC"
    ],
    [
      "subRoutes" => [],
      "toName" => "R. Duque de Caxias",
      "historicTime" => 59,
      "line" => [
        [ ÔÇª2],
        [ ÔÇª2],
        [ ÔÇª2],
        [ ÔÇª2],
        [ ÔÇª2],
        [ ÔÇª2],
        [ ÔÇª2],
        [ ÔÇª2],
        [ ÔÇª2],
        [ ÔÇª2]
      ],
      "bbox" => [
        "minY" => -20.657122256637,
        "minX" => -43.782704942939,
        "maxY" => -20.655930346514,
        "maxX" => -43.779539409874
      ],
      "name" => "Duque de Caxias Trecho 3",
      "fromName" => "R. Duque de Caxias",
      "length" => 355,
      "jamLevel" => 0,
      "id" => "1741861500724",
      "time" => 55,
      "type" => "STATIC"
    ],
    [
      "subRoutes" => [],
      "toName" => "R. Duque de Caxias",
      "historicTime" => 52,
      "line" => [
        [ ÔÇª2],
        [ ÔÇª2],
        [ ÔÇª2],
        [ ÔÇª2],
        [ ÔÇª2],
        [ ÔÇª2],
        [ ÔÇª2],
        [ ÔÇª2],
        [ ÔÇª2]
      ],
      "bbox" => [
        "minY" => -20.655948770625,
        "minX" => -43.779583214777,
        "maxY" => -20.654266918858,
        "maxX" => -43.776841536153
      ],
      "name" => "Duque de Caxias Trecho 4",
      "fromName" => "R. Duque de Caxias",
      "length" => 343,
      "jamLevel" => 0,
      "id" => "1741861538420",
      "time" => 60,
      "type" => "STATIC"
    ],
    [
      "subRoutes" => [
        [ ÔÇª8],
        [ ÔÇª8],
        [ ÔÇª8]
      ],
      "toName" => "Av. Prefeito Tel├®sforo C├óndido Resende",
      "historicTime" => 54,
      "line" => [
        [ ÔÇª2],
        [ ÔÇª2],
        [ ÔÇª2],
        [ ÔÇª2],
        [ ÔÇª2],
        [ ÔÇª2],
        [ ÔÇª2],
        [ ÔÇª2],
        [ ÔÇª2],
        [ ÔÇª2],
        [ ÔÇª2],
        [ ÔÇª2],
        [ ÔÇª2],
        [ ÔÇª2]
      ],
      "bbox" => [
        "minY" => -20.659798103278,
        "minX" => -43.795261091675,
        "maxY" => -20.659509570171,
        "maxX" => -43.793632046405
      ],
      "name" => "Cruzamento DIAS DE SOUZA AVENIDA",
      "fromName" => "R. Dias de Souza",
      "length" => 181,
      "jamLevel" => 0,
      "id" => "1745359748914",
      "time" => 94,
      "type" => "STATIC"
    ],
    [
      "subRoutes" => [
        [ ÔÇª8]
         ÔÇª1
      ],
      "toName" => "R. Cel. Jo├úo Gomes",
      "historicTime" => 38,
      "line" => [ ÔÇª11],
      "bbox" => [ ÔÇª4],
      "name" => "Duque de Caxias Trecho 1",
      "fromName" => "R. Comendador Baeta Neves",
      "length" => 188,
      "jamLevel" => 0,
      "id" => "1741861438902",
      "time" => 57,
      "type" => "STATIC"
    ],
    [
      "subRoutes" => [],
      "toName" => "R. Bar├úo de Pouso Alegre",
      "historicTime" => 151,
      "line" => [ ÔÇª31],
      "bbox" => [ ÔÇª4],
      "name" => "R. Bar├úo de Pouso Alegre Descendo",
      "fromName" => "R. Bar├úo de Pouso Alegre",
      "length" => 1184,
      "jamLevel" => 0,
      "id" => "1741908154031",
      "time" => 172,
      "type" => "STATIC"
    ],
    [
      "subRoutes" => [],
      "toName" => "Av. Pref. Tel├®sforo C├óndido Resende",
      "historicTime" => 40,
      "line" => [ ÔÇª14],
      "bbox" => [ ÔÇª4],
      "name" => "Vd. Duartina Nogueira de Rezende Sentido Centro",
      "fromName" => "Vd. Duartina Nogueira de Rezende",
      "length" => 380,
      "jamLevel" => 0,
      "id" => "1741786563176",
      "time" => 45,
      "type" => "STATIC"
    ],
    [
      "subRoutes" => [ ÔÇª2],
      "toName" => "Av. Pref. Tel├®sforo C├óndido Resende",
      "historicTime" => 63,
      "line" => [ ÔÇª9],
      "bbox" => [ ÔÇª4],
      "name" => "Av. Pref. Tel├®sforo C├óndido Resende Pt2 Subindo",
      "fromName" => "Av. Pref. Tel├®sforo C├óndido Resende",
      "length" => 320,
      "jamLevel" => 0,
      "id" => "1741786625193",
      "time" => 74,
      "type" => "STATIC"
    ],
    [
      "subRoutes" => [],
      "toName" => "Vd. Pe. Ermano Jos├® Ferreira",
      "historicTime" => 29,
      "line" => [ ÔÇª21],
      "bbox" => [ ÔÇª4],
      "name" => "Rota 1",
      "fromName" => "R. Fernanda Bedran Peixoto",
      "length" => 254,
      "jamLevel" => 0,
      "id" => "1762938264871",
      "time" => 36,
      "type" => "STATIC"
    ],
    [
      "subRoutes" => [ ÔÇª4],
      "toName" => "Av. Pref. Tel├®sforo C├óndido Resende",
      "historicTime" => 32,
      "line" => [ ÔÇª8],
      "bbox" => [ ÔÇª4],
      "name" => "Av. Pref. Tel├®sforo C├óndido Resende Pt1 Subindo",
      "fromName" => "Av. Pref. Tel├®sforo C├óndido Resende",
      "length" => 176,
      "jamLevel" => 0,
      "id" => "1741786588916",
      "time" => 52,
      "type" => "STATIC"
    ],
    [
      "subRoutes" => [],
      "toName" => "R. Bar├úo de Pouso Alegre",
      "historicTime" => 157,
      "line" => [ ÔÇª28],
      "bbox" => [ ÔÇª4],
      "name" => "R. Bar├úo de Pouso Alegre Conselheiro Lafaiete",
      "fromName" => "R. Bar├úo de Pouso Alegre",
      "length" => 1159,
      "jamLevel" => 0,
      "id" => "1764594873632",
      "time" => 192,
      "type" => "STATIC"
    ],
    [
      "subRoutes" => [],
      "toName" => "R. Duque de Caxias",
      "historicTime" => 32,
      "line" => [ ÔÇª7],
      "bbox" => [ ÔÇª4],
      "name" => "Duque de Caxias Trecho 2",
      "fromName" => "R. Dr. Jos├® Lopes de Assis",
      "length" => 208,
      "jamLevel" => 0,
      "id" => "1741861468709",
      "time" => 37,
      "type" => "STATIC"
    ],
    [
      "subRoutes" => [],
      "toName" => "Vd. Duartina Nogueira de Rezende",
      "historicTime" => 42,
      "line" => [ ÔÇª14],
      "bbox" => [ ÔÇª4],
      "name" => "Vd. Duartina Nogueira de Rezende Sentido Bairro",
      "fromName" => "Av. Pref. Tel├®sforo C├óndido Resende",
      "length" => 374,
      "jamLevel" => 0,
      "id" => "1741908925746",
      "time" => 50,
      "type" => "STATIC"
    ],
    [
      "subRoutes" => [],
      "toName" => "R. Comendador Baeta Neves",
      "historicTime" => 110,
      "line" => [ ÔÇª27],
      "bbox" => [ ÔÇª4],
      "name" => "R. Brasil Subindo",
      "fromName" => "R. Dr. Henrique de Abreu",
      "length" => 570,
      "jamLevel" => 0,
      "id" => "1741908324217",
      "time" => 128,
      "type" => "STATIC"
    ]
  ]
]
00:20:08 WARNING   [app] Item TVT sem routeId
[
  "item" => []
]
00:20:08 WARNING   [app] Item TVT sem routeId
[
  "item" => []
]
00:20:08 WARNING   [app] Item TVT sem routeId
[
  "item" => []
]
00:20:08 WARNING   [app] Item TVT sem routeId
[
  "item" => [
    "minY" => -20.714734790204,
    "minX" => -43.821253141807,
    "maxY" => -20.613867088768,
    "maxX" => -43.748125395225
  ]
]
00:20:08 WARNING   [app] Item TVT sem routeId
[
  "item" => []
]
00:20:08 WARNING   [app] Item TVT sem routeId
[
  "item" => [
    [
      "jamLevel" => 1,
      "jamLength" => 388
    ],
    [
      "jamLevel" => 2,
      "jamLength" => 526
    ],
    [
      "jamLevel" => 3,
      "jamLength" => 1500
    ],
    [
      "jamLevel" => 4,
      "jamLength" => 392
    ],
    [
      "jamLevel" => 5,
      "jamLength" => 524
    ]
  ]
]
     Ô£ô 8 routes

Partner: Prefeitura Ouro Preto (3)
----------------------------------

   No feeds configured

 Completed: 2 successful, 0 errors
