ID;UUID;Tipo;Subtipo;Cidade;Rua;Confiança;Confiabilidade;Ativo;Latitude;Longitude;"Publicado (ms)";"Coletado em (UTC)";"Coletado em (SP)"
5380;46f5f9ee-1593-4c29-95fb-11c1c9cb8c59;JAM;JAM_HEAVY_TRAFFIC;"Conselheiro Lafaiete";"R. Dr. José Lopes de Assis";0;5;0;-20.6590270;-43.7833240;1790547907000;2026-09-27T22:25:12+00:00;"27/09/2026 19:25:12"
5151;b8444a0d-ad7b-489b-9258-c8140da3c6f6;HAZARD;HAZARD_ON_ROAD_POT_HOLE;"Conselheiro Lafaiete";"R. Joemy Faria";1;7;1;-20.6621240;-43.7747250;1790542254000;2026-09-27T20:53:11+00:00;"27/09/2026 17:53:11"
4953;28286a01-c642-4c76-88b9-ed7f69b5eb8a;JAM;;"Conselheiro Lafaiete";"R. Homero Seabra";0;5;0;-20.6594180;-43.7925520;1790535385000;2026-09-27T18:59:52+00:00;"27/09/2026 15:59:52"
4635;cba6658c-aa03-4a2f-b6f2-da4be53aafa8;HAZARD;HAZARD_ON_ROAD_TRAFFIC_LIGHT_FAULT;"Conselheiro Lafaiete";"Av. Monsenhor Moreira";0;6;0;-20.6574390;-43.8014320;1790523621000;2026-09-27T15:40:48+00:00;"27/09/2026 12:40:48"
4636;803cc87b-adcd-4482-9b6c-72f51fe91d3b;HAZARD;HAZARD_ON_ROAD_POT_HOLE;"Conselheiro Lafaiete";"Av. Monsenhor Moreira";3;10;0;-20.6576680;-43.8009000;1790523627000;2026-09-27T15:40:48+00:00;"27/09/2026 12:40:48"
4509;6cba8cff-d34a-4ae0-9947-4f0fbe4493c8;ACCIDENT;;"Conselheiro Lafaiete";"R. Tavares de Melo";0;6;0;-20.6600830;-43.7889510;1790519245000;2026-09-27T14:28:33+00:00;"27/09/2026 11:28:33"
4479;1b5889d6-ac54-4621-93b5-6ce080962ec9;JAM;;"Conselheiro Lafaiete";"R. Aristides de Alencar";0;5;0;-20.6614990;-43.8018590;1790518216000;2026-09-27T14:14:32+00:00;"27/09/2026 11:14:32"
4239;8e009c68-9bc2-477c-93c6-7f8f00a6a845;JAM;;"Conselheiro Lafaiete";"Av. Prefeito Telésforo Cândido Resende";0;5;0;-20.6585420;-43.7898080;1790507596000;2026-09-27T11:16:18+00:00;"27/09/2026 08:16:18"
4149;1057914a-760c-48da-8f03-5f656a15d0f4;HAZARD;HAZARD_ON_SHOULDER_ANIMALS;"Conselheiro Lafaiete";"R. Olímpio de Paula Ribeiro";0;5;0;-20.6413980;-43.8148080;1790499068000;2026-09-27T08:51:12+00:00;"27/09/2026 05:51:12"
3916;0e5f88e6-ccfc-450e-903b-d68fc70a20df;JAM;;"Conselheiro Lafaiete";"BR-040 Rod. Pres. Juscelino Kubitschek";0;5;0;-20.6439260;-43.8114350;1790482421000;2026-09-27T04:17:11+00:00;"27/09/2026 01:17:11"
3745;411501ed-3721-4f0f-ac7e-fb26ca65781e;HAZARD;HAZARD_ON_ROAD_POT_HOLE;"Conselheiro Lafaiete";"R. Amazonas";5;10;1;-20.6729120;-43.7816220;1790469333000;2026-09-27T00:38:16+00:00;"26/09/2026 21:38:16"
3746;7a435af3-aa81-4b76-afa6-864441bde7c2;HAZARD;HAZARD_ON_ROAD_POT_HOLE;"Conselheiro Lafaiete";"R. Amazonas";1;9;0;-20.6736070;-43.7825450;1790469314000;2026-09-27T00:38:16+00:00;"26/09/2026 21:38:16"
3476;cabfb540-8d14-4652-a000-a73134a8c354;HAZARD;HAZARD_ON_ROAD_POT_HOLE;"Conselheiro Lafaiete";"R. Adolfo Siqueira";3;10;0;-20.6744980;-43.7830510;1790454861000;2026-09-26T20:37:11+00:00;"26/09/2026 17:37:11"
3477;a9e514d8-4620-4e7d-9200-1fe53c93be95;HAZARD;HAZARD_ON_ROAD_POT_HOLE;"Conselheiro Lafaiete";"R. Adolfo Siqueira";5;10;0;-20.6754660;-43.7830880;1790454875000;2026-09-26T20:37:11+00:00;"26/09/2026 17:37:11"
3426;04dd62aa-94e1-4a1b-a5be-95514ce6fb81;HAZARD;HAZARD_ON_SHOULDER_ANIMALS;"Conselheiro Lafaiete";"R. Barão de Pouso Alegre";0;6;0;-20.6655250;-43.8042380;1790453536000;2026-09-26T20:15:11+00:00;"26/09/2026 17:15:11"
3156;8150d6e4-7285-4633-bc60-aac969dda152;HAZARD;HAZARD_ON_ROAD_POT_HOLE;"Conselheiro Lafaiete";;0;8;0;-20.6558770;-43.8041590;1790443259000;2026-09-26T17:21:11+00:00;"26/09/2026 14:21:11"
3003;9f0e11ab-c26d-4ca4-b2e3-f24b6cef5b5a;HAZARD;HAZARD_ON_ROAD_POT_HOLE;"Conselheiro Lafaiete";"R. Brasil";5;10;1;-20.6625880;-43.7850540;1790439416000;2026-09-26T16:17:12+00:00;"26/09/2026 13:17:12"
2996;f5d746d0-ff20-4197-8fb8-3a35b078db05;HAZARD;HAZARD_ON_ROAD_POT_HOLE;"Conselheiro Lafaiete";"R. Antônio Reis";1;9;1;-20.6719870;-43.7791790;1790439054000;2026-09-26T16:13:12+00:00;"26/09/2026 13:13:12"
2908;8d77d5d5-0672-4b8d-bdce-80b6c9eeb976;JAM;;;MGC-482;0;5;0;-20.6508190;-43.7538250;1790437178000;2026-09-26T15:40:07+00:00;"26/09/2026 12:40:07"
2840;e49d07a0-04fa-43e1-8a36-504459c743e8;HAZARD;HAZARD_ON_SHOULDER_CAR_STOPPED;"Conselheiro Lafaiete";"R. Dr. Ademar Pereira de Barros";0;5;0;-20.6523150;-43.7761890;1790436096000;2026-09-26T15:23:11+00:00;"26/09/2026 12:23:11"
2592;ab75cf34-becc-4e8e-97f5-df01e1c1ede1;JAM;;"Conselheiro Lafaiete";;0;5;0;-20.6605770;-43.8020080;1790432286000;2026-09-26T14:19:05+00:00;"26/09/2026 11:19:05"
2558;7faa776c-cd7e-4821-a6a3-945ff4f53c97;JAM;;"Conselheiro Lafaiete";"R. Duque de Caxias";0;5;0;-20.6556870;-43.7789540;1790431657000;2026-09-26T14:09:11+00:00;"26/09/2026 11:09:11"
2559;5a5fe9cb-d0f5-41b3-9c9d-ebf9fad3bc92;JAM;;"Conselheiro Lafaiete";"R. Duque de Caxias";0;5;0;-20.6553320;-43.7782790;1790431720000;2026-09-26T14:09:11+00:00;"26/09/2026 11:09:11"
2546;98b9b97e-e99e-4276-ba0d-d013c4a1949a;JAM;JAM_STAND_STILL_TRAFFIC;"Conselheiro Lafaiete";"Av. Prof. Manoel Martins";0;5;0;-20.6574290;-43.7921590;1790431508000;2026-09-26T14:07:05+00:00;"26/09/2026 11:07:05"
2545;4a6922e1-062b-4036-8c96-bc3ce87b5853;JAM;;"Conselheiro Lafaiete";"R. José Matias Rodrigues";0;5;0;-20.6421180;-43.8009480;1790431304000;2026-09-26T14:05:05+00:00;"26/09/2026 11:05:05"
2494;099e8606-2106-42cc-b285-b84327a7ee0b;JAM;JAM_HEAVY_TRAFFIC;"Conselheiro Lafaiete";"R. Dr. Moreira";0;6;0;-20.6604810;-43.7979810;1790430717000;2026-09-26T13:53:05+00:00;"26/09/2026 10:53:05"
2433;ac04d096-cb96-4e0e-b00e-5350b4bd7fdb;ACCIDENT;;"Conselheiro Lafaiete";"Pç. São Sebastião";1;10;0;-20.6599990;-43.7987000;1790429713000;2026-09-26T13:37:05+00:00;"26/09/2026 10:37:05"
2434;ca7035d9-f6e3-47b4-997f-908730f0e51d;JAM;JAM_STAND_STILL_TRAFFIC;"Conselheiro Lafaiete";"R. Wenceslau Braz";0;5;0;-20.6589790;-43.7993990;1790429724000;2026-09-26T13:37:05+00:00;"26/09/2026 10:37:05"
2065;bbd5e024-5b61-46b7-8896-01fc7bbbbe0d;HAZARD;HAZARD_ON_SHOULDER_CAR_STOPPED;"Conselheiro Lafaiete";"BR-040 Rod. Pres. Juscelino Kubitschek";2;10;0;-20.6557860;-43.8055920;1790423296000;2026-09-26T11:49:05+00:00;"26/09/2026 08:49:05"
2038;1e7e4a6b-c7b3-4287-8379-2aa5841a36d1;ACCIDENT;;"Conselheiro Lafaiete";"BR-040 N Rod. Pres. Juscelino Kubitschek";1;7;0;-20.6488980;-43.8094780;1790422926000;2026-09-26T11:43:04+00:00;"26/09/2026 08:43:04"
2039;a1f66cd1-cf05-470c-b035-f37e3ca65658;ACCIDENT;;"Conselheiro Lafaiete";"BR-040 Rod. Pres. Juscelino Kubitschek";0;6;0;-20.6557980;-43.8055370;1790422854000;2026-09-26T11:43:04+00:00;"26/09/2026 08:43:04"
2004;b2ad2eea-2dac-4cdb-926a-2746bf1bd7f8;JAM;;"Conselheiro Lafaiete";"R. Francisco de Souza";0;5;0;-20.6649100;-43.7876780;1790422303000;2026-09-26T11:33:05+00:00;"26/09/2026 08:33:05"
1842;3351b3a5-47d2-4d53-bc10-9d28acc3ac2d;HAZARD;HAZARD_ON_ROAD_POT_HOLE;"Conselheiro Lafaiete";"R. Aristides Francisco Pinto";0;5;0;-20.6839290;-43.7842120;1790418310000;2026-09-26T10:29:04+00:00;"26/09/2026 07:29:04"
1830;ecfd1533-bcc3-4efd-8967-1875ac7bee55;HAZARD;HAZARD_ON_ROAD_POT_HOLE;"Conselheiro Lafaiete";"R. Cristovão de Sena";2;10;0;-20.6590870;-43.7706230;1790417707000;2026-09-26T10:19:04+00:00;"26/09/2026 07:19:04"
1831;a0751fda-3890-4194-84bb-efe909309e94;HAZARD;HAZARD_ON_ROAD_POT_HOLE;"Conselheiro Lafaiete";"R. Dr. Henrique de Abreu";4;10;0;-20.6633100;-43.7804150;1790417865000;2026-09-26T10:19:04+00:00;"26/09/2026 07:19:04"
1821;4bef88d0-a525-46ec-aa3d-5872533775b6;HAZARD;HAZARD_ON_ROAD_POT_HOLE;"Conselheiro Lafaiete";"Av. Mal. Floriano Peixoto";3;10;0;-20.6600680;-43.7960430;1790417637000;2026-09-26T10:15:04+00:00;"26/09/2026 07:15:04"
1813;d6a29602-694a-4c3d-a818-f7a4997b3fba;HAZARD;HAZARD_ON_ROAD_POT_HOLE;"Conselheiro Lafaiete";"Av. Prof. Manoel Martins";3;10;0;-20.6560220;-43.7914830;1790417438000;2026-09-26T10:11:04+00:00;"26/09/2026 07:11:04"
1784;2c3318a7-d2fb-482f-ba05-ba61e1989b96;HAZARD;HAZARD_WEATHER_FOG;"Conselheiro Lafaiete";"BR-040 Rod. Pres. Juscelino Kubitschek";5;10;0;-20.6735630;-43.7969160;1790415382000;2026-09-26T09:39:03+00:00;"26/09/2026 06:39:03"
1779;7575645c-7987-4780-a0aa-97777fc71460;HAZARD;HAZARD_ON_SHOULDER_CAR_STOPPED;;"BR-040 Rod. Pres. Juscelino Kubitschek";0;8;0;-20.6897930;-43.7901470;1790414311000;2026-09-26T09:19:04+00:00;"26/09/2026 06:19:04"
1687;725f0d00-b65f-4e19-bced-d7231e2ecad7;ACCIDENT;;"Conselheiro Lafaiete";"R. Leibenitez dos Anjos";0;5;0;-20.6802500;-43.7854770;1790391440000;2026-09-26T03:01:04+00:00;"26/09/2026 00:01:04"
1680;417f834e-36b4-49a6-8508-47afee386966;ACCIDENT;;"Conselheiro Lafaiete";"R. Leibenitez dos Anjos";0;5;0;-20.6802380;-43.7854180;1790391115000;2026-09-26T02:53:04+00:00;"25/09/2026 23:53:04"
1616;b43d4b16-af4c-4273-baf3-4dc52b369fc8;HAZARD;HAZARD_ON_ROAD_POT_HOLE;"Conselheiro Lafaiete";"R. Fuad Nascif";5;10;0;-20.6632330;-43.7800440;1790385858000;2026-09-26T01:25:04+00:00;"25/09/2026 22:25:04"
1587;42bc464b-884f-44a3-8eb9-511f6273f08a;HAZARD;HAZARD_ON_ROAD_POT_HOLE;"Conselheiro Lafaiete";"R. Pará";1;8;0;-20.6659340;-43.7788240;1790384556000;2026-09-26T01:03:04+00:00;"25/09/2026 22:03:04"
1551;5d127cc0-4f6c-4478-9af1-3c8b33114e45;HAZARD;HAZARD_ON_ROAD;"Conselheiro Lafaiete";"R. São Lourenço";0;5;0;-20.7064710;-43.8095990;1790382402000;2026-09-26T00:29:03+00:00;"25/09/2026 21:29:03"
1552;680e3da6-504c-4235-91f0-ea88eb81b585;HAZARD;HAZARD_ON_ROAD;"Conselheiro Lafaiete";"R. Aristides Dornelas";0;5;0;-20.7080300;-43.8108170;1790382502000;2026-09-26T00:29:03+00:00;"25/09/2026 21:29:03"
1546;635ce268-fd95-446b-8c68-eaa8aa78ea29;HAZARD;HAZARD_ON_ROAD;"Conselheiro Lafaiete";"Av. Geraldo Plaza";0;5;0;-20.7024320;-43.8092340;1790382271000;2026-09-26T00:25:05+00:00;"25/09/2026 21:25:05"
1547;66138136-56ec-40a6-bbfd-73fd271eb7c8;HAZARD;HAZARD_ON_ROAD;"Conselheiro Lafaiete";"Av. Geraldo Plaza";0;5;0;-20.7035120;-43.8103600;1790382295000;2026-09-26T00:25:05+00:00;"25/09/2026 21:25:05"
1525;5cdda1fd-6826-4d34-90bc-46d96ae5ac8f;HAZARD;HAZARD_ON_ROAD;"Conselheiro Lafaiete";"Av. Mal. Floriano Peixoto";0;5;0;-20.6601620;-43.7959970;1790381454000;2026-09-26T00:13:03+00:00;"25/09/2026 21:13:03"
1312;44cadfaf-04bc-4f00-b839-bd3fa1fad4a2;HAZARD;HAZARD_ON_ROAD_POT_HOLE;"Conselheiro Lafaiete";MGC-482;5;10;0;-20.6574750;-43.7669430;1790374746000;2026-09-25T22:21:04+00:00;"25/09/2026 19:21:04"
1211;3cacc6eb-2071-4aea-b339-9041b442a4c0;JAM;;"Conselheiro Lafaiete";"BR-040 S Rod. Pres. Juscelino Kubitschek";0;5;0;-20.6501090;-43.8093710;1790373041000;2026-09-25T21:51:04+00:00;"25/09/2026 18:51:04"
970;f0fe0b15-941e-492b-ad1e-8087679bcb2b;JAM;JAM_HEAVY_TRAFFIC;"Conselheiro Lafaiete";"BR-040 S Rod. Pres. Juscelino Kubitschek";0;5;0;-20.6472450;-43.8098260;1790371867000;2026-09-25T21:33:04+00:00;"25/09/2026 18:33:04"
969;932b5d0b-b971-445e-a832-2a1e91ce53f3;HAZARD;HAZARD_ON_SHOULDER_CAR_STOPPED;"Conselheiro Lafaiete";"BR-040 Rod. Pres. Juscelino Kubitschek";0;6;0;-20.6882300;-43.7907290;1790371642000;2026-09-25T21:29:04+00:00;"25/09/2026 18:29:04"
968;ef7ee8cf-5d68-4c95-8383-1aabf2100f9e;JAM;JAM_HEAVY_TRAFFIC;"Conselheiro Lafaiete";"BR-040 S Rod. Pres. Juscelino Kubitschek";0;5;0;-20.6451740;-43.8106980;1790371238000;2026-09-25T21:21:04+00:00;"25/09/2026 18:21:04"
967;a15c63ed-7483-4deb-a64d-1e345c837f18;JAM;JAM_HEAVY_TRAFFIC;"Conselheiro Lafaiete";"R. Afonso Pena";0;5;0;-20.6606560;-43.7898620;1790370595000;2026-09-25T21:11:04+00:00;"25/09/2026 18:11:04"
965;278b530f-9868-4c52-8635-5ef8bd952b80;HAZARD;HAZARD_ON_ROAD_POT_HOLE;"Conselheiro Lafaiete";"R. Alecrim";1;7;0;-20.6606560;-43.7737260;1790370485000;2026-09-25T21:09:04+00:00;"25/09/2026 18:09:04"
966;9188368e-ec37-4665-b970-d16bbf944a5e;JAM;JAM_HEAVY_TRAFFIC;"Conselheiro Lafaiete";"R. Duque de Caxias";0;5;0;-20.6538050;-43.7763240;1790370511000;2026-09-25T21:09:04+00:00;"25/09/2026 18:09:04"
962;122d51ae-0e55-4154-bafd-35368f5fbdfb;JAM;;"Conselheiro Lafaiete";"R. Geraldo Gervão";0;5;0;-20.6541870;-43.7757990;1790370206000;2026-09-25T21:05:04+00:00;"25/09/2026 18:05:04"
963;8f5c2dd0-59bc-4e0c-8fb8-3860bc25b58c;HAZARD;HAZARD_ON_ROAD_POT_HOLE;"Conselheiro Lafaiete";"R. Percílio Cupertino da Silva";0;6;0;-20.6619260;-43.7723650;1790370227000;2026-09-25T21:05:04+00:00;"25/09/2026 18:05:04"
964;eb62f920-f383-456b-a101-d50ea6497fbb;HAZARD;HAZARD_ON_ROAD_POT_HOLE;"Conselheiro Lafaiete";"R. Joemy Faria";5;10;1;-20.6619380;-43.7736720;1790370193000;2026-09-25T21:05:04+00:00;"25/09/2026 18:05:04"
961;a43f06c2-873c-4348-bc85-ca1d1acb7df9;JAM;;"Conselheiro Lafaiete";"BR-040 Rod. Pres. Juscelino Kubitschek";0;5;0;-20.6437710;-43.8115320;1790369739000;2026-09-25T20:59:04+00:00;"25/09/2026 17:59:04"
954;6f69208c-a10c-43e6-ab7e-445c458079e8;HAZARD;HAZARD_WEATHER_FLOOD;;"MG-129 Rod. Eng. Ary Belisário";0;6;0;-20.6328450;-43.7818520;1790369470000;2026-09-25T20:53:04+00:00;"25/09/2026 17:53:04"
955;83495bc2-1f81-46be-8110-391710c49280;HAZARD;HAZARD_WEATHER;;"MG-129 Rod. Eng. Ary Belisário";0;6;0;-20.6327750;-43.7814370;1790369481000;2026-09-25T20:53:04+00:00;"25/09/2026 17:53:04"
956;94de1c58-5a27-42d9-a8ba-09bc437450b3;HAZARD;HAZARD_WEATHER;;"BR-040 Rod. Pres. Juscelino Kubitschek";0;8;0;-20.6622950;-43.8026950;1790369464000;2026-09-25T20:53:04+00:00;"25/09/2026 17:53:04"
957;f4ea6949-3d7f-493d-b3be-bcbab0a3f7d8;HAZARD;HAZARD_WEATHER;"Conselheiro Lafaiete";"BR-040 S Rod. Pres. Juscelino Kubitschek";3;10;0;-20.6760200;-43.7950370;1790369575000;2026-09-25T20:53:04+00:00;"25/09/2026 17:53:04"
958;24137654-2180-4903-8f02-92bb95369fa0;HAZARD;HAZARD_WEATHER_FOG;"Conselheiro Lafaiete";"BR-040 S Rod. Pres. Juscelino Kubitschek";0;5;0;-20.6567120;-43.8032910;1790369407000;2026-09-25T20:53:04+00:00;"25/09/2026 17:53:04"
959;a3f1c240-f5f0-4c5c-bcf4-ba03f55d992a;HAZARD;HAZARD_WEATHER_FLOOD;;"BR-040 Rod. Pres. Juscelino Kubitschek";0;5;0;-20.6589640;-43.8023660;1790369439000;2026-09-25T20:53:04+00:00;"25/09/2026 17:53:04"
949;6e83eb4d-86e8-4025-a3c3-f83a24a6074f;JAM;JAM_HEAVY_TRAFFIC;"Conselheiro Lafaiete";;0;5;0;-20.6885990;-43.7910210;1790369214000;2026-09-25T20:49:04+00:00;"25/09/2026 17:49:04"
950;d3dfa3f4-ba3a-4d4b-b809-b19901f377e7;JAM;JAM_HEAVY_TRAFFIC;"Conselheiro Lafaiete";"BR-040 S Rod. Pres. Juscelino Kubitschek";0;6;0;-20.6505800;-43.8092950;1790369280000;2026-09-25T20:49:04+00:00;"25/09/2026 17:49:04"
951;2f9ff836-e311-49ec-bf12-a4c086302442;HAZARD;HAZARD_WEATHER_FOG;"Conselheiro Lafaiete";"BR-040 S Rod. Pres. Juscelino Kubitschek";0;7;0;-20.6510280;-43.8092220;1790369296000;2026-09-25T20:49:04+00:00;"25/09/2026 17:49:04"
952;c63a7496-6649-4e80-a435-5c33cfccf9a3;HAZARD;HAZARD_WEATHER;"Conselheiro Lafaiete";"BR-040 S Rod. Pres. Juscelino Kubitschek";3;10;0;-20.6471010;-43.8098600;1790369157000;2026-09-25T20:49:04+00:00;"25/09/2026 17:49:04"
953;a6ef6823-5073-4d8e-af51-15d2373a00cd;HAZARD;HAZARD_WEATHER_FOG;"Conselheiro Lafaiete";"BR-040 Rod. Pres. Juscelino Kubitschek";0;8;0;-20.6547050;-43.8083310;1790369341000;2026-09-25T20:49:04+00:00;"25/09/2026 17:49:04"
948;eee1c046-d3fc-421f-9ce1-6eb88c6e197e;HAZARD;HAZARD_ON_SHOULDER_CAR_STOPPED;"Conselheiro Lafaiete";"R. Santa Efigênia";0;5;0;-20.6456630;-43.7909390;1790369079000;2026-09-25T20:45:04+00:00;"25/09/2026 17:45:04"
946;84a8198a-2761-430c-857b-c563644e3c00;HAZARD;HAZARD_ON_ROAD_POT_HOLE;"Conselheiro Lafaiete";"R. Joemy Faria";3;10;0;-20.6687610;-43.7776840;1790368797000;2026-09-25T20:43:04+00:00;"25/09/2026 17:43:04"
947;93a1f317-2d0d-49ac-a702-7c0ca830039a;HAZARD;HAZARD_WEATHER;"Conselheiro Lafaiete";"BR-040 Rod. Pres. Juscelino Kubitschek";1;10;0;-20.6377880;-43.8141960;1790368756000;2026-09-25T20:43:04+00:00;"25/09/2026 17:43:04"
943;85994bde-b633-4ac1-bc65-a0feced3609f;JAM;;"Conselheiro Lafaiete";"R. Dias de Souza";0;8;0;-20.6594070;-43.7955130;1790368551000;2026-09-25T20:39:04+00:00;"25/09/2026 17:39:04"
944;62a0a824-2a4b-4aed-a2c8-79ece9a92712;JAM;JAM_STAND_STILL_TRAFFIC;"Conselheiro Lafaiete";"R. Santa Efigênia";0;5;0;-20.6461160;-43.7906990;1790368621000;2026-09-25T20:39:04+00:00;"25/09/2026 17:39:04"
945;db7b7d03-28d9-49de-9f9f-6e323016c729;HAZARD;HAZARD_WEATHER;"Conselheiro Lafaiete";"BR-040 Rod. Pres. Juscelino Kubitschek";0;6;0;-20.6308130;-43.8109680;1790368690000;2026-09-25T20:39:04+00:00;"25/09/2026 17:39:04"
942;33cb7b4e-56b2-4359-ad1d-178e7678e471;HAZARD;HAZARD_ON_SHOULDER_CAR_STOPPED;"Conselheiro Lafaiete";"BR-040 Rod. Pres. Juscelino Kubitschek";2;10;0;-20.6883820;-43.7906690;1790368479000;2026-09-25T20:35:04+00:00;"25/09/2026 17:35:04"
939;d80ecc87-fe47-4302-87b1-8145b3d9fc68;JAM;JAM_HEAVY_TRAFFIC;"Conselheiro Lafaiete";"Saída 629";0;5;0;-20.6535210;-43.8089400;1790368095000;2026-09-25T20:29:04+00:00;"25/09/2026 17:29:04"
940;89ce019f-3a44-4493-ad6d-7db7d6ac589c;JAM;JAM_HEAVY_TRAFFIC;"Conselheiro Lafaiete";"R. Fernanda Bedran Peixoto";0;5;0;-20.6556020;-43.8068830;1790368139000;2026-09-25T20:29:04+00:00;"25/09/2026 17:29:04"
941;5eb23632-d3d4-4b2c-b07b-954351f609c4;HAZARD;HAZARD_WEATHER;"Conselheiro Lafaiete";"BR-040 S Rod. Pres. Juscelino Kubitschek";1;8;0;-20.6490960;-43.8095280;1790368010000;2026-09-25T20:29:04+00:00;"25/09/2026 17:29:04"
938;082b2ba0-bc80-4a20-9360-fd33407054de;JAM;JAM_STAND_STILL_TRAFFIC;"Conselheiro Lafaiete";"BR-040 S Rod. Pres. Juscelino Kubitschek";0;5;0;-20.6466720;-43.8099710;1790367853000;2026-09-25T20:25:04+00:00;"25/09/2026 17:25:04"
933;d3a67578-c654-4e2b-809b-75afacbdbe88;HAZARD;HAZARD_WEATHER;"Conselheiro Lafaiete";"BR-040 Rod. Pres. Juscelino Kubitschek";5;10;0;-20.6420500;-43.8126270;1790367587000;2026-09-25T20:23:03+00:00;"25/09/2026 17:23:03"
934;5365cf61-8a63-4795-9ac8-6dd1486709b8;JAM;JAM_HEAVY_TRAFFIC;"Conselheiro Lafaiete";"BR-040 Rod. Pres. Juscelino Kubitschek";0;6;0;-20.6416520;-43.8128770;1790367575000;2026-09-25T20:23:03+00:00;"25/09/2026 17:23:03"
935;ae23c9db-9d66-4862-b94f-345a96117edc;JAM;JAM_STAND_STILL_TRAFFIC;"Conselheiro Lafaiete";"BR-040 Rod. Pres. Juscelino Kubitschek";0;6;0;-20.6431710;-43.8119180;1790367625000;2026-09-25T20:23:03+00:00;"25/09/2026 17:23:03"
936;e3c4890d-906c-43cc-93a4-7cbbe00a9047;HAZARD;HAZARD_WEATHER;"Conselheiro Lafaiete";"BR-040 Rod. Pres. Juscelino Kubitschek";1;10;0;-20.6432740;-43.8118520;1790367650000;2026-09-25T20:23:03+00:00;"25/09/2026 17:23:03"
937;68c0f874-2e5c-469e-89cc-db0a8b75c705;JAM;JAM_STAND_STILL_TRAFFIC;"Conselheiro Lafaiete";"BR-040 S Rod. Pres. Juscelino Kubitschek";0;5;0;-20.6458640;-43.8103410;1790367763000;2026-09-25T20:23:03+00:00;"25/09/2026 17:23:03"
932;6bc53977-1311-4de3-a606-11fd4010ea80;JAM;JAM_STAND_STILL_TRAFFIC;"Conselheiro Lafaiete";"Av. Furtado";0;5;0;-20.6640290;-43.7963250;1790367445000;2026-09-25T20:19:04+00:00;"25/09/2026 17:19:04"
930;f41e8157-9c0c-44d2-8abb-3a98f47cbc90;JAM;JAM_STAND_STILL_TRAFFIC;"Conselheiro Lafaiete";"Av. Furtado";0;5;0;-20.6651520;-43.7961580;1790367303000;2026-09-25T20:15:04+00:00;"25/09/2026 17:15:04"
931;de0a9426-57f1-47de-859b-60fb76d505f1;HAZARD;HAZARD_ON_ROAD;"Conselheiro Lafaiete";"BR-040 Rod. Pres. Juscelino Kubitschek";0;6;0;-20.6883000;-43.7907010;1790367289000;2026-09-25T20:15:04+00:00;"25/09/2026 17:15:04"
929;fb373436-cbce-4662-9549-8ab11cd75eff;JAM;JAM_HEAVY_TRAFFIC;"Conselheiro Lafaiete";"Pç. Barão de Queluz";0;5;0;-20.6604530;-43.7867690;1790367104000;2026-09-25T20:13:04+00:00;"25/09/2026 17:13:04"
928;a4acc7d4-7927-47f9-8ffe-01b044e6cc39;HAZARD;HAZARD_ON_ROAD_POT_HOLE;"Conselheiro Lafaiete";"Av. Geraldo Plaza";2;10;0;-20.6917740;-43.8030330;1790366884000;2026-09-25T20:09:03+00:00;"25/09/2026 17:09:03"
927;8af0c406-22f3-46b7-843b-c1fac994b5b2;JAM;JAM_HEAVY_TRAFFIC;"Conselheiro Lafaiete";"R. João Santos";0;5;0;-20.6556000;-43.7813570;1790366650000;2026-09-25T20:05:05+00:00;"25/09/2026 17:05:05"
926;76d721ab-7966-40d3-aac1-4bb3cbfce302;HAZARD;HAZARD_ON_ROAD_POT_HOLE;"Conselheiro Lafaiete";"R. Adolfo Siqueira";5;10;1;-20.6878640;-43.7809370;1790366375000;2026-09-25T20:03:04+00:00;"25/09/2026 17:03:04"
921;6e158427-7d43-4ae1-8d86-2c0a28d071c8;JAM;JAM_HEAVY_TRAFFIC;"Conselheiro Lafaiete";"Vd. Pe. Ermano José Ferreira";0;5;0;-20.6560260;-43.8024150;1790366333000;2026-09-25T19:59:04+00:00;"25/09/2026 16:59:04"
922;ae80fb1b-fc76-4c96-ab1e-c016a06cfa9f;JAM;JAM_HEAVY_TRAFFIC;"Conselheiro Lafaiete";"R. Dr. Henrique de Abreu";0;5;0;-20.6632980;-43.7806110;1790366332000;2026-09-25T19:59:04+00:00;"25/09/2026 16:59:04"
920;db3e760f-db97-4209-94ae-efcae9e47f9d;JAM;JAM_HEAVY_TRAFFIC;"Conselheiro Lafaiete";"Saída 629";0;5;0;-20.6554140;-43.8073910;1790365763000;2026-09-25T19:53:04+00:00;"25/09/2026 16:53:04"
919;a3c4e0dd-74cc-4bf6-964c-94e454cb48b6;JAM;JAM_HEAVY_TRAFFIC;"Conselheiro Lafaiete";"BR-040 S Rod. Pres. Juscelino Kubitschek";0;5;0;-20.6474600;-43.8097850;1790365532000;2026-09-25T19:47:04+00:00;"25/09/2026 16:47:04"
917;12a589fb-21bd-4ea2-8f90-79ff7668f678;JAM;JAM_HEAVY_TRAFFIC;"Conselheiro Lafaiete";"BR-040 Rod. Pres. Juscelino Kubitschek";0;5;0;-20.6403170;-43.8137460;1790365433000;2026-09-25T19:45:04+00:00;"25/09/2026 16:45:04"
916;146a5ffc-d0fc-4a49-a30d-ac48031961c1;HAZARD;HAZARD_ON_ROAD_POT_HOLE;"Conselheiro Lafaiete";"Av. Prof. Manoel Martins";2;10;0;-20.6560030;-43.7914780;1790364228000;2026-09-25T19:27:04+00:00;"25/09/2026 16:27:04"
914;86d02569-a569-407f-8980-eba03be7c79f;JAM;;"Conselheiro Lafaiete";"BR-040 Rod. Pres. Juscelino Kubitschek";0;5;0;-20.6433870;-43.8117790;1790362617000;2026-09-25T18:59:04+00:00;"25/09/2026 15:59:04"
915;fe92b7a9-e390-414b-aec7-0939f91e2fb2;JAM;;"Conselheiro Lafaiete";"BR-040 Rod. Pres. Juscelino Kubitschek";0;5;0;-20.6426340;-43.8122600;1790362625000;2026-09-25T18:59:04+00:00;"25/09/2026 15:59:04"
913;00e259f1-46b2-4158-9197-8c623043842a;JAM;;"Conselheiro Lafaiete";"R. Valério Eugênio";0;5;0;-20.6562150;-43.8044490;1790361208000;2026-09-25T18:35:04+00:00;"25/09/2026 15:35:04"
912;bccb64f1-bbe7-4e67-9b0d-7172b6c31959;HAZARD;HAZARD_ON_SHOULDER_ANIMALS;"Conselheiro Lafaiete";"R. Lopes Franco";0;5;0;-20.6764350;-43.7943270;1790360075000;2026-09-25T18:15:05+00:00;"25/09/2026 15:15:05"
910;4f8248f0-5123-43cf-b6f3-aa6265b95586;JAM;JAM_HEAVY_TRAFFIC;"Conselheiro Lafaiete";"R. Benjamim Constant";0;5;0;-20.6680760;-43.7864970;1790359697000;2026-09-25T18:09:04+00:00;"25/09/2026 15:09:04"
911;98ce831a-f6b0-4f4c-98e5-d4826cd2d699;JAM;JAM_HEAVY_TRAFFIC;"Conselheiro Lafaiete";"R. Benjamim Constant";0;5;0;-20.6682920;-43.7864230;1790359703000;2026-09-25T18:09:04+00:00;"25/09/2026 15:09:04"
904;4c67f722-eb36-45c4-8ebf-f033f3a2e858;JAM;JAM_HEAVY_TRAFFIC;"Conselheiro Lafaiete";"BR-040 Rod. Pres. Juscelino Kubitschek";0;5;0;-20.6432860;-43.8118440;1790357110000;2026-09-25T17:29:04+00:00;"25/09/2026 14:29:04"
902;76ba1f85-5f2b-42b7-af60-41ef36c585a8;HAZARD;HAZARD_ON_ROAD_CAR_STOPPED;"Conselheiro Lafaiete";"R. Valério Eugênio";0;5;0;-20.6560160;-43.8026350;1790355484000;2026-09-25T16:59:04+00:00;"25/09/2026 13:59:04"
899;0faddb16-ed06-4f6a-967d-6e7e024bdcc5;JAM;JAM_HEAVY_TRAFFIC;"Conselheiro Lafaiete";"R. Benjamim Constant";0;5;0;-20.6668670;-43.7874580;1790354660000;2026-09-25T16:45:05+00:00;"25/09/2026 13:45:05"
900;37f49b87-f906-413b-808e-eae988106e41;HAZARD;HAZARD_ON_ROAD_POT_HOLE;"Conselheiro Lafaiete";"R. Cefisa Viana";5;10;0;-20.6570630;-43.7839880;1790354594000;2026-09-25T16:45:05+00:00;"25/09/2026 13:45:05"
897;cd5ae999-aa0c-4d36-b305-84f3230ecf4d;HAZARD;HAZARD_ON_SHOULDER_CAR_STOPPED;"Conselheiro Lafaiete";"R. Horácio de Queiroz";0;5;0;-20.6600180;-43.7877410;1790353179000;2026-09-25T16:23:03+00:00;"25/09/2026 13:23:03"
898;be2cd9e4-ed7e-4d1d-889d-9f743ec35fb4;JAM;JAM_HEAVY_TRAFFIC;"Conselheiro Lafaiete";"BR-040 S Rod. Pres. Juscelino Kubitschek";0;5;0;-20.6483530;-43.8096250;1790353229000;2026-09-25T16:23:03+00:00;"25/09/2026 13:23:03"
895;110a1cb8-8347-4a6b-a84b-21eaa6e43e3b;JAM;JAM_HEAVY_TRAFFIC;"Conselheiro Lafaiete";"Av. Prefeito Mário Rodrigues Pereira";0;5;0;-20.6649620;-43.7883280;1790352074000;2026-09-25T16:03:04+00:00;"25/09/2026 13:03:04"
896;148d7378-a97b-45f8-8a1d-9738010e3764;JAM;JAM_HEAVY_TRAFFIC;"Conselheiro Lafaiete";"Av. Prefeito Mário Rodrigues Pereira";0;5;0;-20.6645520;-43.7883620;1790352053000;2026-09-25T16:03:04+00:00;"25/09/2026 13:03:04"
894;4484bcb6-35b4-4602-b093-647ea3bddb42;HAZARD;HAZARD_ON_ROAD;"Conselheiro Lafaiete";"R. Josefina Martins";0;5;0;-20.6564150;-43.7686540;1790351660000;2026-09-25T15:55:04+00:00;"25/09/2026 12:55:04"
893;2c3d8c27-2d7f-46ce-a172-118d9bb7c35f;HAZARD;HAZARD_ON_ROAD_CONSTRUCTION;"Conselheiro Lafaiete";"R. Francisco Lobo";0;5;0;-20.6637460;-43.7753160;1790351402000;2026-09-25T15:53:04+00:00;"25/09/2026 12:53:04"
890;85d4819f-de2f-46bf-aeae-42db8a423194;HAZARD;HAZARD_ON_ROAD_POT_HOLE;"Conselheiro Lafaiete";"R. Joemy Faria";4;10;0;-20.6648780;-43.7759810;1790347749000;2026-09-25T14:53:04+00:00;"25/09/2026 11:53:04"
891;779b8cd6-e762-416d-ad44-1e0c9c05857e;HAZARD;HAZARD_ON_ROAD_POT_HOLE;"Conselheiro Lafaiete";"R. Joemy Faria";4;10;0;-20.6636130;-43.7758140;1790347787000;2026-09-25T14:53:04+00:00;"25/09/2026 11:53:04"
892;1da73561-5b22-4c33-a991-b93b9a17c302;HAZARD;HAZARD_ON_ROAD_POT_HOLE;"Conselheiro Lafaiete";"R. Joemy Faria";5;10;1;-20.6620660;-43.7706370;1790347878000;2026-09-25T14:53:04+00:00;"25/09/2026 11:53:04"
889;48ffba68-ab69-4141-a639-93f35c4cda87;HAZARD;HAZARD_ON_ROAD;"Conselheiro Lafaiete";"R. Ildeu dos Reis";0;5;0;-20.6569790;-43.7761470;1790346538000;2026-09-25T14:29:04+00:00;"25/09/2026 11:29:04"
884;cc37863a-6239-4da0-9ce3-e7f7d1ab709f;HAZARD;HAZARD_ON_ROAD_POT_HOLE;"Conselheiro Lafaiete";"R. Amazonas";5;10;0;-20.6725740;-43.7812110;1790344515000;2026-09-25T13:59:04+00:00;"25/09/2026 10:59:04"
885;4b6c6991-fc7b-43b1-bd4b-8059d2c28aa9;HAZARD;HAZARD_ON_ROAD_POT_HOLE;"Conselheiro Lafaiete";"R. Amazonas";4;10;0;-20.6704310;-43.7794380;1790344574000;2026-09-25T13:59:04+00:00;"25/09/2026 10:59:04"
886;4af362fa-611c-4b23-849a-c9f0bc7f6163;HAZARD;HAZARD_ON_ROAD_POT_HOLE;"Conselheiro Lafaiete";"R. Amazonas";2;10;0;-20.6696050;-43.7783050;1790344582000;2026-09-25T13:59:04+00:00;"25/09/2026 10:59:04"
887;196a1449-5071-468e-8a4a-e0f6b6a0df56;HAZARD;HAZARD_ON_ROAD_POT_HOLE;"Conselheiro Lafaiete";"R. Amazonas";5;10;0;-20.6692340;-43.7777860;1790344590000;2026-09-25T13:59:04+00:00;"25/09/2026 10:59:04"
888;2114ede9-89eb-477f-ae2d-12eaa8d55e12;HAZARD;HAZARD_ON_ROAD_POT_HOLE;"Conselheiro Lafaiete";"R. Joemy Faria";5;10;0;-20.6663030;-43.7764650;1790344645000;2026-09-25T13:59:04+00:00;"25/09/2026 10:59:04"
883;109e66aa-63ad-4401-b0e5-1b1a2c5af740;HAZARD;HAZARD_ON_ROAD_POT_HOLE;"Conselheiro Lafaiete";"R. Amazonas";2;10;0;-20.6732850;-43.7821170;1790344493000;2026-09-25T13:55:05+00:00;"25/09/2026 10:55:05"
881;46f9fd2d-9d34-4589-ba8c-82c644ac4596;JAM;JAM_HEAVY_TRAFFIC;"Conselheiro Lafaiete";"Pç. Barão de Queluz";0;5;0;-20.6608870;-43.7869310;1790344051000;2026-09-25T13:49:04+00:00;"25/09/2026 10:49:04"
882;3966b33b-b24a-4a43-a11b-15a67bdf6983;HAZARD;HAZARD_ON_ROAD;"Conselheiro Lafaiete";"Pç. Barão de Queluz";0;5;0;-20.6609880;-43.7868120;1790344089000;2026-09-25T13:49:04+00:00;"25/09/2026 10:49:04"
880;558927ea-859d-4dd8-9263-6092833f1a45;HAZARD;HAZARD_ON_ROAD_POT_HOLE;"Conselheiro Lafaiete";"Av. Prof. Manoel Martins";5;10;0;-20.6544570;-43.7906850;1790342964000;2026-09-25T13:33:04+00:00;"25/09/2026 10:33:04"
879;cd27fc2a-9572-4c70-9322-0ce2f1412cf8;HAZARD;HAZARD_ON_SHOULDER_CAR_STOPPED;"Conselheiro Lafaiete";"R. Santa Efigênia";0;5;0;-20.6498930;-43.7884830;1790341610000;2026-09-25T13:09:04+00:00;"25/09/2026 10:09:04"
878;47c441cc-af09-4389-847b-f5f09cbf66a6;HAZARD;HAZARD_ON_ROAD_LANE_CLOSED;"Conselheiro Lafaiete";"R. Francisco Lobo";0;6;0;-20.6634790;-43.7759360;1790340876000;2026-09-25T12:55:05+00:00;"25/09/2026 09:55:05"
877;06c45fac-b30c-47f1-b62d-9df0e23100a0;JAM;;"Conselheiro Lafaiete";"R. Narciso Jr.";0;5;0;-20.6580180;-43.7892230;1790340182000;2026-09-25T12:43:04+00:00;"25/09/2026 09:43:04"
874;6dced9b6-f4f2-4c5b-93e4-e3d4c7370e5c;HAZARD;HAZARD_ON_ROAD_POT_HOLE;"Conselheiro Lafaiete";"R. Geraldo Anjo";1;9;0;-20.6617670;-43.7706820;1790339561000;2026-09-25T12:35:04+00:00;"25/09/2026 09:35:04"
875;b6cd48ce-43a1-47af-97d0-b3a4b6ed58ac;HAZARD;HAZARD_ON_SHOULDER_CAR_STOPPED;"Conselheiro Lafaiete";"Av. Prefeito Telésforo Cândido Resende";0;5;0;-20.6598650;-43.7943460;1790339699000;2026-09-25T12:35:04+00:00;"25/09/2026 09:35:04"
876;c81ef68f-cfd3-4a09-9729-a6721d1b0159;HAZARD;HAZARD_ON_SHOULDER_CAR_STOPPED;"Conselheiro Lafaiete";"Vd. Duartina Nogueira de Rezende";0;5;0;-20.6601710;-43.7948010;1790339472000;2026-09-25T12:35:04+00:00;"25/09/2026 09:35:04"
873;960c83c2-eb2c-446d-b9ab-e57f6ab35203;HAZARD;HAZARD_ON_ROAD_POT_HOLE;"Conselheiro Lafaiete";"R. Jacinto Siqueira";4;10;0;-20.6597800;-43.7893610;1790339259000;2026-09-25T12:31:04+00:00;"25/09/2026 09:31:04"
871;37fcd636-8378-4a70-9d68-f834a6dd994b;JAM;;"Conselheiro Lafaiete";"R. Alfredo Elias Mafuz";0;5;0;-20.6697950;-43.7857510;1790337732000;2026-09-25T12:05:05+00:00;"25/09/2026 09:05:05"
870;a5b2f4a8-e2cf-46da-9c15-dd5cc87376d5;HAZARD;HAZARD_ON_ROAD_POT_HOLE;"Conselheiro Lafaiete";"Av. Prof. Manoel Martins";5;10;0;-20.6583180;-43.7924020;1790335489000;2026-09-25T11:25:04+00:00;"25/09/2026 08:25:04"
869;6c81474a-33cf-4f31-a9de-1b0dd3c90c02;HAZARD;HAZARD_ON_SHOULDER_CAR_STOPPED;;"MG-129 Rod. Eng. Ary Belisário";0;6;0;-20.6268740;-43.7719390;1790332252000;2026-09-25T10:31:03+00:00;"25/09/2026 07:31:03"
867;43ab036f-29b0-4d0b-9097-6a14685f60ec;JAM;JAM_HEAVY_TRAFFIC;"Conselheiro Lafaiete";"BR-040 N Rod. Pres. Juscelino Kubitschek";0;5;0;-20.6452930;-43.8105350;1790329507000;2026-09-25T09:49:04+00:00;"25/09/2026 06:49:04"
868;a45eacda-040f-4b68-a963-909dd9728751;JAM;JAM_HEAVY_TRAFFIC;"Conselheiro Lafaiete";"BR-040 Rod. Pres. Juscelino Kubitschek";0;5;0;-20.6330370;-43.8124990;1790329621000;2026-09-25T09:49:04+00:00;"25/09/2026 06:49:04"
866;20045256-d1a4-4418-8b68-1ba7481e10f4;HAZARD;HAZARD_WEATHER_FOG;;"BR-040 Rod. Pres. Juscelino Kubitschek";0;7;0;-20.6939100;-43.7896380;1790327585000;2026-09-25T09:15:04+00:00;"25/09/2026 06:15:04"
865;03d0ff89-ef87-4eb8-b9b3-c7d24a8fec69;HAZARD;HAZARD_ON_ROAD_ICE;;"BR-040 Rod. Pres. Juscelino Kubitschek";0;7;0;-20.6925850;-43.7894960;1790327577000;2026-09-25T09:13:04+00:00;"25/09/2026 06:13:04"
864;581995c5-1dc0-4e87-ae97-63e758f6b5a5;HAZARD;HAZARD_ON_ROAD;"Conselheiro Lafaiete";"R. Moacir de Souza Dias";0;5;0;-20.6542960;-43.7760050;1790323956000;2026-09-25T08:15:04+00:00;"25/09/2026 05:15:04"
862;8bd544ff-de73-4aaf-b83b-399737c1fee2;HAZARD;HAZARD_WEATHER_FOG;"Conselheiro Lafaiete";"BR-040 Rod. Pres. Juscelino Kubitschek";0;6;0;-20.6741940;-43.7963520;1790303672000;2026-09-25T02:35:04+00:00;"24/09/2026 23:35:04"
861;df6618d4-0fd8-4cf3-9eb9-bbd8a430110b;HAZARD;HAZARD_WEATHER_FOG;;"MG-129 Rod. Eng. Ary Belisário";0;6;0;-20.6361840;-43.7859280;1790298679000;2026-09-25T01:15:04+00:00;"24/09/2026 22:15:04"
860;024fbaff-2cd0-40bd-b428-60e32957dc04;HAZARD;HAZARD_ON_ROAD;;"MG-129 Rod. Eng. Ary Belisário";0;5;0;-20.6345520;-43.7842770;1790298655000;2026-09-25T01:11:04+00:00;"24/09/2026 22:11:04"
859;7214d416-54b6-4f06-8370-dcbbd92677b4;HAZARD;HAZARD_WEATHER_FOG;"Conselheiro Lafaiete";"R. Santa Efigênia";0;5;0;-20.6519870;-43.7890880;1790297382000;2026-09-25T00:53:03+00:00;"24/09/2026 21:53:03"
858;f348a039-ce41-4226-af0b-5a746fa076a0;ACCIDENT;;"Conselheiro Lafaiete";;0;5;0;-20.6606860;-43.7863620;1790296419000;2026-09-25T00:35:04+00:00;"24/09/2026 21:35:04"
856;7345ac66-7855-47db-8ad7-281eebb3ac80;HAZARD;HAZARD_ON_ROAD_POT_HOLE;"Conselheiro Lafaiete";"R. Eugenio Pereira";3;10;0;-20.6725460;-43.7819440;1790291955000;2026-09-24T23:21:04+00:00;"24/09/2026 20:21:04"
857;92b70a1f-eea1-4c65-9ae4-284fed293f73;HAZARD;HAZARD_ON_ROAD_POT_HOLE;"Conselheiro Lafaiete";"R. Amazonas";2;10;0;-20.6730270;-43.7817750;1790291941000;2026-09-24T23:21:04+00:00;"24/09/2026 20:21:04"
854;059d778d-33ce-4cc9-904b-463a5362c158;HAZARD;HAZARD_ON_ROAD_POT_HOLE;"Conselheiro Lafaiete";"Av. Dom Pedro II";4;10;0;-20.6645970;-43.7976320;1790291341000;2026-09-24T23:11:04+00:00;"24/09/2026 20:11:04"
853;17957157-520d-4759-9ac9-721f88131082;HAZARD;HAZARD_ON_SHOULDER_CAR_STOPPED;"Conselheiro Lafaiete";"BR-040 S Rod. Pres. Juscelino Kubitschek";3;10;0;-20.6465760;-43.8099960;1790288312000;2026-09-24T22:19:03+00:00;"24/09/2026 19:19:03"
852;97703334-97c2-47fe-8269-0246222c830a;JAM;JAM_HEAVY_TRAFFIC;"Conselheiro Lafaiete";"R. Ruth de Souza";0;5;0;-20.6560460;-43.7824560;1790286563000;2026-09-24T21:51:04+00:00;"24/09/2026 18:51:04"
850;a0c1536a-c72e-443e-afb5-ca115aa49f49;JAM;JAM_HEAVY_TRAFFIC;"Conselheiro Lafaiete";"BR-040 S Rod. Pres. Juscelino Kubitschek";0;5;0;-20.6512770;-43.8091830;1790286224000;2026-09-24T21:47:04+00:00;"24/09/2026 18:47:04"
851;4d3fd555-b236-49e4-ad6b-5787b9716d46;JAM;JAM_HEAVY_TRAFFIC;"Conselheiro Lafaiete";"R. Pe. Lobo";0;5;0;-20.6556250;-43.7800640;1790286387000;2026-09-24T21:47:04+00:00;"24/09/2026 18:47:04"
849;fe4c2e9a-0895-4500-b31f-a03cfe55f49f;JAM;JAM_HEAVY_TRAFFIC;"Conselheiro Lafaiete";"BR-040 S Rod. Pres. Juscelino Kubitschek";0;5;0;-20.6505620;-43.8092980;1790285523000;2026-09-24T21:35:04+00:00;"24/09/2026 18:35:04"
848;74dd887d-0bcd-4d2b-af66-75d3ced83816;JAM;JAM_STAND_STILL_TRAFFIC;"Conselheiro Lafaiete";"Av. Prefeito Telésforo Cândido Resende";0;5;0;-20.6586270;-43.7882510;1790284297000;2026-09-24T21:13:04+00:00;"24/09/2026 18:13:04"
847;0f7c9dd7-eac0-416b-8785-922751c53cbb;HAZARD;HAZARD_ON_ROAD_POT_HOLE;"Conselheiro Lafaiete";"R. João Barbeiro";0;7;0;-20.6403270;-43.7860870;1790283528000;2026-09-24T20:59:04+00:00;"24/09/2026 17:59:04"
846;2f256680-c74f-402a-b892-ceebc4b18033;JAM;JAM_HEAVY_TRAFFIC;"Conselheiro Lafaiete";"R. Afonso Pena";0;5;0;-20.6616250;-43.7880590;1790282590000;2026-09-24T20:47:04+00:00;"24/09/2026 17:47:04"
843;c38c74eb-122d-49c1-b628-199a36fe4bd1;JAM;;"Conselheiro Lafaiete";"R. Francisco Lobo";0;5;0;-20.6617810;-43.7798800;1790282507000;2026-09-24T20:43:04+00:00;"24/09/2026 17:43:04"
844;378dd73c-e508-464f-9026-86a1c45ce4a9;JAM;JAM_HEAVY_TRAFFIC;"Conselheiro Lafaiete";"R. Afonso Pena";0;5;0;-20.6605350;-43.7901570;1790282515000;2026-09-24T20:43:04+00:00;"24/09/2026 17:43:04"
845;5207df09-ca24-428a-9dee-8bbbe9c7b008;JAM;JAM_HEAVY_TRAFFIC;"Conselheiro Lafaiete";"Pç. Barão de Queluz";0;5;0;-20.6601500;-43.7863600;1790282518000;2026-09-24T20:43:04+00:00;"24/09/2026 17:43:04"
842;814966a8-1500-4a82-94bf-410deab1baec;JAM;JAM_STAND_STILL_TRAFFIC;"Conselheiro Lafaiete";"Pç. Barão de Queluz";0;5;0;-20.6604440;-43.7861760;1790282311000;2026-09-24T20:39:04+00:00;"24/09/2026 17:39:04"
841;cd043ac9-1c5b-476b-9366-ef87a30e8eb6;JAM;JAM_STAND_STILL_TRAFFIC;"Conselheiro Lafaiete";"Av. Prefeito Telésforo Cândido Resende";0;5;0;-20.6590430;-43.7860180;1790282044000;2026-09-24T20:35:04+00:00;"24/09/2026 17:35:04"
838;7582b5a9-0065-48b1-a64b-b0bc869d4017;JAM;JAM_STAND_STILL_TRAFFIC;"Conselheiro Lafaiete";"R. Santo Antônio de Pádua";0;5;0;-20.6449120;-43.8094280;1790281745000;2026-09-24T20:33:04+00:00;"24/09/2026 17:33:04"
839;e280b6e0-3d2f-43fe-bd42-9ac1b6f0a180;JAM;JAM_HEAVY_TRAFFIC;"Conselheiro Lafaiete";"MG-129 Rod. Eng. Ary Belisário";0;5;0;-20.6418260;-43.7917090;1790281783000;2026-09-24T20:33:04+00:00;"24/09/2026 17:33:04"
840;74db6411-ee77-453c-bcd3-eac48d0be432;JAM;JAM_HEAVY_TRAFFIC;"Conselheiro Lafaiete";"Pç. Barão de Queluz";0;5;0;-20.6605710;-43.7861110;1790281895000;2026-09-24T20:33:04+00:00;"24/09/2026 17:33:04"
837;9c5a5126-1094-4996-9e65-4efe8d1f6790;JAM;JAM_HEAVY_TRAFFIC;"Conselheiro Lafaiete";"Vd. Duartina Nogueira de Rezende";0;6;0;-20.6606250;-43.7955500;1790281387000;2026-09-24T20:25:04+00:00;"24/09/2026 17:25:04"
834;f7870b6d-3205-46e0-918e-1afa64656aef;JAM;JAM_HEAVY_TRAFFIC;"Conselheiro Lafaiete";"R. Fernanda Bedran Peixoto";0;6;0;-20.6559220;-43.8057640;1790281160000;2026-09-24T20:23:03+00:00;"24/09/2026 17:23:03"
835;8c384a62-007e-4102-9676-9d9c67903ecb;JAM;;"Conselheiro Lafaiete";"BR-040 Rod. Pres. Juscelino Kubitschek";0;8;0;-20.6528920;-43.8088940;1790281266000;2026-09-24T20:23:03+00:00;"24/09/2026 17:23:03"
836;05c14a47-dc93-4c1d-831d-22de71034064;JAM;JAM_HEAVY_TRAFFIC;"Conselheiro Lafaiete";"Av. Monsenhor Moreira";0;6;0;-20.6573710;-43.8013440;1790281188000;2026-09-24T20:23:03+00:00;"24/09/2026 17:23:03"
833;d218cae9-bceb-4167-81dd-1d8cf3d94e12;JAM;JAM_HEAVY_TRAFFIC;"Conselheiro Lafaiete";"Saída 629";0;6;0;-20.6538310;-43.8089150;1790281045000;2026-09-24T20:19:04+00:00;"24/09/2026 17:19:04"
832;edaaf646-5cfd-4ed8-9170-f7c2f1d78c19;HAZARD;HAZARD_WEATHER;"Conselheiro Lafaiete";"R. Alcides Rodrigues de Oliveira";0;5;0;-20.6675520;-43.8040060;1790280374000;2026-09-24T20:09:04+00:00;"24/09/2026 17:09:04"
831;9927e80f-df44-40f6-b707-3ce8363a530c;JAM;JAM_HEAVY_TRAFFIC;"Conselheiro Lafaiete";"Saída 629";0;5;0;-20.6550450;-43.8080660;1790280303000;2026-09-24T20:05:04+00:00;"24/09/2026 17:05:04"
830;db63359f-a22d-4f6a-b8ff-c570a8871271;JAM;;"Conselheiro Lafaiete";"R. Valério Eugênio";0;5;0;-20.6557290;-43.8037180;1790279838000;2026-09-24T20:01:04+00:00;"24/09/2026 17:01:04"
829;b9d47b7b-ebcc-4a76-b6aa-b1dc82161075;JAM;JAM_STAND_STILL_TRAFFIC;"Conselheiro Lafaiete";"Pç. Barão de Queluz";0;5;0;-20.6605900;-43.7861320;1790279167000;2026-09-24T19:47:04+00:00;"24/09/2026 16:47:04"
827;26e98b51-fc90-4609-865f-fadff5ccf1d1;JAM;;"Conselheiro Lafaiete";"R. Lopes Franco";0;5;0;-20.6710200;-43.7952700;1790275597000;2026-09-24T18:49:04+00:00;"24/09/2026 15:49:04"
823;4e4075d9-2ef0-483a-8d8e-2a8d30a68766;HAZARD;HAZARD_ON_ROAD_POT_HOLE;"Conselheiro Lafaiete";"R. Pe. Cornélio";0;8;0;-20.6712510;-43.7688260;1790274843000;2026-09-24T18:37:04+00:00;"24/09/2026 15:37:04"
824;db14f8ed-b1b1-4d5c-9175-c49447958ba7;HAZARD;HAZARD_ON_ROAD_POT_HOLE;"Conselheiro Lafaiete";"R. Pe. Cornélio";0;5;0;-20.6716180;-43.7703300;1790274865000;2026-09-24T18:37:04+00:00;"24/09/2026 15:37:04"
825;d4257632-27ab-4d93-b629-38955154717e;HAZARD;HAZARD_ON_ROAD_POT_HOLE;"Conselheiro Lafaiete";"R. José Paulino Vieira";0;5;0;-20.6727060;-43.7702470;1790274929000;2026-09-24T18:37:04+00:00;"24/09/2026 15:37:04"
821;ad4ade66-aa33-46e5-a992-2e9d3f46cd55;HAZARD;HAZARD_ON_ROAD_POT_HOLE;"Conselheiro Lafaiete";"R. Francisco Lobo";1;10;0;-20.6635010;-43.7758940;1790274656000;2026-09-24T18:33:04+00:00;"24/09/2026 15:33:04"
822;43418e73-a508-438e-aa51-92ab50a4239a;HAZARD;HAZARD_ON_ROAD_POT_HOLE;"Conselheiro Lafaiete";"R. Francisco Lobo";0;6;0;-20.6645260;-43.7737860;1790274695000;2026-09-24T18:33:04+00:00;"24/09/2026 15:33:04"
820;2853d3dd-1c05-41fb-8054-bda5255ec5cf;JAM;;"Conselheiro Lafaiete";"Av. Prefeito Telésforo Cândido Resende";0;5;0;-20.6588350;-43.7901790;1790272498000;2026-09-24T17:55:04+00:00;"24/09/2026 14:55:04"
815;243c4a7e-6016-4fa2-9293-f6eeb3eba6ea;HAZARD;HAZARD_ON_ROAD_POT_HOLE;"Conselheiro Lafaiete";;5;10;0;-20.6535030;-43.7898330;1790272176000;2026-09-24T17:51:04+00:00;"24/09/2026 14:51:04"
816;82d96679-8af8-4f1c-b21d-523e3a41ccde;HAZARD;HAZARD_ON_ROAD_POT_HOLE;"Conselheiro Lafaiete";"Av. Prof. Manoel Martins";5;10;0;-20.6529730;-43.7893990;1790272162000;2026-09-24T17:51:04+00:00;"24/09/2026 14:51:04"
817;11b7d91e-14a4-4492-957f-7324c208c13b;HAZARD;HAZARD_ON_ROAD_POT_HOLE;"Conselheiro Lafaiete";"Av. Prof. Manoel Martins";5;10;0;-20.6558590;-43.7914380;1790272245000;2026-09-24T17:51:04+00:00;"24/09/2026 14:51:04"
818;6db40fb8-8d62-43ca-8fde-7359347e857e;HAZARD;HAZARD_ON_ROAD_POT_HOLE;"Conselheiro Lafaiete";"Av. Prof. Manoel Martins";5;10;0;-20.6565240;-43.7916260;1790272258000;2026-09-24T17:51:04+00:00;"24/09/2026 14:51:04"
819;0f975377-d497-425f-a639-07a9190a074d;HAZARD;HAZARD_ON_ROAD_POT_HOLE;"Conselheiro Lafaiete";"R. Santa Efigênia";5;10;0;-20.6514640;-43.7891260;1790272149000;2026-09-24T17:51:04+00:00;"24/09/2026 14:51:04"
814;f4784403-c7de-46eb-a60d-e417bebcb4ac;JAM;JAM_HEAVY_TRAFFIC;"Conselheiro Lafaiete";"R. Dr. José Lopes de Assis";0;5;0;-20.6587890;-43.7836540;1790268559000;2026-09-24T16:51:04+00:00;"24/09/2026 13:51:04"
813;1eab0ba4-0227-43db-9a15-2184c72e0d05;HAZARD;HAZARD_ON_SHOULDER_CAR_STOPPED;"Conselheiro Lafaiete";"R. Horácio de Queiroz";0;6;0;-20.6617350;-43.7888540;1790267172000;2026-09-24T16:27:03+00:00;"24/09/2026 13:27:03"
812;f6f5b1e3-c1af-41b2-9f66-f7617f35c532;JAM;JAM_HEAVY_TRAFFIC;"Conselheiro Lafaiete";"R. Nazinha de Freitas";0;5;0;-20.6596880;-43.7987340;1790265965000;2026-09-24T16:09:04+00:00;"24/09/2026 13:09:04"
811;38f39284-56a4-496e-9a17-0e986d37a249;JAM;JAM_STAND_STILL_TRAFFIC;"Conselheiro Lafaiete";"R. Ruth de Souza";0;5;0;-20.6561310;-43.7819020;1790265605000;2026-09-24T16:01:03+00:00;"24/09/2026 13:01:03"
810;c18e3170-f137-450d-9ec0-f3aef63efc64;JAM;JAM_HEAVY_TRAFFIC;"Conselheiro Lafaiete";"R. Comendador Nemézio";0;5;0;-20.6626220;-43.7970440;1790265430000;2026-09-24T15:59:03+00:00;"24/09/2026 12:59:03"
809;a76437c9-263a-468b-946e-df04b7f3e960;HAZARD;HAZARD_ON_ROAD_POT_HOLE;"Conselheiro Lafaiete";"R. Dias de Souza";2;10;0;-20.6587190;-43.7962910;1790265272000;2026-09-24T15:57:03+00:00;"24/09/2026 12:57:03"
808;0541f3ad-ac28-47ec-9147-50b5865e34ea;ACCIDENT;;"Conselheiro Lafaiete";"R. Fernanda Bedran Peixoto";0;7;0;-20.6562110;-43.8047370;1790263549000;2026-09-24T15:27:04+00:00;"24/09/2026 12:27:04"
807;14f02707-b19f-4ddb-bd9f-2c01a43abe1f;HAZARD;HAZARD_ON_ROAD_POT_HOLE;"Conselheiro Lafaiete";"R. Cefisa Viana";3;10;0;-20.6570860;-43.7840030;1790261936000;2026-09-24T14:59:04+00:00;"24/09/2026 11:59:04"
806;9f89872c-3e11-4910-a411-58c3cb32feda;HAZARD;HAZARD_ON_ROAD_CONSTRUCTION;"Conselheiro Lafaiete";"R. Amazonas";0;5;0;-20.6737040;-43.7829410;1790258402000;2026-09-24T14:01:04+00:00;"24/09/2026 11:01:04"
804;2eb13383-7d4f-4ae1-bdd3-c1d4a1884c4e;HAZARD;HAZARD_ON_ROAD_CONSTRUCTION;"Conselheiro Lafaiete";"R. Izidoro Cardoso";0;6;0;-20.6653170;-43.7928240;1790255577000;2026-09-24T13:15:05+00:00;"24/09/2026 10:15:05"
803;6197bd61-d41d-42d5-a4f6-8b3ccc4da217;HAZARD;HAZARD_ON_ROAD_POT_HOLE;"Conselheiro Lafaiete";"R. Lopes Franco";5;10;0;-20.6712310;-43.7952380;1790252043000;2026-09-24T12:15:04+00:00;"24/09/2026 09:15:04"
802;c1d7159f-2f75-45e1-a07c-61d3bec7e841;ACCIDENT;;"Conselheiro Lafaiete";"BR-040 S Rod. Pres. Juscelino Kubitschek";0;5;0;-20.6522760;-43.8090040;1790250829000;2026-09-24T11:57:04+00:00;"24/09/2026 08:57:04"
801;aef54785-be60-4ebc-ada5-2d6e2c7a47bf;HAZARD;HAZARD_ON_ROAD_POT_HOLE;"Conselheiro Lafaiete";"R. Eugenio Pereira";2;10;0;-20.6726480;-43.7818610;1790246665000;2026-09-24T10:45:04+00:00;"24/09/2026 07:45:04"
800;71df887e-e976-4e47-a8ca-6579abce9223;HAZARD;HAZARD_ON_ROAD_LANE_CLOSED;"Conselheiro Lafaiete";"R. Cefisa Viana";0;5;0;-20.6579100;-43.7846820;1790244957000;2026-09-24T10:19:04+00:00;"24/09/2026 07:19:04"
799;257e0e14-46ac-421b-81ae-d705c4c3b1f7;HAZARD;HAZARD_ON_ROAD;"Conselheiro Lafaiete";"BR-040 Rod. Pres. Juscelino Kubitschek";0;5;0;-20.6357080;-43.8135770;1790242588000;2026-09-24T09:39:04+00:00;"24/09/2026 06:39:04"
798;45a75f2f-d542-45a9-9301-902b5009c950;HAZARD;HAZARD_ON_ROAD_POT_HOLE;"Conselheiro Lafaiete";"Av. Prof. Manoel Martins";2;10;0;-20.6556130;-43.7913700;1790212146000;2026-09-24T01:13:04+00:00;"23/09/2026 22:13:04"
797;db38ad03-3614-4aa3-9a67-9b1fb322f37a;ACCIDENT;;"Conselheiro Lafaiete";"R. Capitão Olegário";0;5;0;-20.6624640;-43.7818100;1790209547000;2026-09-24T00:27:04+00:00;"23/09/2026 21:27:04"
796;ba626c67-7d58-438b-ba9d-8fc5a8732e52;ACCIDENT;;"Conselheiro Lafaiete";"R. Cônego João Pio";0;8;0;-20.6571210;-43.7966690;1790207252000;2026-09-23T23:49:03+00:00;"23/09/2026 20:49:03"
794;8264fa80-9b97-4d39-a125-658220c8c86f;HAZARD;HAZARD_ON_ROAD_POT_HOLE;"Conselheiro Lafaiete";"R. Santa Efigênia";1;10;0;-20.6488580;-43.7890000;1790203155000;2026-09-23T22:43:03+00:00;"23/09/2026 19:43:03"
795;7a1e37f6-81ee-4ce3-b8aa-e3b497565648;HAZARD;HAZARD_WEATHER_FLOOD;"Conselheiro Lafaiete";;0;6;0;-20.6426330;-43.7917730;1790203237000;2026-09-23T22:43:03+00:00;"23/09/2026 19:43:03"
793;c21a1c51-f93f-400d-8ea1-25e34320ab4b;HAZARD;HAZARD_ON_ROAD_POT_HOLE;"Conselheiro Lafaiete";"R. Santa Efigênia";2;10;0;-20.6504400;-43.7887210;1790203122000;2026-09-23T22:39:04+00:00;"23/09/2026 19:39:04"
791;fd174c5d-cbbf-48e3-859f-409f86b5839d;JAM;JAM_STAND_STILL_TRAFFIC;"Conselheiro Lafaiete";"R. Comendador Baeta Neves";0;5;0;-20.6589730;-43.7843130;1790201241000;2026-09-23T22:11:04+00:00;"23/09/2026 19:11:04"
792;55223573-b4d0-40f8-b37b-f89a3b242e8b;JAM;JAM_HEAVY_TRAFFIC;"Conselheiro Lafaiete";"R. Cel. João Gomes";0;5;0;-20.6583610;-43.7839660;1790201284000;2026-09-23T22:11:04+00:00;"23/09/2026 19:11:04"
790;8215da76-8fc4-45d2-a823-a2050e19bb65;HAZARD;HAZARD_ON_ROAD_POT_HOLE;"Conselheiro Lafaiete";"R. Tereza Cristina Marzano Franco";2;10;0;-20.6402620;-43.7862670;1790200453000;2026-09-23T21:55:05+00:00;"23/09/2026 18:55:05"
786;d53527bf-4d2a-4f90-afe9-26b5dc5f189f;HAZARD;HAZARD_ON_ROAD_POT_HOLE;"Conselheiro Lafaiete";"R. Amintas Junqueira";0;8;0;-20.6491820;-43.7879870;1790200339000;2026-09-23T21:53:04+00:00;"23/09/2026 18:53:04"
787;f5cda867-483d-424a-830a-19d14ca08c99;HAZARD;HAZARD_ON_ROAD_POT_HOLE;"Conselheiro Lafaiete";"Av. Ver. Mário Reis Carvalho";0;6;0;-20.6482110;-43.7876450;1790200357000;2026-09-23T21:53:04+00:00;"23/09/2026 18:53:04"
788;9fcc1ed2-727f-44d0-8761-608098933e22;HAZARD;HAZARD_ON_ROAD_POT_HOLE;"Conselheiro Lafaiete";"Av. Prof. Manoel Martins";5;10;0;-20.6568650;-43.7915350;1790200237000;2026-09-23T21:53:04+00:00;"23/09/2026 18:53:04"
789;ebc6aedf-62d3-4ffd-b2cf-c46416ed2707;HAZARD;HAZARD_ON_ROAD_POT_HOLE;"Conselheiro Lafaiete";"Av. Prof. Manoel Martins";5;10;0;-20.6548680;-43.7908520;1790200245000;2026-09-23T21:53:04+00:00;"23/09/2026 18:53:04"
785;3a15e383-db38-4054-ad63-e4a075f58c3c;JAM;JAM_HEAVY_TRAFFIC;"Conselheiro Lafaiete";"BR-040 S Rod. Pres. Juscelino Kubitschek";0;5;0;-20.6486730;-43.8095820;1790198073000;2026-09-23T21:15:04+00:00;"23/09/2026 18:15:04"
784;1b3ef0cf-f9fb-4c60-9913-bdad198ef90c;JAM;;"Conselheiro Lafaiete";"R. Francisco Lobo";0;5;0;-20.6630800;-43.7774970;1790197731000;2026-09-23T21:09:03+00:00;"23/09/2026 18:09:03"
783;1a98ecf4-833d-4bff-bc46-00edf4caafd4;JAM;JAM_HEAVY_TRAFFIC;"Conselheiro Lafaiete";;0;5;0;-20.6774830;-43.7943470;1790197113000;2026-09-23T21:01:03+00:00;"23/09/2026 18:01:03"
780;3b8c44d8-a249-42ff-9c15-bcae035260be;JAM;;"Conselheiro Lafaiete";"R. Pernambuco";0;5;0;-20.6639520;-43.7805960;1790196681000;2026-09-23T20:55:03+00:00;"23/09/2026 17:55:03"
781;9c3047c1-309a-4d66-a2ca-4a6484ee2cd7;JAM;JAM_HEAVY_TRAFFIC;"Conselheiro Lafaiete";"Av. Mal. Floriano Peixoto";0;5;0;-20.6614730;-43.7954760;1790196815000;2026-09-23T20:55:03+00:00;"23/09/2026 17:55:03"
782;6accacd2-ed24-49f6-8f3c-480f525fc02e;HAZARD;HAZARD_ON_ROAD_POT_HOLE;"Conselheiro Lafaiete";"R. Manoel Fonseca de Rezende";5;10;1;-20.6745730;-43.7824210;1790196843000;2026-09-23T20:55:03+00:00;"23/09/2026 17:55:03"
779;e75ede6a-d654-42d8-a231-b68e32390bc3;HAZARD;HAZARD_ON_ROAD;"Conselheiro Lafaiete";"Av. Prefeito Telésforo Cândido Resende";0;5;0;-20.6585770;-43.7897770;1790196544000;2026-09-23T20:51:04+00:00;"23/09/2026 17:51:04"
777;789db010-1dc6-443d-9d03-2ea1200964ef;JAM;JAM_STAND_STILL_TRAFFIC;"Conselheiro Lafaiete";"R. Santa Matilde";0;5;0;-20.6748060;-43.7838670;1790196279000;2026-09-23T20:47:04+00:00;"23/09/2026 17:47:04"
778;27bee1a1-fa0e-4dbd-8363-c52130114268;HAZARD;HAZARD_ON_ROAD_CAR_STOPPED;"Conselheiro Lafaiete";"BR-040 Rod. Pres. Juscelino Kubitschek";1;9;0;-20.6841630;-43.7932620;1790196349000;2026-09-23T20:47:04+00:00;"23/09/2026 17:47:04"
776;59211a2d-3899-4600-8d49-24ad6d201359;JAM;JAM_STAND_STILL_TRAFFIC;"Conselheiro Lafaiete";"R. Alfredo Elias Mafuz";0;5;0;-20.6806490;-43.7890270;1790196161000;2026-09-23T20:43:03+00:00;"23/09/2026 17:43:03"
773;5e975e3a-abfb-4ea9-95b8-81de07de6f77;HAZARD;HAZARD_ON_ROAD_POT_HOLE;"Conselheiro Lafaiete";"R. Santana";5;10;0;-20.6609620;-43.7847130;1790195729000;2026-09-23T20:39:04+00:00;"23/09/2026 17:39:04"
774;444e001c-6e85-41cf-85b6-2992da3ab580;JAM;JAM_STAND_STILL_TRAFFIC;"Conselheiro Lafaiete";;0;5;0;-20.6883650;-43.7908890;1790195909000;2026-09-23T20:39:04+00:00;"23/09/2026 17:39:04"
775;07f2ea7f-a4ba-41d0-804f-fde16e12530a;HAZARD;HAZARD_ON_ROAD_LANE_CLOSED;"Conselheiro Lafaiete";"BR-040 Rod. Pres. Juscelino Kubitschek";0;5;0;-20.6856390;-43.7923190;1790195832000;2026-09-23T20:39:04+00:00;"23/09/2026 17:39:04"
772;cbc2cb37-ff36-4bf7-93e6-4709afb480f4;JAM;;"Conselheiro Lafaiete";"R. Fernanda Bedran Peixoto";0;5;0;-20.6555310;-43.8071250;1790195179000;2026-09-23T20:29:04+00:00;"23/09/2026 17:29:04"
770;7e486b4c-18a7-435b-ab19-7024d4f3a1c4;JAM;JAM_HEAVY_TRAFFIC;"Conselheiro Lafaiete";"R. Piramo";0;5;0;-20.6661060;-43.7996930;1790194420000;2026-09-23T20:15:04+00:00;"23/09/2026 17:15:04"
771;ca11e705-f8ee-4eee-9044-a846aff0dfce;JAM;JAM_STAND_STILL_TRAFFIC;"Conselheiro Lafaiete";"R. Comendador Nemézio";0;5;0;-20.6627410;-43.7978440;1790194317000;2026-09-23T20:15:04+00:00;"23/09/2026 17:15:04"
769;00357c91-75ce-40fe-b623-5ee7a572e2f1;JAM;JAM_HEAVY_TRAFFIC;"Conselheiro Lafaiete";"Pç. Barão de Queluz";0;5;0;-20.6597610;-43.7856790;1790194225000;2026-09-23T20:11:04+00:00;"23/09/2026 17:11:04"
768;a8f70f19-862a-4e04-b5ee-17bb13507b7d;HAZARD;HAZARD_ON_ROAD_POT_HOLE;"Conselheiro Lafaiete";"R. Cefisa Viana";5;10;0;-20.6570840;-43.7840020;1790191112000;2026-09-23T19:19:04+00:00;"23/09/2026 16:19:04"
767;f1efcbd4-48e6-4338-8a07-7c13e8a49ec6;ACCIDENT;;"Conselheiro Lafaiete";"R. Maria das Graças Simões de Resende";0;5;0;-20.6789510;-43.7661980;1790190913000;2026-09-23T19:19:04+00:00;"23/09/2026 16:19:04"
766;e028fd92-57b9-4626-b75e-66e4e2eecc2f;HAZARD;HAZARD_ON_ROAD_CONSTRUCTION;"Conselheiro Lafaiete";"R. Joemy Faria";0;6;0;-20.6686800;-43.7776680;1790189571000;2026-09-23T18:53:04+00:00;"23/09/2026 15:53:04"
765;45b50094-856b-4708-8b8e-30aed84789d9;JAM;JAM_HEAVY_TRAFFIC;"Conselheiro Lafaiete";"Av. Prof. Manoel Martins";0;5;0;-20.6579400;-43.7913260;1790185593000;2026-09-23T17:49:04+00:00;"23/09/2026 14:49:04"
763;e06aace8-b35d-47b4-b5a9-f4b96a5ec2ae;HAZARD;HAZARD_ON_ROAD_POT_HOLE;"Conselheiro Lafaiete";"R. Santa Efigênia";5;10;0;-20.6510040;-43.7889630;1790183944000;2026-09-23T17:23:04+00:00;"23/09/2026 14:23:04"
761;32d0b0eb-0e5a-4a78-8115-e3d3ed02bc66;HAZARD;HAZARD_WEATHER;;"MG-129 Rod. Eng. Ary Belisário";0;5;0;-20.6306170;-43.7763010;1790183538000;2026-09-23T17:15:04+00:00;"23/09/2026 14:15:04"
762;dd704836-7246-44db-88ec-a4755a348699;HAZARD;HAZARD_WEATHER_FOG;;"MG-129 Rod. Eng. Ary Belisário";0;5;0;-20.6312910;-43.7767590;1790183542000;2026-09-23T17:15:04+00:00;"23/09/2026 14:15:04"
760;e9e0c52d-585f-40a1-a4a2-7553dd0274e0;HAZARD;HAZARD_ON_ROAD_POT_HOLE;"Conselheiro Lafaiete";"R. Pernambuco";5;10;0;-20.6635070;-43.7835920;1790183346000;2026-09-23T17:11:04+00:00;"23/09/2026 14:11:04"
758;6309e625-3d28-413d-90ae-e3b20e0afae9;HAZARD;HAZARD_ON_ROAD_POT_HOLE;"Conselheiro Lafaiete";"Av. Prof. Manoel Martins";3;10;0;-20.6559810;-43.7914720;1790181595000;2026-09-23T16:43:04+00:00;"23/09/2026 13:43:04"
759;cbc15ec0-1c59-4f78-965a-e1b22812d999;HAZARD;HAZARD_ON_ROAD_POT_HOLE;"Conselheiro Lafaiete";"Av. Prof. Manoel Martins";1;10;0;-20.6535530;-43.7899150;1790181544000;2026-09-23T16:43:04+00:00;"23/09/2026 13:43:04"
757;5a20738d-4458-4c70-9ad0-5491f401e39d;HAZARD;HAZARD_ON_SHOULDER_CAR_STOPPED;"Conselheiro Lafaiete";"Av. Prefeito Telésforo Cândido Resende";0;6;0;-20.6591300;-43.7859520;1790179810000;2026-09-23T16:11:03+00:00;"23/09/2026 13:11:03"
756;3b09c6e9-69f0-49d1-91c5-d0919c907a68;JAM;JAM_HEAVY_TRAFFIC;"Conselheiro Lafaiete";"R. Arthur Bernardes";0;5;0;-20.6723840;-43.7837030;1790179225000;2026-09-23T16:03:04+00:00;"23/09/2026 13:03:04"
755;0f8760dd-ac0b-47cb-addc-d19380967d81;JAM;;"Conselheiro Lafaiete";"R. Pe. Lobo";0;6;0;-20.6541780;-43.7780850;1790178871000;2026-09-23T15:55:05+00:00;"23/09/2026 12:55:05"
754;36fb41a2-0403-4242-8b74-0108fe73b92f;JAM;JAM_HEAVY_TRAFFIC;"Conselheiro Lafaiete";"R. Pe. Lobo";0;5;0;-20.6557390;-43.7804990;1790178416000;2026-09-23T15:49:04+00:00;"23/09/2026 12:49:04"
752;b6f5b3f7-96d6-4345-afeb-1a03802aa419;HAZARD;HAZARD_ON_ROAD_POT_HOLE;"Conselheiro Lafaiete";"R. Antônio Reis";5;10;0;-20.6711870;-43.7780080;1790176751000;2026-09-23T15:23:04+00:00;"23/09/2026 12:23:04"
751;72d52271-568f-4acf-92e0-f395af62a075;HAZARD;HAZARD_ON_ROAD_POT_HOLE;"Conselheiro Lafaiete";"R. Francisco Lobo";5;10;0;-20.6628220;-43.7780230;1790175849000;2026-09-23T15:05:04+00:00;"23/09/2026 12:05:04"
750;6c42eb90-08f9-4b2f-9524-54a9c3eac9d6;JAM;JAM_STAND_STILL_TRAFFIC;"Conselheiro Lafaiete";;0;5;0;-20.6562510;-43.8023470;1790175148000;2026-09-23T14:53:04+00:00;"23/09/2026 11:53:04"
749;47554870-f0e0-4888-87ed-2cf1f331c8c6;JAM;JAM_HEAVY_TRAFFIC;"Conselheiro Lafaiete";"R. Valério Eugênio";0;5;0;-20.6557460;-43.8032720;1790174088000;2026-09-23T14:35:05+00:00;"23/09/2026 11:35:05"
748;eda40d77-711e-4d2e-8c7c-6e4c95da602a;JAM;JAM_HEAVY_TRAFFIC;"Conselheiro Lafaiete";"Av. Monsenhor Moreira";0;5;0;-20.6571850;-43.8016960;1790173958000;2026-09-23T14:33:04+00:00;"23/09/2026 11:33:04"
746;57fcaba4-dfb3-42c8-966d-94bf013644d5;HAZARD;HAZARD_ON_ROAD_POT_HOLE;"Conselheiro Lafaiete";"R. Santa Efigênia";5;10;1;-20.6485120;-43.7892230;1790167477000;2026-09-23T12:45:04+00:00;"23/09/2026 09:45:04"
745;25d157d6-d78b-49ec-a226-b9596e50af9f;JAM;JAM_STAND_STILL_TRAFFIC;"Conselheiro Lafaiete";"R. Ruth de Souza";0;5;0;-20.6560670;-43.7823820;1790165974000;2026-09-23T12:21:04+00:00;"23/09/2026 09:21:04"
744;9e0ea15d-9ec8-44f3-badc-518a359756b5;JAM;JAM_STAND_STILL_TRAFFIC;"Conselheiro Lafaiete";"R. Pe. Lobo";0;5;0;-20.6543230;-43.7782900;1790165412000;2026-09-23T12:13:03+00:00;"23/09/2026 09:13:03"
743;77bae103-69ec-43b4-ace0-747acb53a9f7;ACCIDENT;;"Conselheiro Lafaiete";"R. João Chapuis";0;6;0;-20.6658260;-43.8019650;1790157759000;2026-09-23T10:05:04+00:00;"23/09/2026 07:05:04"
742;59431e75-74c7-46ff-abab-afa4e6b9b7f0;HAZARD;HAZARD_ON_ROAD_POT_HOLE;"Conselheiro Lafaiete";"R. Geraldo Gervão";5;10;0;-20.6546290;-43.7748960;1790157229000;2026-09-23T09:55:04+00:00;"23/09/2026 06:55:04"
741;9df37147-7fa9-4f87-94d2-1b7fa5d5e9c9;HAZARD;HAZARD_ON_ROAD_POT_HOLE;"Conselheiro Lafaiete";"R. Joemy Faria";5;10;0;-20.6600150;-43.7690300;1790155735000;2026-09-23T09:29:04+00:00;"23/09/2026 06:29:04"
740;3bb09f64-9480-497a-9ca5-b0dfc072cb36;HAZARD;HAZARD_ON_ROAD_POT_HOLE;"Conselheiro Lafaiete";"R. Cefisa Viana";5;10;0;-20.6579310;-43.7847020;1790116167000;2026-09-22T22:31:04+00:00;"22/09/2026 19:31:04"
739;1e424b6f-f5b0-4a25-96ec-e73ab83c43d0;JAM;;"Conselheiro Lafaiete";"BR-040 S Rod. Pres. Juscelino Kubitschek";0;5;0;-20.6526550;-43.8089320;1790114757000;2026-09-22T22:09:05+00:00;"22/09/2026 19:09:05"
738;f03ad142-1704-4fd7-a529-dad704c67f04;JAM;JAM_HEAVY_TRAFFIC;"Conselheiro Lafaiete";"BR-040 S Rod. Pres. Juscelino Kubitschek";0;5;0;-20.6478070;-43.8097220;1790114577000;2026-09-22T22:05:05+00:00;"22/09/2026 19:05:05"
737;5ac43c57-8801-4545-9933-7904b160b2b5;HAZARD;HAZARD_ON_ROAD;"Conselheiro Lafaiete";"Av. Prefeito Telésforo Cândido Resende";0;5;0;-20.6586890;-43.7870170;1790113176000;2026-09-22T21:41:04+00:00;"22/09/2026 18:41:04"
735;3074bbe8-f799-436a-bd59-2f47efda9575;JAM;JAM_STAND_STILL_TRAFFIC;"Conselheiro Lafaiete";"R. Maria Augusta";0;5;0;-20.6849680;-43.7840740;1790110563000;2026-09-22T20:59:03+00:00;"22/09/2026 17:59:03"
734;392d32d8-114b-43fa-9502-a63578544436;HAZARD;HAZARD_ON_SHOULDER_CAR_STOPPED;;"BR-040 N Rod. Pres. Juscelino Kubitschek";0;5;0;-20.6573130;-43.8029410;1790110148000;2026-09-22T20:51:04+00:00;"22/09/2026 17:51:04"
732;fe19320a-644f-4f97-b482-3c1517d3b189;HAZARD;HAZARD_WEATHER_FLOOD;"Conselheiro Lafaiete";"BR-040 Rod. Pres. Juscelino Kubitschek";1;10;0;-20.6378130;-43.8142030;1790109386000;2026-09-22T20:39:03+00:00;"22/09/2026 17:39:03"
731;8c607ad3-fbb0-4942-a86c-a1f49cdcb1dc;JAM;JAM_HEAVY_TRAFFIC;"Conselheiro Lafaiete";"R. Duque de Caxias";0;5;0;-20.6556320;-43.7788220;1790107356000;2026-09-22T20:03:05+00:00;"22/09/2026 17:03:05"
730;d54ef7e0-5b77-4a62-963a-669d1566f8e9;HAZARD;HAZARD_ON_SHOULDER_CAR_STOPPED;"Conselheiro Lafaiete";"BR-040 Rod. Pres. Juscelino Kubitschek";0;7;0;-20.6410930;-43.8132310;1790106995000;2026-09-22T19:59:03+00:00;"22/09/2026 16:59:03"
729;f6a44591-7a33-4b44-9e9d-b5029d9fe0a0;JAM;JAM_HEAVY_TRAFFIC;;"BR-040 Rod. Pres. Juscelino Kubitschek";0;5;0;-20.6903760;-43.7899490;1790106612000;2026-09-22T19:53:04+00:00;"22/09/2026 16:53:04"
728;71c973db-7ee0-43f2-8b50-50aaa5f57723;JAM;JAM_STAND_STILL_TRAFFIC;"Conselheiro Lafaiete";"R. Antônio Amaral";0;5;0;-20.6569930;-43.7979450;1790105603000;2026-09-22T19:35:04+00:00;"22/09/2026 16:35:04"
727;2277f370-6515-4796-9405-a014b14484ae;HAZARD;HAZARD_ON_ROAD_POT_HOLE;"Conselheiro Lafaiete";"R. dos Incofidentes";5;10;0;-20.6648230;-43.7918500;1790104776000;2026-09-22T19:23:03+00:00;"22/09/2026 16:23:03"
726;52f2cbbc-abaf-438f-bc8a-fa9e020761d3;HAZARD;HAZARD_ON_ROAD_POT_HOLE;"Conselheiro Lafaiete";"Av. Prof. Manoel Martins";5;10;0;-20.6529270;-43.7891740;1790101247000;2026-09-22T18:21:04+00:00;"22/09/2026 15:21:04"
725;c0680f2f-ce13-4764-bd58-afb1ce5ba49c;HAZARD;HAZARD_ON_SHOULDER_ANIMALS;"Conselheiro Lafaiete";"R. Tavares de Melo";0;5;0;-20.6600820;-43.7910640;1790101095000;2026-09-22T18:19:04+00:00;"22/09/2026 15:19:04"
724;eb5c0d04-ec8c-454c-8d50-670958120f49;HAZARD;HAZARD_ON_ROAD_POT_HOLE;"Conselheiro Lafaiete";"Av. Monsenhor Moreira";5;10;0;-20.6584150;-43.7996220;1790098978000;2026-09-22T17:43:04+00:00;"22/09/2026 14:43:04"
723;3db2e739-dded-4d45-9293-74880ed109d0;HAZARD;HAZARD_ON_ROAD_POT_HOLE;"Conselheiro Lafaiete";"R. Cefisa Viana";5;10;0;-20.6579140;-43.7846860;1790098625000;2026-09-22T17:39:04+00:00;"22/09/2026 14:39:04"
722;ff86fae8-32f0-426d-b08c-21e526437b53;HAZARD;HAZARD_ON_SHOULDER_CAR_STOPPED;;"BR-040 Rod. Pres. Juscelino Kubitschek";2;10;0;-20.6994290;-43.7928410;1790096417000;2026-09-22T17:03:03+00:00;"22/09/2026 14:03:03"
720;48425c3d-dda9-4109-9912-84e0c544a906;JAM;JAM_HEAVY_TRAFFIC;"Conselheiro Lafaiete";"Pç. Barão de Queluz";0;5;0;-20.6608320;-43.7863830;1790093927000;2026-09-22T16:19:06+00:00;"22/09/2026 13:19:06"
718;3eb712ed-d94f-4633-a2d0-8194b8f74ab0;JAM;;"Conselheiro Lafaiete";"R. Comendador Baeta Neves";0;5;0;-20.6602780;-43.7857200;1790089118000;2026-09-22T14:59:04+00:00;"22/09/2026 11:59:04"
717;e119d6ff-1b04-48d5-8c24-70a58b307e73;HAZARD;HAZARD_ON_SHOULDER_CAR_STOPPED;"Conselheiro Lafaiete";"BR-040 Rod. Pres. Juscelino Kubitschek";3;10;0;-20.6557120;-43.8059230;1790086431000;2026-09-22T14:15:04+00:00;"22/09/2026 11:15:04"
716;bace0a6b-6d38-436d-a387-e8566eba2a49;HAZARD;HAZARD_ON_ROAD_POT_HOLE;"Conselheiro Lafaiete";"R. Aristides Francisco Pinto";1;7;0;-20.6838800;-43.7842230;1790084607000;2026-09-22T13:45:05+00:00;"22/09/2026 10:45:05"
712;d9e29c60-8eeb-498a-97f0-b9cac00ba6aa;HAZARD;HAZARD_ON_ROAD;"Conselheiro Lafaiete";;0;5;0;-20.6718950;-43.7991190;1790079132000;2026-09-22T12:13:04+00:00;"22/09/2026 09:13:04"
711;f1b6cfa7-f0fc-43a8-9f7a-0077bb6247b0;HAZARD;HAZARD_ON_SHOULDER_CAR_STOPPED;"Conselheiro Lafaiete";"Saída 634";0;6;0;-20.6879880;-43.7908550;1790078996000;2026-09-22T12:11:03+00:00;"22/09/2026 09:11:03"
710;8677d64f-3f8d-4c1d-a09a-30868ea52bbf;JAM;JAM_HEAVY_TRAFFIC;"Conselheiro Lafaiete";"R. Alfredo Elias Mafuz";0;5;0;-20.6703000;-43.7851320;1790078757000;2026-09-22T12:07:04+00:00;"22/09/2026 09:07:04"
709;d68cbead-26b1-40f8-ab02-12dfb8253c77;HAZARD;HAZARD_ON_ROAD_POT_HOLE;"Conselheiro Lafaiete";;3;10;0;-20.6773490;-43.7942750;1790075666000;2026-09-22T11:17:03+00:00;"22/09/2026 08:17:03"
708;d083f974-3f9e-404b-b0c6-0749297152d0;HAZARD;HAZARD_ON_SHOULDER_CAR_STOPPED;"Conselheiro Lafaiete";"R. Pe. Lobo";1;10;0;-20.6557650;-43.7806000;1790075519000;2026-09-22T11:13:04+00:00;"22/09/2026 08:13:04"
707;86db2263-837b-44ae-97a2-43c63d795d34;ACCIDENT;;"Conselheiro Lafaiete";"R. Alcides Rodrigues de Oliveira";0;5;0;-20.6693010;-43.8018620;1790074643000;2026-09-22T10:59:04+00:00;"22/09/2026 07:59:04"
706;1475d75e-59ce-4a15-8618-b7366bd8a5d2;HAZARD;HAZARD_WEATHER_FOG;;"MG-129 Rod. Eng. Ary Belisário";0;7;0;-20.6381980;-43.7895500;1790073098000;2026-09-22T10:33:04+00:00;"22/09/2026 07:33:04"
705;61936864-93d3-483b-8fa6-622f8f29bb7a;JAM;;"Conselheiro Lafaiete";"R. Nossa Senhora da Conceição";0;5;0;-20.6483210;-43.7772640;1790069507000;2026-09-22T09:33:03+00:00;"22/09/2026 06:33:03"
704;1c6915a7-c459-4fa8-bcf7-e19f75c7bb20;JAM;;"Conselheiro Lafaiete";"R. Nossa Senhora da Conceição";0;5;0;-20.6484850;-43.7773720;1790069253000;2026-09-22T09:29:04+00:00;"22/09/2026 06:29:04"
703;1686360b-5ec6-4545-8b30-43981bf81f32;JAM;;;"BR-040 Rod. Pres. Juscelino Kubitschek";0;5;0;-20.6640820;-43.8032980;1790061841000;2026-09-22T07:27:04+00:00;"22/09/2026 04:27:04"
702;8931fb9b-0ea8-4432-8cf5-75f6b61f8a98;HAZARD;HAZARD_WEATHER_FOG;;"MG-129 Rod. Eng. Ary Belisário";0;5;0;-20.6260330;-43.7696630;1790058009000;2026-09-22T06:23:03+00:00;"22/09/2026 03:23:03"
701;624b4f1f-f7c8-4f7c-937c-80fe9e6cd438;HAZARD;HAZARD_ON_SHOULDER_CAR_STOPPED;"Conselheiro Lafaiete";"R. Pe. Lobo";0;5;0;-20.6557520;-43.7805490;1790039262000;2026-09-22T01:09:04+00:00;"21/09/2026 22:09:04"
699;6311040d-1071-4b43-bf38-1aad3f304e13;HAZARD;HAZARD_ON_SHOULDER_CAR_STOPPED;"Conselheiro Lafaiete";"R. Pe. Lobo";1;8;0;-20.6557790;-43.7806540;1790029373000;2026-09-21T22:23:04+00:00;"21/09/2026 19:23:04"
698;978d6411-3557-4274-9291-c4c4da86aca2;JAM;;"Conselheiro Lafaiete";"R. Calixto Atanazio Chaves";0;5;0;-20.6878170;-43.7952920;1790027497000;2026-09-21T21:53:05+00:00;"21/09/2026 18:53:05"
697;b75c6400-221f-49d7-a93b-71de6b9321c0;JAM;JAM_HEAVY_TRAFFIC;"Conselheiro Lafaiete";"R. Pe. Lobo";0;5;0;-20.6539080;-43.7775920;1790025432000;2026-09-21T21:19:05+00:00;"21/09/2026 18:19:05"
695;2b83ae48-2a46-4735-a101-9a1db85d6ddd;JAM;JAM_HEAVY_TRAFFIC;"Conselheiro Lafaiete";"BR-040 S Rod. Pres. Juscelino Kubitschek";0;5;0;-20.6491110;-43.8095260;1790024940000;2026-09-21T21:09:05+00:00;"21/09/2026 18:09:05"
696;c84a76bd-c889-4736-8119-7e06b20f3402;JAM;JAM_HEAVY_TRAFFIC;"Conselheiro Lafaiete";"BR-040 S Rod. Pres. Juscelino Kubitschek";0;5;0;-20.6481830;-43.8096540;1790024910000;2026-09-21T21:09:05+00:00;"21/09/2026 18:09:05"
693;caeb26c0-d183-4689-acf1-dd84c0fac2cf;JAM;JAM_HEAVY_TRAFFIC;"Conselheiro Lafaiete";"R. Antônio Francisco Neves";0;5;0;-20.6724460;-43.7823090;1790024329000;2026-09-21T21:01:05+00:00;"21/09/2026 18:01:05"
694;62bc3954-4eb6-4619-a0c1-c9c59c9e2155;JAM;;"Conselheiro Lafaiete";"R. Antônio Francisco Neves";0;5;0;-20.6725860;-43.7825180;1790024358000;2026-09-21T21:01:05+00:00;"21/09/2026 18:01:05"
692;5186d055-acee-4247-b5ae-d4a81ef04ebb;HAZARD;HAZARD_ON_SHOULDER_ANIMALS;"Conselheiro Lafaiete";"R. Comendador Baeta Neves";0;6;0;-20.6602990;-43.7857520;1790023300000;2026-09-21T20:43:04+00:00;"21/09/2026 17:43:04"
690;7da47822-8d34-4b3e-9438-a3acdf31a4fa;JAM;JAM_STAND_STILL_TRAFFIC;"Conselheiro Lafaiete";"BR-040 S Rod. Pres. Juscelino Kubitschek";0;5;0;-20.6498000;-43.8094220;1790022996000;2026-09-21T20:39:04+00:00;"21/09/2026 17:39:04"
688;ef7654c3-16db-4754-b1cf-ba9eb3b96e03;JAM;JAM_STAND_STILL_TRAFFIC;"Conselheiro Lafaiete";"Av. Furtado";0;5;0;-20.6656170;-43.7961760;1790021357000;2026-09-21T20:11:06+00:00;"21/09/2026 17:11:06"
687;c9dd9554-f705-48b7-b1de-bef294d84bea;JAM;JAM_HEAVY_TRAFFIC;"Conselheiro Lafaiete";"R. São Camilo";0;5;0;-20.6686140;-43.7856970;1790021332000;2026-09-21T20:09:04+00:00;"21/09/2026 17:09:04"
685;1828ffc4-08db-4e82-8ec3-7ba33a3a8498;HAZARD;HAZARD_ON_ROAD_POT_HOLE;"Conselheiro Lafaiete";"R. Sebastião Borba";3;10;0;-20.6649770;-43.8049170;1790020298000;2026-09-21T19:53:05+00:00;"21/09/2026 16:53:05"
686;33a1ceba-13a3-4b4f-9156-b955faa69b2d;HAZARD;HAZARD_ON_ROAD_POT_HOLE;"Conselheiro Lafaiete";"R. Eng. Nelson Teixeira";3;10;0;-20.6648070;-43.8047890;1790020310000;2026-09-21T19:53:05+00:00;"21/09/2026 16:53:05"
683;f3270560-938c-4798-8ded-49b3751efe47;HAZARD;HAZARD_ON_ROAD;"Conselheiro Lafaiete";"R. Cristovão de Sena";0;5;0;-20.6593420;-43.7712840;1790012815000;2026-09-21T17:47:04+00:00;"21/09/2026 14:47:04"
682;ef5c1148-5027-49c0-a7fd-4ae8cf568f28;HAZARD;HAZARD_ON_ROAD;"Conselheiro Lafaiete";"R. Pedro Bellavinha";0;5;0;-20.6447270;-43.7681540;1790006619000;2026-09-21T16:05:05+00:00;"21/09/2026 13:05:05"
681;edd6841b-8d62-4eec-9614-32bec049bc8b;HAZARD;HAZARD_ON_ROAD_POT_HOLE;"Conselheiro Lafaiete";"R. Barão de Pouso Alegre";4;10;0;-20.6673660;-43.8059720;1790005441000;2026-09-21T15:47:03+00:00;"21/09/2026 12:47:03"
680;8b50b78c-bbab-44b7-a7c1-cccb2bcd6267;HAZARD;HAZARD_ON_ROAD_POT_HOLE;"Conselheiro Lafaiete";"R. Lopes Franco";4;10;0;-20.6703970;-43.7953630;1790005120000;2026-09-21T15:39:04+00:00;"21/09/2026 12:39:04"
679;40090296-e3e0-49cb-92ed-b7f6f06fd6ca;HAZARD;HAZARD_ON_ROAD_POT_HOLE;"Conselheiro Lafaiete";"R. Santo Antônio de Pádua";1;9;0;-20.6447950;-43.8093060;1790002482000;2026-09-21T14:55:05+00:00;"21/09/2026 11:55:05"
678;e37a817a-e5e8-4fca-ae00-19e09f3e9382;HAZARD;HAZARD_ON_ROAD_POT_HOLE;"Conselheiro Lafaiete";"Av. Prof. Manoel Martins";1;10;0;-20.6529270;-43.7891740;1790001998000;2026-09-21T14:49:04+00:00;"21/09/2026 11:49:04"
676;a0cca885-e0ad-4bd8-99be-447dfa8704be;HAZARD;HAZARD_ON_ROAD_POT_HOLE;"Conselheiro Lafaiete";"R. Eugenio Pereira";4;10;0;-20.6725370;-43.7819520;1790001277000;2026-09-21T14:35:05+00:00;"21/09/2026 11:35:05"
677;349fef34-38e7-4acc-9d69-dbb47b96988f;HAZARD;HAZARD_ON_ROAD_POT_HOLE;"Conselheiro Lafaiete";"R. Amazonas";5;10;0;-20.6730550;-43.7818130;1790001263000;2026-09-21T14:35:05+00:00;"21/09/2026 11:35:05"
675;cc7a1d3c-01db-47f6-9bbc-b5ceab16dd8c;HAZARD;HAZARD_ON_ROAD_POT_HOLE;"Conselheiro Lafaiete";"R. Jacinto Siqueira";0;8;0;-20.6595800;-43.7893740;1790000138000;2026-09-21T14:19:04+00:00;"21/09/2026 11:19:04"
673;9bb3a30c-5651-423f-a536-52d37c99fe79;HAZARD;HAZARD_ON_ROAD_CONSTRUCTION;;"BR-040 Rod. Pres. Juscelino Kubitschek";0;6;0;-20.6647980;-43.8034820;1790000014000;2026-09-21T14:15:05+00:00;"21/09/2026 11:15:05"
674;aef9758d-ade1-4fe2-b78b-2e388a2fac76;HAZARD;HAZARD_ON_ROAD_CONSTRUCTION;"Conselheiro Lafaiete";"BR-040 Rod. Pres. Juscelino Kubitschek";5;10;0;-20.6555580;-43.8066080;1790000099000;2026-09-21T14:15:05+00:00;"21/09/2026 11:15:05"
672;d156c452-35c2-4bbc-a6ad-1e5a33f57236;HAZARD;HAZARD_ON_ROAD_POT_HOLE;"Conselheiro Lafaiete";"R. Barão de Pouso Alegre";2;10;0;-20.6695820;-43.8080700;1789999497000;2026-09-21T14:05:04+00:00;"21/09/2026 11:05:04"
671;004a90c1-d385-42de-a5d6-53f9e9454191;HAZARD;HAZARD_ON_ROAD_POT_HOLE;"Conselheiro Lafaiete";"R. Jair da Rocha Vieira";0;5;0;-20.6852930;-43.7972140;1789998523000;2026-09-21T13:51:04+00:00;"21/09/2026 10:51:04"
670;6be58d94-25b6-460b-bf21-a32e50ccaa4f;HAZARD;HAZARD_ON_ROAD_POT_HOLE;"Conselheiro Lafaiete";"Av. Monsenhor Moreira";5;10;0;-20.6582760;-43.7997440;1789998307000;2026-09-21T13:47:04+00:00;"21/09/2026 10:47:04"
669;57fff565-88c0-4581-ac86-002ea313c6a2;HAZARD;HAZARD_ON_SHOULDER_CAR_STOPPED;"Conselheiro Lafaiete";"BR-040 Rod. Pres. Juscelino Kubitschek";0;5;0;-20.6419570;-43.8126860;1789996600000;2026-09-21T13:19:04+00:00;"21/09/2026 10:19:04"
662;43f6235e-d34b-48a1-86f4-3c3444c09be4;HAZARD;HAZARD_ON_ROAD_POT_HOLE;"Conselheiro Lafaiete";"R. Santa Efigênia";0;7;0;-20.6478010;-43.7894890;1789995684000;2026-09-21T13:05:05+00:00;"21/09/2026 10:05:05"
663;54b582a4-ffe0-402d-8839-ab57b5ae4328;HAZARD;HAZARD_ON_ROAD_POT_HOLE;"Conselheiro Lafaiete";"R. Santa Efigênia";5;10;0;-20.6489010;-43.7889680;1789995702000;2026-09-21T13:05:05+00:00;"21/09/2026 10:05:05"
664;ed05f587-ecf7-43cc-afbf-9e9cd6eb8098;HAZARD;HAZARD_ON_ROAD_POT_HOLE;"Conselheiro Lafaiete";"R. Santa Efigênia";1;9;0;-20.6508720;-43.7889070;1789995741000;2026-09-21T13:05:05+00:00;"21/09/2026 10:05:05"
665;434aa126-2b16-4eca-a468-db3bfacd3770;HAZARD;HAZARD_ON_ROAD_POT_HOLE;"Conselheiro Lafaiete";"Av. Prof. Manoel Martins";5;10;0;-20.6527920;-43.7892390;1789995780000;2026-09-21T13:05:05+00:00;"21/09/2026 10:05:05"
666;3058ea6e-6934-4768-9ec5-0f6161ac53c4;HAZARD;HAZARD_ON_SHOULDER_CAR_STOPPED;"Conselheiro Lafaiete";"Av. Prof. Manoel Martins";0;5;0;-20.6553890;-43.7913080;1789995854000;2026-09-21T13:05:05+00:00;"21/09/2026 10:05:05"
667;3effc767-0d2c-44f1-9af5-789c0fea4da6;HAZARD;HAZARD_ON_ROAD_POT_HOLE;"Conselheiro Lafaiete";"Av. Prof. Manoel Martins";1;9;0;-20.6559110;-43.7914520;1789995866000;2026-09-21T13:05:05+00:00;"21/09/2026 10:05:05"
668;28c0e027-9e38-4521-9790-62df6981021a;HAZARD;HAZARD_ON_SHOULDER_CAR_STOPPED;"Conselheiro Lafaiete";"Av. Prof. Manoel Martins";0;6;0;-20.6572910;-43.7918550;1789995898000;2026-09-21T13:05:05+00:00;"21/09/2026 10:05:05"
661;c19a22b0-f0dd-4027-b360-c6a7b1e306d8;HAZARD;HAZARD_ON_SHOULDER_CAR_STOPPED;;"BR-040 Rod. Pres. Juscelino Kubitschek";3;10;0;-20.6902950;-43.7899740;1789994727000;2026-09-21T12:49:03+00:00;"21/09/2026 09:49:03"
660;1e18ff87-5f7a-4ab8-a91e-303178537696;JAM;;"Conselheiro Lafaiete";"R. Valério Eugênio";0;5;0;-20.6558820;-43.8029530;1789994356000;2026-09-21T12:41:04+00:00;"21/09/2026 09:41:04"
659;5cd94ed8-49dd-46cc-8dda-496cd0edfca3;JAM;;"Conselheiro Lafaiete";"R. Barão de Pouso Alegre";0;5;0;-20.6609370;-43.8003930;1789993894000;2026-09-21T12:33:04+00:00;"21/09/2026 09:33:04"
658;c083a15b-778c-4e39-964f-65009f9f3901;ACCIDENT;;"Conselheiro Lafaiete";"R. Louis Pasteur";0;5;0;-20.6608330;-43.8000650;1789993097000;2026-09-21T12:19:04+00:00;"21/09/2026 09:19:04"
657;3b248b47-286b-4664-a6f8-edf1aad34664;HAZARD;HAZARD_ON_ROAD_LANE_CLOSED;"Conselheiro Lafaiete";"R. Assis Andrade";0;5;0;-20.6612340;-43.7910720;1789992478000;2026-09-21T12:09:04+00:00;"21/09/2026 09:09:04"
656;8a9870f6-8432-43db-b69a-e78c657782b7;JAM;;"Conselheiro Lafaiete";"BR-040 S Rod. Pres. Juscelino Kubitschek";0;5;0;-20.6501820;-43.8093590;1789989574000;2026-09-21T11:21:03+00:00;"21/09/2026 08:21:03"
654;30d5449a-167d-492a-90b5-feccbfd058b7;HAZARD;HAZARD_ON_ROAD_POT_HOLE;"Conselheiro Lafaiete";"R. Homero Seabra";2;10;0;-20.6598000;-43.7925430;1789988292000;2026-09-21T10:59:04+00:00;"21/09/2026 07:59:04"
655;20262144-7213-4633-acf5-c08b06f7a9e2;HAZARD;HAZARD_ON_ROAD_POT_HOLE;"Conselheiro Lafaiete";"Av. Prof. Manoel Martins";5;10;0;-20.6582830;-43.7923760;1789988224000;2026-09-21T10:59:04+00:00;"21/09/2026 07:59:04"
653;b991f1f9-d0a2-4e82-a388-eb27bcab6429;HAZARD;HAZARD_WEATHER;"Conselheiro Lafaiete";"BR-040 Rod. Pres. Juscelino Kubitschek";0;6;0;-20.6723790;-43.7980250;1789988057000;2026-09-21T10:55:04+00:00;"21/09/2026 07:55:04"
651;8e47df84-ba2b-4a1c-99a0-5fa94705a8b8;JAM;JAM_HEAVY_TRAFFIC;"Conselheiro Lafaiete";"BR-040 Rod. Pres. Juscelino Kubitschek";0;5;0;-20.6851860;-43.7926090;1789982049000;2026-09-21T09:15:04+00:00;"21/09/2026 06:15:04"
650;fb15d3e5-d06b-4dc0-9041-b93d06f8288b;HAZARD;HAZARD_ON_ROAD;"Conselheiro Lafaiete";"R. Marilia Bernadina Lobo";0;5;0;-20.6686060;-43.7700080;1789952497000;2026-09-21T01:03:04+00:00;"20/09/2026 22:03:04"
649;36b8373a-5619-4dcb-a9a2-9c95c4a65d85;HAZARD;HAZARD_ON_ROAD_POT_HOLE;"Conselheiro Lafaiete";"R. Fernandes Leão";5;10;0;-20.6656220;-43.7939340;1789950094000;2026-09-21T00:25:04+00:00;"20/09/2026 21:25:04"
648;9ae6a4db-e05b-4356-9214-e978e1682cc5;HAZARD;HAZARD_ON_ROAD_POT_HOLE;"Conselheiro Lafaiete";"R. Samuel Vieira Rezende Paula";0;5;0;-20.6446900;-43.8069780;1789943387000;2026-09-20T22:31:04+00:00;"20/09/2026 19:31:04"
647;c4bb8dc3-b93c-4fa2-a535-a51263d0e654;HAZARD;HAZARD_ON_ROAD_POT_HOLE;"Conselheiro Lafaiete";"R. Ferutio Verdolim";0;8;0;-20.6642900;-43.8021360;1789941729000;2026-09-20T22:05:04+00:00;"20/09/2026 19:05:04"
646;466455c1-3a47-4727-8194-b2914fbab520;HAZARD;HAZARD_ON_ROAD_POT_HOLE;"Conselheiro Lafaiete";"Av. das Castanheiras";1;9;0;-20.6519780;-43.7929630;1789940862000;2026-09-20T21:49:03+00:00;"20/09/2026 18:49:03"
645;54529969-2d30-4e07-9f55-ec553ccdf8f9;JAM;JAM_HEAVY_TRAFFIC;"Conselheiro Lafaiete";"R. Moacir de Souza Dias";0;5;0;-20.6543440;-43.7762850;1789938460000;2026-09-20T21:09:04+00:00;"20/09/2026 18:09:04"
644;71ac22d4-a2fc-4c79-b7e9-d6c96df32ecf;JAM;JAM_HEAVY_TRAFFIC;"Conselheiro Lafaiete";MGC-482;0;5;0;-20.6568410;-43.7657450;1789938227000;2026-09-20T21:05:04+00:00;"20/09/2026 18:05:04"
643;7f2aaea4-f335-4e9b-8beb-167deb105a82;JAM;JAM_HEAVY_TRAFFIC;"Conselheiro Lafaiete";"Pç. Barão de Queluz";0;5;0;-20.6603290;-43.7866110;1789938128000;2026-09-20T21:03:04+00:00;"20/09/2026 18:03:04"
642;01f4feb7-b319-4b7f-be49-3a11c63b98e8;HAZARD;HAZARD_ON_ROAD_POT_HOLE;"Conselheiro Lafaiete";"R. Joemy Faria";5;10;0;-20.6619600;-43.7735500;1789937836000;2026-09-20T20:59:04+00:00;"20/09/2026 17:59:04"
641;01f0975d-11d2-4ab5-8aaf-349fecd4522f;HAZARD;HAZARD_ON_ROAD_POT_HOLE;"Conselheiro Lafaiete";"R. Amazonas";5;10;0;-20.6692340;-43.7777860;1789937628000;2026-09-20T20:57:03+00:00;"20/09/2026 17:57:03"
639;35879eec-8bc3-4a4a-a64f-e9ec7a76860e;HAZARD;HAZARD_ON_ROAD_POT_HOLE;"Conselheiro Lafaiete";"R. Amazonas";5;10;0;-20.6713110;-43.7802400;1789937569000;2026-09-20T20:53:04+00:00;"20/09/2026 17:53:04"
638;c34d3495-8b2d-404b-af0e-c363c8a5357e;HAZARD;HAZARD_ON_ROAD_POT_HOLE;"Conselheiro Lafaiete";"Est. União Indústria";5;10;0;-20.6966720;-43.8021050;1789936535000;2026-09-20T20:39:04+00:00;"20/09/2026 17:39:04"
635;5d9b9af4-f08f-4172-9a0a-365de9292cac;HAZARD;HAZARD_ON_ROAD_POT_HOLE;"Conselheiro Lafaiete";"Av. Geraldo Plaza";0;5;0;-20.7033450;-43.8102780;1789936354000;2026-09-20T20:35:05+00:00;"20/09/2026 17:35:05"
636;a4498244-da85-4613-afcf-029e6586030a;HAZARD;HAZARD_ON_ROAD_POT_HOLE;"Conselheiro Lafaiete";"Av. Geraldo Plaza";0;5;0;-20.7024950;-43.8094440;1789936372000;2026-09-20T20:35:05+00:00;"20/09/2026 17:35:05"
637;5491ccaf-802b-4e11-a9b0-c174eadd75ac;HAZARD;HAZARD_ON_ROAD_POT_HOLE;"Conselheiro Lafaiete";"Av. Geraldo Plaza";0;5;0;-20.7011400;-43.8081870;1789936400000;2026-09-20T20:35:05+00:00;"20/09/2026 17:35:05"
634;92e44c3d-9b22-47de-af0b-646a285938da;HAZARD;HAZARD_ON_ROAD_POT_HOLE;"Conselheiro Lafaiete";"Av. Prefeito Telésforo Cândido Resende";5;10;0;-20.6581200;-43.7849800;1789933029000;2026-09-20T19:39:04+00:00;"20/09/2026 16:39:04"
633;bb3f1e99-2ed1-4d16-b629-92ee8d396397;HAZARD;HAZARD_ON_ROAD;"Conselheiro Lafaiete";"R. Alfredo Zebal";0;5;0;-20.6740920;-43.7767980;1789932082000;2026-09-20T19:23:04+00:00;"20/09/2026 16:23:04"
632;282ddab5-508c-4951-b05d-dc244042df16;HAZARD;HAZARD_ON_ROAD_POT_HOLE;"Conselheiro Lafaiete";"R. Santa Matilde";5;10;0;-20.6785630;-43.7862370;1789930942000;2026-09-20T19:03:04+00:00;"20/09/2026 16:03:04"
631;3b0d9340-d508-4050-b585-d9444c75d513;HAZARD;HAZARD_ON_ROAD_POT_HOLE;"Conselheiro Lafaiete";"R. Silvio Augusto Soares";3;10;0;-20.6581800;-43.7572690;1789927712000;2026-09-20T18:09:04+00:00;"20/09/2026 15:09:04"
630;149bcaf0-4bf6-4418-8650-94ca4c9b017e;HAZARD;HAZARD_ON_ROAD_POT_HOLE;"Conselheiro Lafaiete";"R. Alexandrina Nogueira de Queiroz";4;10;0;-20.6752250;-43.7818360;1789926201000;2026-09-20T17:47:04+00:00;"20/09/2026 14:47:04"
628;033bf49d-c043-400e-ac12-2c96fb44b2e9;JAM;JAM_STAND_STILL_TRAFFIC;"Conselheiro Lafaiete";"Pç. Barão de Queluz";0;5;0;-20.6608200;-43.7869480;1789920849000;2026-09-20T16:15:05+00:00;"20/09/2026 13:15:05"
627;a022e133-2517-4281-b471-0d6b27a4de59;ACCIDENT;;"Conselheiro Lafaiete";"R. Bias Fortes";0;5;0;-20.6642100;-43.8000210;1789913436000;2026-09-20T14:13:03+00:00;"20/09/2026 11:13:03"
626;6d2d81ca-fb07-48b0-a522-75c5d7145eec;HAZARD;HAZARD_ON_ROAD_LANE_CLOSED;"Conselheiro Lafaiete";"R. José Domingos Alves Baeta";1;7;0;-20.6635070;-43.7866950;1789910001000;2026-09-20T13:15:03+00:00;"20/09/2026 10:15:03"
625;6c3d29dd-8d4b-4550-a005-f8e4214f2c0a;HAZARD;HAZARD_ON_ROAD_POT_HOLE;"Conselheiro Lafaiete";"BR-040 S Rod. Pres. Juscelino Kubitschek";1;10;0;-20.6660130;-43.8034040;1789906994000;2026-09-20T12:25:04+00:00;"20/09/2026 09:25:04"
624;96c503f3-73ad-442b-9001-400e89b97801;HAZARD;HAZARD_ON_ROAD_POT_HOLE;"Conselheiro Lafaiete";"Av. Prof. Manoel Martins";5;10;0;-20.6560180;-43.7914820;1789905070000;2026-09-20T11:53:04+00:00;"20/09/2026 08:53:04"
623;a23d7c39-2a9b-4d00-97dd-915863567519;HAZARD;HAZARD_WEATHER_FOG;;"MG-129 Rod. Eng. Ary Belisário";0;6;0;-20.6371150;-43.7870190;1789899203000;2026-09-20T10:15:04+00:00;"20/09/2026 07:15:04"
622;c488db5c-14a5-4a80-bd17-fc4f1ddb5ed9;HAZARD;HAZARD_ON_ROAD_POT_HOLE;"Conselheiro Lafaiete";MGC-482;5;10;0;-20.6576940;-43.7673430;1789880757000;2026-09-20T05:09:04+00:00;"20/09/2026 02:09:04"
620;975c2511-5380-4590-955d-8bceeffb9f35;HAZARD;HAZARD_ON_SHOULDER_CAR_STOPPED;"Conselheiro Lafaiete";"BR-040 S Rod. Pres. Juscelino Kubitschek";0;6;0;-20.6780080;-43.7944200;1789866682000;2026-09-20T01:13:03+00:00;"19/09/2026 22:13:03"
619;8ee09efb-c8f7-45fd-9abc-b051b4713bd5;HAZARD;HAZARD_ON_SHOULDER_ANIMALS;"Conselheiro Lafaiete";"R. Benedito Alves Vieira";0;5;0;-20.6673990;-43.8035620;1789861895000;2026-09-19T23:53:04+00:00;"19/09/2026 20:53:04"
617;c6ff6813-fc7c-488f-9105-6524c67c749a;HAZARD;HAZARD_ON_ROAD;"Conselheiro Lafaiete";"R. Francisco Lobo";0;5;0;-20.6627900;-43.7780910;1789859622000;2026-09-19T23:15:04+00:00;"19/09/2026 20:15:04"
618;1496ecef-d6d2-4e04-8cc1-03d0b90865c9;HAZARD;HAZARD_ON_ROAD_POT_HOLE;"Conselheiro Lafaiete";"R. Dr. Henrique de Abreu";3;10;0;-20.6632470;-43.7813180;1789859692000;2026-09-19T23:15:04+00:00;"19/09/2026 20:15:04"
614;d94aeeb0-4dac-4c03-9f84-39bc3b4d90d3;ROAD_CLOSED;;"Conselheiro Lafaiete";"Pç. Tiradentes";0;5;0;-20.6609370;-43.7869200;1789854034000;2026-09-19T22:19:04+00:00;"19/09/2026 19:19:04"
615;9edb5ea7-39b5-4ec4-91b9-2e3a4b4a5e58;ROAD_CLOSED;;"Conselheiro Lafaiete";"Pç. Tiradentes";0;5;0;-20.6609370;-43.7869200;1789856292000;2026-09-19T22:19:04+00:00;"19/09/2026 19:19:04"
613;ecdc0317-65a9-4c2d-90fb-66d8b0945567;JAM;;"Conselheiro Lafaiete";"R. Geni Pires Pereira";0;5;0;-20.6879580;-43.7913980;1789856037000;2026-09-19T22:15:04+00:00;"19/09/2026 19:15:04"
612;1e271fe4-58b7-4720-a283-f9345eaab84c;HAZARD;HAZARD_ON_ROAD_POT_HOLE;"Conselheiro Lafaiete";"R. Bias Fortes";1;9;0;-20.6641540;-43.7995690;1789855140000;2026-09-19T22:01:04+00:00;"19/09/2026 19:01:04"
611;d0e3062e-5767-412a-aa65-6b2398b05558;HAZARD;HAZARD_ON_ROAD;"Conselheiro Lafaiete";"R. Dr. Ademar Pereira de Barros";0;5;0;-20.6523970;-43.7760500;1789854852000;2026-09-19T21:57:04+00:00;"19/09/2026 18:57:04"
609;4680715c-1285-422e-b201-cc3038bb3e1a;HAZARD;HAZARD_ON_ROAD_POT_HOLE;"Conselheiro Lafaiete";"R. Fernandes Leão";5;10;0;-20.6658060;-43.7939030;1789848483000;2026-09-19T20:09:04+00:00;"19/09/2026 17:09:04"
608;a03e4fe8-297f-4bde-a71f-bea13579138e;HAZARD;HAZARD_ON_ROAD;"Conselheiro Lafaiete";"R. Barão de Pouso Alegre";0;5;0;-20.6625150;-43.8013690;1789847401000;2026-09-19T19:51:04+00:00;"19/09/2026 16:51:04"
605;5f33b1f2-c793-4339-90fe-1f70f6e866ef;HAZARD;HAZARD_ON_ROAD;"Conselheiro Lafaiete";"R. Dudu Nascimento";0;6;0;-20.6583990;-43.7861330;1789840154000;2026-09-19T17:53:04+00:00;"19/09/2026 14:53:04"
604;a6580fdb-0f4c-41a3-9308-0783184964a6;HAZARD;HAZARD_ON_ROAD_CONSTRUCTION;"Conselheiro Lafaiete";"BR-040 Rod. Pres. Juscelino Kubitschek";0;5;0;-20.6733010;-43.7971500;1789837912000;2026-09-19T17:13:04+00:00;"19/09/2026 14:13:04"
602;78ab1a1e-958d-4a5b-b03f-ae91e9e2c662;HAZARD;HAZARD_ON_ROAD_CONSTRUCTION;;"BR-040 Rod. Pres. Juscelino Kubitschek";0;6;0;-20.6600400;-43.8021120;1789837197000;2026-09-19T17:03:03+00:00;"19/09/2026 14:03:03"
601;8965fbe0-c20e-4d9c-bc5f-019d7be19636;HAZARD;HAZARD_ON_ROAD_LANE_CLOSED;"Conselheiro Lafaiete";"Pç. Barão de Queluz";0;5;0;-20.6609560;-43.7868820;1789835888000;2026-09-19T16:41:04+00:00;"19/09/2026 13:41:04"
599;39e6942b-376a-4b59-886a-0078624c3f72;JAM;JAM_HEAVY_TRAFFIC;"Conselheiro Lafaiete";"R. José Domingos Alves Baeta";0;5;0;-20.6634480;-43.7870840;1789833431000;2026-09-19T16:01:04+00:00;"19/09/2026 13:01:04"
597;f1f1e77b-8b08-4b47-afc0-d06b826b71f1;JAM;JAM_HEAVY_TRAFFIC;"Conselheiro Lafaiete";"R. Cristovão de Sena";0;5;0;-20.6623230;-43.7775560;1789833142000;2026-09-19T15:53:04+00:00;"19/09/2026 12:53:04"
596;2bcfb14d-9237-403f-a58c-1893b48532f3;HAZARD;HAZARD_ON_ROAD_LANE_CLOSED;"Conselheiro Lafaiete";"BR-040 Rod. Pres. Juscelino Kubitschek";0;6;0;-20.6700250;-43.8007610;1789830464000;2026-09-19T15:09:04+00:00;"19/09/2026 12:09:04"
593;d1ed174d-bc17-40e4-b485-09dc78120f13;ACCIDENT;;"Conselheiro Lafaiete";"R. José Alípio de Campos";0;5;0;-20.6372060;-43.8079860;1789829322000;2026-09-19T14:51:04+00:00;"19/09/2026 11:51:04"
594;a19f9158-c710-4817-8415-b412c5aace8c;JAM;JAM_HEAVY_TRAFFIC;"Conselheiro Lafaiete";"R. José Alípio de Campos";0;5;0;-20.6372010;-43.8079900;1789829367000;2026-09-19T14:51:04+00:00;"19/09/2026 11:51:04"
592;1099e974-d320-4709-bc16-46f3479bada6;HAZARD;HAZARD_ON_ROAD;"Conselheiro Lafaiete";;0;5;0;-20.6662920;-43.7958820;1789828983000;2026-09-19T14:43:04+00:00;"19/09/2026 11:43:04"
591;52fc66a7-20f9-4755-bdc9-ed0f8164ac1e;JAM;JAM_HEAVY_TRAFFIC;"Conselheiro Lafaiete";"R. Benjamin Granha Senra";0;5;0;-20.6628780;-43.7785390;1789825710000;2026-09-19T13:49:04+00:00;"19/09/2026 10:49:04"
590;676c3687-2830-488d-a072-b0238137c655;JAM;JAM_HEAVY_TRAFFIC;"Conselheiro Lafaiete";"BR-040 S Rod. Pres. Juscelino Kubitschek";0;5;0;-20.6563200;-43.8036830;1789824829000;2026-09-19T13:37:04+00:00;"19/09/2026 10:37:04"
589;81275a51-aa7f-4369-8c87-df5c093b81c9;HAZARD;HAZARD_ON_ROAD_LANE_CLOSED;"Conselheiro Lafaiete";"Pç. Barão de Queluz";3;10;0;-20.6608870;-43.7869340;1789824392000;2026-09-19T13:29:03+00:00;"19/09/2026 10:29:03"
583;433a7ed9-9c54-404c-9d4b-698e49d7f042;HAZARD;HAZARD_ON_ROAD_CONSTRUCTION;"Conselheiro Lafaiete";"BR-040 Rod. Pres. Juscelino Kubitschek";0;6;0;-20.6304050;-43.8106890;1789821391000;2026-09-19T12:39:04+00:00;"19/09/2026 09:39:04"
581;a622dfb8-b3d6-4692-9a7f-11ffee96b562;HAZARD;HAZARD_ON_ROAD_CONSTRUCTION;"Conselheiro Lafaiete";"BR-040 Rod. Pres. Juscelino Kubitschek";0;5;0;-20.6347560;-43.8132610;1789819933000;2026-09-19T12:15:04+00:00;"19/09/2026 09:15:04"
580;06e30b57-4678-4b37-a245-5897b63e26b6;HAZARD;HAZARD_ON_SHOULDER_CAR_STOPPED;"Conselheiro Lafaiete";"BR-040 Rod. Pres. Juscelino Kubitschek";3;10;0;-20.6808700;-43.7942780;1789819281000;2026-09-19T12:03:04+00:00;"19/09/2026 09:03:04"
579;98f54db5-cb92-4707-a78d-3e0163a9800a;HAZARD;HAZARD_ON_ROAD;"Conselheiro Lafaiete";"R. Rio de Janeiro";0;5;0;-20.6651640;-43.7818730;1789816692000;2026-09-19T11:19:04+00:00;"19/09/2026 08:19:04"
577;f3c315ac-04db-465c-8915-c0fddf20cd7a;ROAD_CLOSED;;"Conselheiro Lafaiete";"R. Almirante Tamandaré";0;6;0;-20.6574610;-43.7961360;1789812081000;2026-09-19T10:03:04+00:00;"19/09/2026 07:03:04"
578;b7e228ab-0de1-4a93-8a48-3238cc7db2d4;ROAD_CLOSED;;"Conselheiro Lafaiete";"R. Almirante Tamandaré";0;6;0;-20.6577420;-43.7961480;1789812082000;2026-09-19T10:03:04+00:00;"19/09/2026 07:03:04"
576;6679f4ef-da7d-4293-8646-21449ba91603;HAZARD;HAZARD_ON_ROAD_POT_HOLE;"Conselheiro Lafaiete";"R. Joemy Faria";5;10;0;-20.6601050;-43.7691000;1789792158000;2026-09-19T04:33:04+00:00;"19/09/2026 01:33:04"
574;8ac44415-7bd3-428e-b69a-d0721ed312e6;HAZARD;HAZARD_ON_ROAD_POT_HOLE;"Conselheiro Lafaiete";"R. Paulo Ferreira Maia";0;5;0;-20.6620860;-43.7705510;1789792120000;2026-09-19T04:29:03+00:00;"19/09/2026 01:29:03"
575;ae787c66-793a-49ee-8e19-82b84a2f68b9;HAZARD;HAZARD_ON_ROAD_POT_HOLE;"Conselheiro Lafaiete";"R. Joemy Faria";5;10;0;-20.6622380;-43.7722310;1789792093000;2026-09-19T04:29:03+00:00;"19/09/2026 01:29:03"
573;8d2b0716-c458-4780-a138-be9e6b778fe4;HAZARD;HAZARD_ON_ROAD;;"MG-129 Rod. Eng. Ary Belisário";0;5;0;-20.6294680;-43.7751590;1789790727000;2026-09-19T04:07:03+00:00;"19/09/2026 01:07:03"
572;d0f79b38-24e9-43ee-ad14-0d5a3b709815;HAZARD;HAZARD_ON_ROAD;"Conselheiro Lafaiete";"Av. Prof. Manoel Martins";0;5;0;-20.6562950;-43.7914050;1789785511000;2026-09-19T02:41:04+00:00;"18/09/2026 23:41:04"
571;21daa48c-9960-47dc-a015-5f352ef3d61e;HAZARD;HAZARD_ON_ROAD_POT_HOLE;"Conselheiro Lafaiete";"R. Silvio Augusto Soares";3;10;0;-20.6562470;-43.7585090;1789778012000;2026-09-19T00:35:05+00:00;"18/09/2026 21:35:05"
570;46d26581-7aca-4855-a23c-525701914462;HAZARD;HAZARD_ON_SHOULDER_CAR_STOPPED;"Conselheiro Lafaiete";"BR-040 Rod. Pres. Juscelino Kubitschek";0;5;0;-20.6686320;-43.8023360;1789774639000;2026-09-18T23:39:03+00:00;"18/09/2026 20:39:03"
569;be10428e-7eee-463c-9dd2-d9ad2b2861e6;HAZARD;HAZARD_ON_ROAD;"Conselheiro Lafaiete";"R. Luciano de Queiroz";0;5;0;-20.6473450;-43.7653130;1789772153000;2026-09-18T22:57:03+00:00;"18/09/2026 19:57:03"
567;838eb244-55f0-4a48-aed8-203294b06e89;HAZARD;HAZARD_ON_ROAD_POT_HOLE;"Conselheiro Lafaiete";"Al. dos Manacás";0;5;0;-20.6517040;-43.7917010;1789770123000;2026-09-18T22:25:05+00:00;"18/09/2026 19:25:05"
568;57da7089-c92a-4e1d-921d-ab20b2249d71;HAZARD;HAZARD_ON_ROAD_POT_HOLE;"Conselheiro Lafaiete";"R. Fernando Campolina Maia";0;5;0;-20.6509290;-43.7912990;1789770157000;2026-09-18T22:25:05+00:00;"18/09/2026 19:25:05"
566;c3cdd418-b26f-4576-848a-701cd044b4d2;JAM;JAM_STAND_STILL_TRAFFIC;"Conselheiro Lafaiete";"R. Alfredo Elias Mafuz";0;5;0;-20.6872970;-43.7908660;1789769219000;2026-09-18T22:09:04+00:00;"18/09/2026 19:09:04"
565;8ca8dc45-ce98-461c-a0d1-cae85a85663a;HAZARD;HAZARD_ON_SHOULDER_CAR_STOPPED;"Conselheiro Lafaiete";"BR-040 Rod. Pres. Juscelino Kubitschek";0;5;0;-20.6407120;-43.8134810;1789768928000;2026-09-18T22:03:04+00:00;"18/09/2026 19:03:04"
563;9861d2f2-fa39-4ca9-afc6-c63035273e1b;HAZARD;HAZARD_ON_ROAD_CONSTRUCTION;"Conselheiro Lafaiete";"BR-040 N Rod. Pres. Juscelino Kubitschek";0;6;0;-20.6526590;-43.8089280;1789768194000;2026-09-18T21:51:04+00:00;"18/09/2026 18:51:04"
564;7ff65b49-de8c-4f41-aecd-18f1819b848b;HAZARD;HAZARD_ON_ROAD_LANE_CLOSED;"Conselheiro Lafaiete";"BR-040 N Rod. Pres. Juscelino Kubitschek";0;5;0;-20.6526590;-43.8089280;1789768212000;2026-09-18T21:51:04+00:00;"18/09/2026 18:51:04"
562;7e87ad8a-bb6c-4b67-8501-cd53789075ff;JAM;JAM_HEAVY_TRAFFIC;"Conselheiro Lafaiete";"R. Cefisa Viana";0;5;0;-20.6559970;-43.7832660;1789767973000;2026-09-18T21:47:03+00:00;"18/09/2026 18:47:03"
559;1780c670-cb74-4b77-a1a8-55f5125cb0ca;HAZARD;HAZARD_ON_ROAD_POT_HOLE;"Conselheiro Lafaiete";"R. Santa Efigênia";3;10;0;-20.6508970;-43.7888610;1789767371000;2026-09-18T21:39:04+00:00;"18/09/2026 18:39:04"
560;a3af7d7b-395b-47a3-bb55-1b4cd3e73f42;HAZARD;HAZARD_ON_ROAD_POT_HOLE;"Conselheiro Lafaiete";"R. Santa Efigênia";5;10;0;-20.6504030;-43.7887060;1789767378000;2026-09-18T21:39:04+00:00;"18/09/2026 18:39:04"
561;6ff1fb43-ac0e-43d7-8e71-4bb6413cee51;HAZARD;HAZARD_ON_ROAD_POT_HOLE;"Conselheiro Lafaiete";"R. Santa Efigênia";5;10;0;-20.6488000;-43.7890420;1789767432000;2026-09-18T21:39:04+00:00;"18/09/2026 18:39:04"
557;52bc18b9-1c61-40de-b756-a3b45499c5c3;JAM;JAM_HEAVY_TRAFFIC;"Conselheiro Lafaiete";"R. Pernambuco";0;5;0;-20.6638800;-43.7828870;1789767197000;2026-09-18T21:35:06+00:00;"18/09/2026 18:35:06"
558;3bc3844a-ae4c-42ee-9f68-0c8062718e0e;JAM;JAM_HEAVY_TRAFFIC;"Conselheiro Lafaiete";"R. Pernambuco";0;5;0;-20.6639410;-43.7827020;1789767214000;2026-09-18T21:35:06+00:00;"18/09/2026 18:35:06"
554;403a4a12-ebdd-44f8-90c7-c8e5b666d81a;JAM;JAM_HEAVY_TRAFFIC;"Conselheiro Lafaiete";"R. Brasil";0;5;0;-20.6628700;-43.7846900;1789767024000;2026-09-18T21:33:04+00:00;"18/09/2026 18:33:04"
555;36310d2d-96a1-4d84-8047-1b65d82c6f21;JAM;JAM_HEAVY_TRAFFIC;"Conselheiro Lafaiete";"R. Pernambuco";0;5;0;-20.6632730;-43.7841240;1789767153000;2026-09-18T21:33:04+00:00;"18/09/2026 18:33:04"
556;93c31fac-8fde-4c8e-8009-808184a76bc1;JAM;JAM_HEAVY_TRAFFIC;"Conselheiro Lafaiete";"R. Pernambuco";0;5;0;-20.6634400;-43.7837430;1789767173000;2026-09-18T21:33:04+00:00;"18/09/2026 18:33:04"
552;2ea0b671-02c7-4778-80ed-f3893351f719;JAM;JAM_HEAVY_TRAFFIC;"Conselheiro Lafaiete";"R. Benjamim Constant";0;5;0;-20.6656780;-43.7881890;1789766139000;2026-09-18T21:17:04+00:00;"18/09/2026 18:17:04"
553;9e145ac6-768b-431e-8f2e-2b59b44c6676;JAM;;"Conselheiro Lafaiete";"BR-040 S Rod. Pres. Juscelino Kubitschek";0;5;0;-20.6498940;-43.8094060;1789766178000;2026-09-18T21:17:04+00:00;"18/09/2026 18:17:04"
551;84a712ba-d8f2-4dd1-be95-808f26fb8de9;JAM;JAM_HEAVY_TRAFFIC;"Conselheiro Lafaiete";"R. Alfredo Elias Mafuz";0;5;0;-20.6852670;-43.7911340;1789764680000;2026-09-18T20:53:05+00:00;"18/09/2026 17:53:05"
549;2097444d-6b97-4b0f-a8c3-0df7ade84cf7;HAZARD;HAZARD_ON_ROAD_POT_HOLE;"Conselheiro Lafaiete";"Av. Mal. Floriano Peixoto";0;6;0;-20.6608700;-43.7956860;1789764446000;2026-09-18T20:49:04+00:00;"18/09/2026 17:49:04"
550;9feaa68a-dd20-401f-bb0c-65d838bae5ab;HAZARD;HAZARD_ON_ROAD_POT_HOLE;"Conselheiro Lafaiete";"Vd. Duartina Nogueira de Rezende";5;10;0;-20.6602210;-43.7948800;1789764377000;2026-09-18T20:49:04+00:00;"18/09/2026 17:49:04"
548;3feaa157-0785-44fc-b636-3e62bf0d40c8;JAM;JAM_STAND_STILL_TRAFFIC;"Conselheiro Lafaiete";"Av. Prefeito Telésforo Cândido Resende";0;5;0;-20.6589880;-43.7931240;1789763669000;2026-09-18T20:37:04+00:00;"18/09/2026 17:37:04"
546;a5e73663-659e-4946-b0fb-6bdb4bc7def1;JAM;JAM_HEAVY_TRAFFIC;"Conselheiro Lafaiete";"Saída 629";0;8;0;-20.6544250;-43.8086170;1789763152000;2026-09-18T20:29:04+00:00;"18/09/2026 17:29:04"
547;0f10528c-875b-4e0d-8757-fea981496573;JAM;;"Conselheiro Lafaiete";"R. Fernanda Bedran Peixoto";0;8;0;-20.6557630;-43.8063600;1789763206000;2026-09-18T20:29:04+00:00;"18/09/2026 17:29:04"
545;ad2b1ead-a789-446f-9208-8a58b24f2685;JAM;JAM_STAND_STILL_TRAFFIC;"Conselheiro Lafaiete";"BR-040 Rod. Pres. Juscelino Kubitschek";0;8;0;-20.6427330;-43.8121980;1789762772000;2026-09-18T20:21:04+00:00;"18/09/2026 17:21:04"
544;af3a9093-bbd7-49f7-810b-d260adb8964e;HAZARD;HAZARD_ON_ROAD_CONSTRUCTION;"Conselheiro Lafaiete";MGC-482;0;6;0;-20.6578860;-43.7725160;1789762055000;2026-09-18T20:11:04+00:00;"18/09/2026 17:11:04"
543;97021a3e-1fb6-4473-98ed-9e8ffeee1111;JAM;JAM_STAND_STILL_TRAFFIC;"Conselheiro Lafaiete";"BR-040 S Rod. Pres. Juscelino Kubitschek";0;6;0;-20.6452680;-43.8106500;1789761820000;2026-09-18T20:07:04+00:00;"18/09/2026 17:07:04"
542;1f3c3e61-fba2-4bb4-a5fc-da7ab94e5ec8;JAM;JAM_HEAVY_TRAFFIC;"Conselheiro Lafaiete";"R. Barão de Pouso Alegre";0;5;0;-20.6661690;-43.8048460;1789761722000;2026-09-18T20:03:04+00:00;"18/09/2026 17:03:04"
540;c5ea27d5-7314-4a64-9d30-625fdeca0530;JAM;JAM_HEAVY_TRAFFIC;"Conselheiro Lafaiete";"Av. Monsenhor Moreira";0;5;0;-20.6563720;-43.8023470;1789759781000;2026-09-18T19:33:04+00:00;"18/09/2026 16:33:04"
541;ca5b5ea8-2ae1-4288-bf4f-5cd5ba4e77a6;JAM;JAM_HEAVY_TRAFFIC;"Conselheiro Lafaiete";"BR-040 S Rod. Pres. Juscelino Kubitschek";0;5;0;-20.6473200;-43.8098110;1789759963000;2026-09-18T19:33:04+00:00;"18/09/2026 16:33:04"
539;91e2859a-c51e-408c-895a-bd918c739a04;JAM;;"Conselheiro Lafaiete";"Pç. São Sebastião";0;5;0;-20.6607830;-43.7990940;1789759640000;2026-09-18T19:29:04+00:00;"18/09/2026 16:29:04"
537;84f3e8db-bc62-4acf-a130-3609b2377b57;JAM;JAM_STAND_STILL_TRAFFIC;"Conselheiro Lafaiete";"R. Comendador Baeta Neves";0;5;0;-20.6595900;-43.7846250;1789759360000;2026-09-18T19:23:04+00:00;"18/09/2026 16:23:04"
538;ed530787-a5cd-4761-8967-08d965484ed1;JAM;JAM_HEAVY_TRAFFIC;"Conselheiro Lafaiete";"R. Comendador Baeta Neves";0;5;0;-20.6603570;-43.7858370;1789759245000;2026-09-18T19:23:04+00:00;"18/09/2026 16:23:04"
536;79c6af8b-e099-4d69-807e-7eed3a27a6f7;JAM;;"Conselheiro Lafaiete";"R. Barreto";0;5;0;-20.6556840;-43.8023590;1789758086000;2026-09-18T19:03:04+00:00;"18/09/2026 16:03:04"
535;1dcc2108-f91a-43a7-87c1-562408565233;JAM;JAM_STAND_STILL_TRAFFIC;;"BR-040 Rod. Pres. Juscelino Kubitschek";1;7;0;-20.6966940;-43.7912150;1789754425000;2026-09-18T18:01:04+00:00;"18/09/2026 15:01:04"
534;365b94b9-3665-49c1-9b31-5f43f052661e;JAM;;"Conselheiro Lafaiete";"BR-040 Rod. Pres. Juscelino Kubitschek";0;5;0;-20.6877280;-43.7909810;1789754121000;2026-09-18T17:59:04+00:00;"18/09/2026 14:59:04"
533;a00677ae-7f3c-4dd6-a8b6-89364c604589;JAM;;;"BR-040 Rod. Pres. Juscelino Kubitschek";1;7;0;-20.6924700;-43.7894950;1789753883000;2026-09-18T17:55:04+00:00;"18/09/2026 14:55:04"
532;c19b9699-149e-4655-bdb4-5f011a5a160b;JAM;JAM_STAND_STILL_TRAFFIC;"Conselheiro Lafaiete";"BR-040 N Rod. Pres. Juscelino Kubitschek";0;6;0;-20.6459140;-43.8102030;1789753588000;2026-09-18T17:49:04+00:00;"18/09/2026 14:49:04"
530;3c57d982-d83a-4b18-b341-e487aef3f88f;HAZARD;HAZARD_ON_ROAD_POT_HOLE;"Conselheiro Lafaiete";"R. José Nicolau de Queiroz";4;10;0;-20.6594880;-43.7896900;1789751515000;2026-09-18T17:13:04+00:00;"18/09/2026 14:13:04"
531;c47e0e12-6511-4861-bc62-e9e6538b9a8b;HAZARD;HAZARD_ON_ROAD_OBJECT;;"BR-040 Rod. Pres. Juscelino Kubitschek";0;7;0;-20.6628270;-43.8028790;1789751473000;2026-09-18T17:13:04+00:00;"18/09/2026 14:13:04"
528;a19f4dea-e511-4919-878c-d2130008d0b7;HAZARD;HAZARD_ON_ROAD_POT_HOLE;"Conselheiro Lafaiete";"R. Izidoro Cardoso";3;10;0;-20.6658820;-43.7938160;1789749452000;2026-09-18T16:39:03+00:00;"18/09/2026 13:39:03"
527;cc8f3294-12b5-4f42-be30-b83dd56d38f2;HAZARD;HAZARD_ON_SHOULDER_CAR_STOPPED;"Conselheiro Lafaiete";"Pç. Barão de Queluz";0;6;0;-20.6609270;-43.7864810;1789748704000;2026-09-18T16:25:05+00:00;"18/09/2026 13:25:05"
526;89aca724-8027-40dd-80f0-49ea3feef947;JAM;;"Conselheiro Lafaiete";"R. Dr. Wenceslau Braz";0;5;0;-20.6610660;-43.7975350;1789747723000;2026-09-18T16:09:04+00:00;"18/09/2026 13:09:04"
525;fb799642-c847-435b-bae1-d9807997166d;HAZARD;HAZARD_ON_ROAD_POT_HOLE;"Conselheiro Lafaiete";"R. Homero Seabra";3;10;0;-20.6598610;-43.7925420;1789747466000;2026-09-18T16:07:03+00:00;"18/09/2026 13:07:03"
522;d9bd929c-4b02-419a-94ab-697fb7715190;JAM;JAM_HEAVY_TRAFFIC;"Conselheiro Lafaiete";"R. Ruth de Souza";0;5;0;-20.6559770;-43.7827250;1789746552000;2026-09-18T15:53:03+00:00;"18/09/2026 12:53:03"
523;4370367b-5963-4097-8114-c856cb2443d5;JAM;JAM_HEAVY_TRAFFIC;"Conselheiro Lafaiete";"R. Cefisa Viana";0;5;0;-20.6562060;-43.7834310;1789746572000;2026-09-18T15:53:03+00:00;"18/09/2026 12:53:03"
524;9a49c6ed-8924-4d87-be9f-c3a800d20400;HAZARD;HAZARD_ON_SHOULDER_CAR_STOPPED;"Conselheiro Lafaiete";"R. Nazinha de Freitas";0;6;0;-20.6596170;-43.7986420;1789746762000;2026-09-18T15:53:03+00:00;"18/09/2026 12:53:03"
520;069cee68-e124-4cd6-89fb-3143f2ee1a94;JAM;JAM_HEAVY_TRAFFIC;"Conselheiro Lafaiete";"R. Ruth de Souza";0;5;0;-20.6559820;-43.7813550;1789746448000;2026-09-18T15:49:04+00:00;"18/09/2026 12:49:04"
521;488076f5-7795-4911-a5bf-a6af3bcffbfb;JAM;JAM_HEAVY_TRAFFIC;"Conselheiro Lafaiete";"R. Ruth de Souza";0;5;0;-20.6561080;-43.7822380;1789746533000;2026-09-18T15:49:04+00:00;"18/09/2026 12:49:04"
519;b15fe675-bc19-4ab2-9d8d-6cca383eecee;JAM;;"Conselheiro Lafaiete";"R. Santa Efigênia";0;5;0;-20.6483470;-43.7893090;1789745788000;2026-09-18T15:39:03+00:00;"18/09/2026 12:39:03"
518;1d4cfa33-1abc-4601-8116-901c4a1a9bb8;HAZARD;HAZARD_ON_ROAD_POT_HOLE;"Conselheiro Lafaiete";MGC-482;2;10;0;-20.6578310;-43.7731270;1789743399000;2026-09-18T14:57:04+00:00;"18/09/2026 11:57:04"
517;4655aa24-43df-4c03-b0cb-572d489d09db;JAM;JAM_STAND_STILL_TRAFFIC;"Conselheiro Lafaiete";"R. Francisco Lobo";0;5;0;-20.6719830;-43.7683040;1789743068000;2026-09-18T14:53:05+00:00;"18/09/2026 11:53:05"
516;8812f1dc-9d69-460e-9ad0-2fad975f3ac4;HAZARD;HAZARD_WEATHER;"Conselheiro Lafaiete";"R. Dr. Victor Bhering";0;5;0;-20.6645530;-43.7855970;1789742667000;2026-09-18T14:45:04+00:00;"18/09/2026 11:45:04"
515;6ee93f0c-c935-47b6-bdb2-9561171dbaba;JAM;;"Conselheiro Lafaiete";"BR-040 S Rod. Pres. Juscelino Kubitschek";0;5;0;-20.6470430;-43.8098750;1789742505000;2026-09-18T14:43:04+00:00;"18/09/2026 11:43:04"
513;926872bd-335e-49fd-b541-4440047b508d;HAZARD;HAZARD_ON_ROAD_POT_HOLE;"Conselheiro Lafaiete";"Av. das Castanheiras";3;10;0;-20.6520460;-43.7926860;1789741926000;2026-09-18T14:35:05+00:00;"18/09/2026 11:35:05"
514;e79400b2-a275-423d-a25b-84c88258b2e5;HAZARD;HAZARD_ON_ROAD_POT_HOLE;"Conselheiro Lafaiete";"Av. das Castanheiras";5;10;0;-20.6515440;-43.7947170;1789741952000;2026-09-18T14:35:05+00:00;"18/09/2026 11:35:05"
512;8061912d-4a34-4a12-af83-802d16c9c711;HAZARD;HAZARD_ON_ROAD_POT_HOLE;"Conselheiro Lafaiete";"R. Santa Efigênia";5;10;0;-20.6537750;-43.7890830;1789741858000;2026-09-18T14:31:04+00:00;"18/09/2026 11:31:04"
510;58bffa18-40dd-4870-9785-b5a91d842657;HAZARD;HAZARD_ON_ROAD;"Conselheiro Lafaiete";"R. Barão de Suassuí";0;5;0;-20.6579800;-43.7848050;1789741776000;2026-09-18T14:31:04+00:00;"18/09/2026 11:31:04"
511;3b8909d3-94e9-4f01-9a12-736a67db04e8;HAZARD;HAZARD_ON_ROAD_POT_HOLE;"Conselheiro Lafaiete";"R. Barão de Suassuí";5;10;0;-20.6571090;-43.7861150;1789741803000;2026-09-18T14:31:04+00:00;"18/09/2026 11:31:04"
508;2e1e5c4c-a7b2-4ebf-9f3b-7b70bd7fb0e6;HAZARD;HAZARD_ON_ROAD;"Conselheiro Lafaiete";"R. Joemy Faria";0;5;0;-20.6656950;-43.7760760;1789741399000;2026-09-18T14:27:04+00:00;"18/09/2026 11:27:04"
509;8043f429-7d31-4110-b738-da632b349b1b;HAZARD;HAZARD_ON_ROAD;"Conselheiro Lafaiete";"R. Joemy Faria";0;5;0;-20.6662010;-43.7763880;1789741408000;2026-09-18T14:27:04+00:00;"18/09/2026 11:27:04"
505;f974ada2-d0a5-4142-b3db-f6873645da24;HAZARD;HAZARD_ON_ROAD_POT_HOLE;"Conselheiro Lafaiete";"R. Cefisa Viana";5;10;0;-20.6579920;-43.7847710;1789736290000;2026-09-18T12:59:04+00:00;"18/09/2026 09:59:04"
500;a2ff2c29-989c-4987-a189-037ba9b1c2d1;HAZARD;HAZARD_ON_ROAD_POT_HOLE;"Conselheiro Lafaiete";"R. Santa Efigênia";5;10;0;-20.6516610;-43.7891020;1789735177000;2026-09-18T12:43:04+00:00;"18/09/2026 09:43:04"
501;59e6e5c7-71a0-468a-9f1e-613c37a601e5;HAZARD;HAZARD_ON_SHOULDER_CAR_STOPPED;"Conselheiro Lafaiete";"Av. Prof. Manoel Martins";0;5;0;-20.6526330;-43.7891100;1789735195000;2026-09-18T12:43:04+00:00;"18/09/2026 09:43:04"
502;2ee5a381-8736-4c43-ab81-7ef7bf130f78;HAZARD;HAZARD_ON_ROAD_POT_HOLE;"Conselheiro Lafaiete";"Av. Prof. Manoel Martins";2;10;0;-20.6530040;-43.7894270;1789735206000;2026-09-18T12:43:04+00:00;"18/09/2026 09:43:04"
503;31e4ed7e-9b3c-4f27-8ad0-11398ed4ed91;HAZARD;HAZARD_ON_SHOULDER_CAR_STOPPED;"Conselheiro Lafaiete";"Av. Prof. Manoel Martins";0;6;0;-20.6571220;-43.7918040;1789735306000;2026-09-18T12:43:04+00:00;"18/09/2026 09:43:04"
504;0110b87c-2d41-4abe-b3ad-d0cd28c65fbb;HAZARD;HAZARD_ON_ROAD_POT_HOLE;"Conselheiro Lafaiete";"Av. Prof. Manoel Martins";0;8;0;-20.6559560;-43.7914650;1789735268000;2026-09-18T12:43:04+00:00;"18/09/2026 09:43:04"
499;8e4dbe7b-dee2-4b16-845d-69a9801eb362;HAZARD;HAZARD_ON_ROAD_POT_HOLE;"Conselheiro Lafaiete";"R. Santa Efigênia";3;10;0;-20.6499170;-43.7884910;1789735142000;2026-09-18T12:39:04+00:00;"18/09/2026 09:39:04"
498;1405a97d-56c4-4365-a372-1f7d4306bc9c;JAM;JAM_STAND_STILL_TRAFFIC;"Conselheiro Lafaiete";"R. Pernambuco";0;5;0;-20.6638640;-43.7829150;1789731642000;2026-09-18T11:41:04+00:00;"18/09/2026 08:41:04"
496;9d469c86-839c-4345-b32e-9f502ea17cb9;HAZARD;HAZARD_ON_ROAD;"Conselheiro Lafaiete";"R. Dudu Nacimento";0;5;0;-20.6575480;-43.7885820;1789727495000;2026-09-18T10:33:04+00:00;"18/09/2026 07:33:04"
495;20de14f4-007c-4444-854d-39b6e2312058;HAZARD;HAZARD_ON_ROAD_POT_HOLE;"Conselheiro Lafaiete";"Av. Prefeito Telésforo Cândido Resende";0;5;0;-20.6580000;-43.7847820;1789726781000;2026-09-18T10:21:05+00:00;"18/09/2026 07:21:05"
494;6429e2cf-f27d-4c30-b62c-9244ed96c89d;HAZARD;HAZARD_ON_ROAD_CAR_STOPPED;;"BR-040 Rod. Pres. Juscelino Kubitschek";2;9;0;-20.6921420;-43.7895180;1789697323000;2026-09-18T02:09:03+00:00;"17/09/2026 23:09:03"
489;e94295eb-db1a-46bd-9a1f-952d8f77f035;HAZARD;HAZARD_WEATHER_FOG;;"BR-040 Rod. Pres. Juscelino Kubitschek";5;10;0;-20.6934200;-43.7895470;1789693629000;2026-09-18T01:11:04+00:00;"17/09/2026 22:11:04"
488;b7b52111-99a7-44b4-88b0-5ac76184ba6d;HAZARD;HAZARD_WEATHER_FOG;"Conselheiro Lafaiete";"BR-040 S Rod. Pres. Juscelino Kubitschek";5;10;0;-20.6747490;-43.7958670;1789693507000;2026-09-18T01:07:03+00:00;"17/09/2026 22:07:03"
487;bbb57104-561a-45f9-9a41-b0203fe68f75;HAZARD;HAZARD_ON_ROAD_POT_HOLE;"Conselheiro Lafaiete";"R. João Estanislau";0;6;0;-20.6611090;-43.7707150;1789692860000;2026-09-18T00:55:05+00:00;"17/09/2026 21:55:05"
484;4b228f71-c2c5-4d9b-bd3e-c5992c214a4d;ROAD_CLOSED;;"Conselheiro Lafaiete";"R. Almirante Tamandaré";0;6;0;-20.6577420;-43.7961480;1789692490000;2026-09-18T00:49:04+00:00;"17/09/2026 21:49:04"
485;bc18e677-0e31-42a9-adcf-1fc02a422612;ROAD_CLOSED;;"Conselheiro Lafaiete";"R. Almirante Tamandaré";0;6;0;-20.6574610;-43.7961360;1789692491000;2026-09-18T00:49:04+00:00;"17/09/2026 21:49:04"
483;c8aedcda-3208-4ab6-b21d-bf8e5f0adbeb;HAZARD;HAZARD_WEATHER_FOG;;"MG-129 Rod. Eng. Ary Belisário";0;5;0;-20.6328800;-43.7780300;1789690256000;2026-09-18T00:13:03+00:00;"17/09/2026 21:13:03"
481;393599de-41f5-4c23-922e-2489172b6100;HAZARD;HAZARD_ON_ROAD_POT_HOLE;"Conselheiro Lafaiete";"R. Santa Efigênia";5;10;0;-20.6505670;-43.7887690;1789689797000;2026-09-18T00:05:04+00:00;"17/09/2026 21:05:04"
482;5760e58e-0faf-420d-9076-d2e07cf37e1f;HAZARD;HAZARD_WEATHER_FOG;"Conselheiro Lafaiete";"R. Santa Efigênia";1;8;0;-20.6490110;-43.7888830;1789689831000;2026-09-18T00:05:04+00:00;"17/09/2026 21:05:04"
480;a6ab5b06-e90a-4d0c-88de-fc9be614571e;HAZARD;HAZARD_WEATHER;"Conselheiro Lafaiete";"BR-040 S Rod. Pres. Juscelino Kubitschek";2;10;0;-20.6768230;-43.7947710;1789688698000;2026-09-17T23:45:04+00:00;"17/09/2026 20:45:04"
479;e767b827-f1ef-41f9-983c-636be7c2b4fa;JAM;JAM_HEAVY_TRAFFIC;;"MG-129 Rod. Eng. Ary Belisário";0;5;0;-20.6279030;-43.7733630;1789688259000;2026-09-17T23:41:04+00:00;"17/09/2026 20:41:04"
478;89d55044-a5bc-45a1-bae3-540174d47aa0;HAZARD;HAZARD_ON_ROAD_POT_HOLE;"Conselheiro Lafaiete";MGC-482;5;10;0;-20.6569240;-43.7659070;1789687639000;2026-09-17T23:29:04+00:00;"17/09/2026 20:29:04"
477;374439ee-10ec-48db-a6f4-cad206b43150;HAZARD;HAZARD_ON_ROAD_POT_HOLE;"Conselheiro Lafaiete";MGC-482;5;10;0;-20.6574820;-43.7669560;1789686464000;2026-09-17T23:11:04+00:00;"17/09/2026 20:11:04"
476;c6f95c88-98f0-4d51-ac8f-dc9863b66661;JAM;;"Conselheiro Lafaiete";"R. Benjamim Constant";0;5;0;-20.6652500;-43.7883080;1789684249000;2026-09-17T22:33:04+00:00;"17/09/2026 19:33:04"
474;10591235-4695-4060-9e61-b8d6c1ba225b;HAZARD;HAZARD_ON_ROAD_LANE_CLOSED;"Conselheiro Lafaiete";"BR-040 N Rod. Pres. Juscelino Kubitschek";0;5;0;-20.6654030;-43.8034840;1789682081000;2026-09-17T21:57:03+00:00;"17/09/2026 18:57:03"
473;9e5182a1-427e-47ba-a1bd-49b0b5fa2da2;JAM;JAM_STAND_STILL_TRAFFIC;"Conselheiro Lafaiete";"Av. Prefeito Telésforo Cândido Resende";0;5;0;-20.6586020;-43.7890350;1789681872000;2026-09-17T21:53:03+00:00;"17/09/2026 18:53:03"
469;4a22bc8f-5bfd-483c-9175-b6405783a295;JAM;JAM_STAND_STILL_TRAFFIC;"Conselheiro Lafaiete";"R. Francisco Lobo";0;5;0;-20.6629010;-43.7778300;1789681216000;2026-09-17T21:41:03+00:00;"17/09/2026 18:41:03"
470;a3ff4a02-3a23-457d-951c-0e201d194878;JAM;JAM_STAND_STILL_TRAFFIC;"Conselheiro Lafaiete";"R. Francisco Lobo";0;5;0;-20.6627510;-43.7781760;1789681235000;2026-09-17T21:41:03+00:00;"17/09/2026 18:41:03"
471;ed86ad88-e885-48be-85a6-d7f911608e25;JAM;JAM_HEAVY_TRAFFIC;"Conselheiro Lafaiete";"R. Francisco Lobo";0;5;0;-20.6642880;-43.7744940;1789681114000;2026-09-17T21:41:03+00:00;"17/09/2026 18:41:03"
472;e3e334fa-ad74-4f7f-b569-48249f3bec18;HAZARD;HAZARD_ON_ROAD_POT_HOLE;"Conselheiro Lafaiete";"R. Santa Matilde";3;10;0;-20.6786410;-43.7864330;1789681171000;2026-09-17T21:41:03+00:00;"17/09/2026 18:41:03"
465;d5f6ebdf-9c1d-46f4-9e47-c2a1d4391787;HAZARD;HAZARD_ON_ROAD_POT_HOLE;"Conselheiro Lafaiete";"R. Santa Efigênia";4;10;0;-20.6489010;-43.7889680;1789680696000;2026-09-17T21:35:03+00:00;"17/09/2026 18:35:03"
466;60257767-da9c-4fd6-8b1c-8e07d69d2aa9;HAZARD;HAZARD_ON_ROAD_POT_HOLE;"Conselheiro Lafaiete";"R. Santa Efigênia";4;10;0;-20.6515370;-43.7891160;1789680760000;2026-09-17T21:35:03+00:00;"17/09/2026 18:35:03"
467;bc5116d4-1b45-486e-8079-708d92acca60;HAZARD;HAZARD_ON_ROAD_POT_HOLE;"Conselheiro Lafaiete";"Av. Prof. Manoel Martins";5;10;0;-20.6535950;-43.7899530;1789680798000;2026-09-17T21:35:03+00:00;"17/09/2026 18:35:03"
468;50b41549-a401-4d1c-a4ba-90845ca2db01;HAZARD;HAZARD_ON_ROAD_POT_HOLE;"Conselheiro Lafaiete";"Av. Prof. Manoel Martins";5;10;0;-20.6565240;-43.7916250;1789680843000;2026-09-17T21:35:03+00:00;"17/09/2026 18:35:03"
464;f26f789a-cf2a-4def-aeeb-7065793aedec;JAM;JAM_HEAVY_TRAFFIC;"Conselheiro Lafaiete";"R. Manoel Fonseca de Rezende";0;5;0;-20.6749110;-43.7824400;1789680160000;2026-09-17T21:25:04+00:00;"17/09/2026 18:25:04"
463;27eb1d01-6c9a-4634-ad7c-a78439f58d94;JAM;JAM_STAND_STILL_TRAFFIC;"Conselheiro Lafaiete";"R. Mariana Guimarães";0;5;0;-20.6682770;-43.7865720;1789679859000;2026-09-17T21:19:03+00:00;"17/09/2026 18:19:03"
462;e9773519-6d51-41a2-ac43-a84c7fd0f34b;JAM;JAM_HEAVY_TRAFFIC;"Conselheiro Lafaiete";"R. Duque de Caxias";0;5;0;-20.6568960;-43.7820880;1789678318000;2026-09-17T20:55:05+00:00;"17/09/2026 17:55:05"
461;0788f287-6b69-4fa3-b307-abfe2a397916;JAM;JAM_STAND_STILL_TRAFFIC;"Conselheiro Lafaiete";"R. João de Miranda Filho";0;5;0;-20.6446610;-43.8098800;1789678093000;2026-09-17T20:49:04+00:00;"17/09/2026 17:49:04"
460;2da5c99b-8862-406b-8066-2ce72ec66949;JAM;JAM_HEAVY_TRAFFIC;"Conselheiro Lafaiete";MGC-482;0;5;0;-20.6543730;-43.7752880;1789677372000;2026-09-17T20:39:04+00:00;"17/09/2026 17:39:04"
458;07c26514-65d1-4ae2-b5d9-0080cda18b29;HAZARD;HAZARD_ON_ROAD_POT_HOLE;"Conselheiro Lafaiete";"R. Geraldo Anjo";1;7;0;-20.6607610;-43.7711590;1789677261000;2026-09-17T20:35:04+00:00;"17/09/2026 17:35:04"
459;654c954e-7af2-4431-ae4a-2747e5011391;HAZARD;HAZARD_ON_ROAD_POT_HOLE;"Conselheiro Lafaiete";"R. Geraldo Anjo";2;10;0;-20.6617080;-43.7707060;1789677272000;2026-09-17T20:35:04+00:00;"17/09/2026 17:35:04"
450;18f96286-4285-4ac3-bfac-565589648726;HAZARD;HAZARD_ON_ROAD_POT_HOLE;"Conselheiro Lafaiete";"R. Brasil";5;10;0;-20.6629230;-43.7846200;1789676953000;2026-09-17T20:33:04+00:00;"17/09/2026 17:33:04"
451;e2b367d9-5890-48c0-8dad-f0005fac6203;JAM;;"Conselheiro Lafaiete";"BR-040 N Rod. Pres. Juscelino Kubitschek";0;5;0;-20.6487010;-43.8095070;1789677079000;2026-09-17T20:33:04+00:00;"17/09/2026 17:33:04"
452;015b287c-9b84-4384-a7ed-ca397da2c251;JAM;;"Conselheiro Lafaiete";"BR-040 N Rod. Pres. Juscelino Kubitschek";0;5;0;-20.6479090;-43.8096240;1789677087000;2026-09-17T20:33:04+00:00;"17/09/2026 17:33:04"
453;941cfa2c-0859-4211-bd87-4053146dbc6c;JAM;;"Conselheiro Lafaiete";"BR-040 N Rod. Pres. Juscelino Kubitschek";0;5;0;-20.6463600;-43.8099820;1789677101000;2026-09-17T20:33:04+00:00;"17/09/2026 17:33:04"
454;332b7d92-44df-416f-a5fe-869cc9c70688;JAM;JAM_HEAVY_TRAFFIC;"Conselheiro Lafaiete";"BR-040 Rod. Pres. Juscelino Kubitschek";0;5;0;-20.6437140;-43.8115690;1789677144000;2026-09-17T20:33:04+00:00;"17/09/2026 17:33:04"
455;e74141a3-8b35-41d5-b7e4-f1895868269b;JAM;JAM_HEAVY_TRAFFIC;"Conselheiro Lafaiete";"BR-040 Rod. Pres. Juscelino Kubitschek";0;5;0;-20.6432120;-43.8118920;1789677157000;2026-09-17T20:33:04+00:00;"17/09/2026 17:33:04"
456;615de0b4-46b1-440e-8cc1-fc3cea32757c;JAM;JAM_HEAVY_TRAFFIC;"Conselheiro Lafaiete";"BR-040 Rod. Pres. Juscelino Kubitschek";0;5;0;-20.6423560;-43.8124350;1789677166000;2026-09-17T20:33:04+00:00;"17/09/2026 17:33:04"
457;59658809-61c8-4073-9326-ef23a2962975;JAM;;"Conselheiro Lafaiete";"Av. Prefeito Telésforo Cândido Resende";0;5;0;-20.6586420;-43.7879940;1789677171000;2026-09-17T20:33:04+00:00;"17/09/2026 17:33:04"
448;1c667b5d-3094-4ab4-83dc-ef9dde92adce;HAZARD;HAZARD_ON_ROAD_POT_HOLE;"Conselheiro Lafaiete";"R. Dudu Nacimento";3;10;0;-20.6572190;-43.7901270;1789676816000;2026-09-17T20:29:04+00:00;"17/09/2026 17:29:04"
449;ab78fb57-856a-4321-848d-01186d493469;JAM;JAM_STAND_STILL_TRAFFIC;"Conselheiro Lafaiete";;0;5;0;-20.6772410;-43.7942600;1789676773000;2026-09-17T20:29:04+00:00;"17/09/2026 17:29:04"
445;9fd85b17-c6bc-4280-aef8-304967b82f2b;JAM;JAM_STAND_STILL_TRAFFIC;"Conselheiro Lafaiete";"R. Lopes Franco";0;5;0;-20.6764870;-43.7944080;1789676561000;2026-09-17T20:25:05+00:00;"17/09/2026 17:25:05"
446;036f8459-7047-4961-99c3-605dc87158e5;HAZARD;HAZARD_ON_ROAD_POT_HOLE;"Conselheiro Lafaiete";"R. Sandoval Azevedo";5;10;0;-20.6639310;-43.7896520;1789676567000;2026-09-17T20:25:05+00:00;"17/09/2026 17:25:05"
444;be169905-af4d-45bc-851d-0b2e6812f553;JAM;JAM_HEAVY_TRAFFIC;"Conselheiro Lafaiete";"R. Horácio de Queiroz";0;5;0;-20.6633150;-43.7895780;1789676390000;2026-09-17T20:21:05+00:00;"17/09/2026 17:21:05"
443;a2496c39-9f58-4f9c-b2a5-4f931f0e4d33;JAM;JAM_HEAVY_TRAFFIC;"Conselheiro Lafaiete";"Av. Prefeito Telésforo Cândido Resende";0;5;0;-20.6595850;-43.7855050;1789676223000;2026-09-17T20:17:03+00:00;"17/09/2026 17:17:03"
442;d2516c73-661f-402b-8362-649fb026b029;HAZARD;HAZARD_ON_ROAD_POT_HOLE;"Conselheiro Lafaiete";"R. Silvio Augusto Soares";5;10;0;-20.6573830;-43.7577800;1789672961000;2026-09-17T19:23:03+00:00;"17/09/2026 16:23:03"
441;ad160fa4-a8b2-48a6-8a8f-d953af83a842;HAZARD;HAZARD_ON_ROAD_POT_HOLE;"Conselheiro Lafaiete";"R. Deodato A. Ferreira da Silva";3;10;0;-20.6782450;-43.7664090;1789672118000;2026-09-17T19:11:04+00:00;"17/09/2026 16:11:04"
439;6eab903f-0f72-4071-871d-fdef4a490c12;HAZARD;HAZARD_ON_ROAD_POT_HOLE;"Conselheiro Lafaiete";"R. Geraldo Anjo";1;7;0;-20.6602340;-43.7718320;1789666503000;2026-09-17T17:39:04+00:00;"17/09/2026 14:39:04"
440;be530bec-2c83-4494-bd9d-639c00eb3238;HAZARD;HAZARD_ON_ROAD_POT_HOLE;"Conselheiro Lafaiete";"R. Geraldo Anjo";1;7;0;-20.6609740;-43.7710000;1789666516000;2026-09-17T17:39:04+00:00;"17/09/2026 14:39:04"
438;978fbfdf-4db5-4195-afde-6a2d1ad76896;HAZARD;HAZARD_ON_ROAD_POT_HOLE;"Conselheiro Lafaiete";"R. Sebastião Borba";5;10;0;-20.6650430;-43.8048560;1789664565000;2026-09-17T17:05:04+00:00;"17/09/2026 14:05:04"
437;29130cd2-dc6c-4985-8671-a3d8bbe1b60f;HAZARD;HAZARD_ON_ROAD_POT_HOLE;"Conselheiro Lafaiete";"R. Geraldo Francisco da Silva";0;8;0;-20.6469440;-43.7985800;1789663609000;2026-09-17T16:49:04+00:00;"17/09/2026 13:49:04"
434;6f8e2212-b2fc-4ad6-86e6-4ca9250adc7d;HAZARD;HAZARD_ON_ROAD_POT_HOLE;"Conselheiro Lafaiete";"R. Silvio Augusto Soares";0;8;0;-20.6552900;-43.7593460;1789662748000;2026-09-17T16:33:03+00:00;"17/09/2026 13:33:03"
435;7366b2cc-8fd2-45e6-b0dd-aa8b2093ad16;HAZARD;HAZARD_ON_ROAD_POT_HOLE;"Conselheiro Lafaiete";"R. Silvio Augusto Soares";0;5;0;-20.6554120;-43.7590650;1789662752000;2026-09-17T16:33:03+00:00;"17/09/2026 13:33:03"
436;05fb492d-1afc-43c3-af7e-9d73dae06192;HAZARD;HAZARD_ON_ROAD_POT_HOLE;"Conselheiro Lafaiete";MGC-482;5;10;0;-20.6584100;-43.7697070;1789662615000;2026-09-17T16:33:03+00:00;"17/09/2026 13:33:03"
433;9b36033c-f96c-4011-a921-94eec6bff642;HAZARD;HAZARD_ON_ROAD_POT_HOLE;"Conselheiro Lafaiete";"R. Barão de Pouso Alegre";5;10;0;-20.6632540;-43.8020640;1789662448000;2026-09-17T16:29:04+00:00;"17/09/2026 13:29:04"
432;ad925784-922d-446c-8c90-3f93a21bffcc;HAZARD;HAZARD_ON_ROAD;"Conselheiro Lafaiete";"R. Francisco Lobo";0;5;0;-20.6651740;-43.7731400;1789661841000;2026-09-17T16:19:03+00:00;"17/09/2026 13:19:03"
431;f5ac5fe7-8262-427d-bfd2-0a05eec762d7;JAM;JAM_HEAVY_TRAFFIC;"Conselheiro Lafaiete";"R. Dom Silvério";0;5;0;-20.6566550;-43.7827750;1789660897000;2026-09-17T16:05:05+00:00;"17/09/2026 13:05:05"
430;370564ae-b5a7-4598-a435-7759ecd23bb9;JAM;JAM_HEAVY_TRAFFIC;"Conselheiro Lafaiete";"R. Santa Efigênia";0;5;0;-20.6487150;-43.7891000;1789659244000;2026-09-17T15:35:05+00:00;"17/09/2026 12:35:05"
429;4b1d5305-b8bc-441c-88fc-b531efb81166;JAM;JAM_HEAVY_TRAFFIC;"Conselheiro Lafaiete";"Pç. São Sebastião";0;5;0;-20.6601420;-43.7985600;1789658785000;2026-09-17T15:27:04+00:00;"17/09/2026 12:27:04"
428;d5edbfb8-3c0f-4710-95f6-153a75de3ee3;HAZARD;HAZARD_ON_ROAD_CONSTRUCTION;"Conselheiro Lafaiete";"R. Nazinha de Freitas";0;5;0;-20.6596580;-43.7986960;1789656947000;2026-09-17T14:59:04+00:00;"17/09/2026 11:59:04"
427;26002900-0d56-4f4c-8bac-d3426505dc3d;JAM;;"Conselheiro Lafaiete";"R. Comendador Baeta Neves";0;5;0;-20.6596600;-43.7847290;1789654272000;2026-09-17T14:15:04+00:00;"17/09/2026 11:15:04"
426;ddef7970-47af-4ed6-bc54-8eef7401da73;HAZARD;HAZARD_ON_ROAD;"Conselheiro Lafaiete";"R. José Nicolau de Queiroz";0;5;0;-20.6594630;-43.7919600;1789653589000;2026-09-17T14:03:04+00:00;"17/09/2026 11:03:04"
425;6f0d12e2-63b7-49d3-a001-06ae29a60cfd;HAZARD;HAZARD_ON_ROAD_POT_HOLE;"Conselheiro Lafaiete";"Av. Prefeito Telésforo Cândido Resende";4;10;0;-20.6580620;-43.7848720;1789650109000;2026-09-17T13:03:03+00:00;"17/09/2026 10:03:03"
424;a2402200-7f06-4a29-809c-901dfae35fc4;HAZARD;HAZARD_ON_SHOULDER_CAR_STOPPED;;"BR-040 N Rod. Pres. Juscelino Kubitschek";0;5;0;-20.6575720;-43.8028860;1789646082000;2026-09-17T11:55:04+00:00;"17/09/2026 08:55:04"
423;ca69d5e4-07c7-44a0-8e5c-152caab3470d;HAZARD;HAZARD_ON_ROAD;"Conselheiro Lafaiete";"BR-040 Rod. Pres. Juscelino Kubitschek";0;6;0;-20.6328340;-43.8123560;1789644604000;2026-09-17T11:33:04+00:00;"17/09/2026 08:33:04"
422;cec2f0d4-aef4-4562-a59d-7a422ca3c807;HAZARD;HAZARD_ON_ROAD_POT_HOLE;"Conselheiro Lafaiete";"R. Joemy Faria";5;10;0;-20.6647240;-43.7760010;1789638951000;2026-09-17T09:57:03+00:00;"17/09/2026 06:57:03"
421;33a9ae0e-f244-4f87-85a8-80b6c7bfe9cb;HAZARD;HAZARD_ON_ROAD_POT_HOLE;"Conselheiro Lafaiete";"R. Cefisa Viana";3;10;0;-20.6579340;-43.7847060;1789606052000;2026-09-17T00:49:03+00:00;"16/09/2026 21:49:03"
420;a4b9c770-a3b1-4b39-b87f-8a342a2423f3;HAZARD;HAZARD_ON_ROAD_POT_HOLE;"Conselheiro Lafaiete";"Av. Prof. Manoel Martins";5;10;0;-20.6529100;-43.7893430;1789604405000;2026-09-17T00:23:04+00:00;"16/09/2026 21:23:04"
419;0d8d2e50-4e03-49b7-aab8-40896e04e66b;HAZARD;HAZARD_ON_ROAD_TRAFFIC_LIGHT_FAULT;"Conselheiro Lafaiete";MGC-482;0;5;0;-20.6581260;-43.7712650;1789600962000;2026-09-16T23:25:05+00:00;"16/09/2026 20:25:05"
418;4868eea9-df74-477e-a06f-efd5a82b253f;HAZARD;HAZARD_ON_ROAD_POT_HOLE;"Conselheiro Lafaiete";"R. Políbio Augusto Rezende";2;10;0;-20.6650160;-43.7768570;1789599943000;2026-09-16T23:07:04+00:00;"16/09/2026 20:07:04"
417;bc0f52dc-7a9c-4f16-90b6-c3628f1077eb;HAZARD;HAZARD_ON_ROAD_POT_HOLE;"Conselheiro Lafaiete";MGC-482;5;10;0;-20.6580710;-43.7715470;1789599630000;2026-09-16T23:01:04+00:00;"16/09/2026 20:01:04"
416;5593766a-8b53-403e-b2bc-1bb46177738c;JAM;;"Conselheiro Lafaiete";"R. Benedito Alves Vieira";0;5;0;-20.6695220;-43.8056060;1789597685000;2026-09-16T22:29:04+00:00;"16/09/2026 19:29:04"
415;fc4651b5-338c-46fe-a344-500bf88a1c09;JAM;;"Conselheiro Lafaiete";"R. Carlos Gomes";0;5;0;-20.6584390;-43.7990980;1789596984000;2026-09-16T22:19:04+00:00;"16/09/2026 19:19:04"
414;efe8b749-a4b6-4b6a-8221-14416025d54a;JAM;JAM_STAND_STILL_TRAFFIC;"Conselheiro Lafaiete";"R. Duque de Caxias";0;5;0;-20.6564720;-43.7809250;1789596501000;2026-09-16T22:11:04+00:00;"16/09/2026 19:11:04"
413;7cc412ac-5897-45e9-96c2-ae91a97be5a6;JAM;JAM_HEAVY_TRAFFIC;"Conselheiro Lafaiete";"R. Cel. João Gomes";0;5;0;-20.6575550;-43.7832500;1789596124000;2026-09-16T22:03:04+00:00;"16/09/2026 19:03:04"
412;3573d96e-266c-445d-9b34-389076d55cff;HAZARD;HAZARD_ON_ROAD_POT_HOLE;"Conselheiro Lafaiete";"R. Joemy Faria";3;10;0;-20.6620950;-43.7706820;1789595056000;2026-09-16T21:45:04+00:00;"16/09/2026 18:45:04"
410;3120fe28-4b12-4c81-81c1-8fd3c5bafb77;HAZARD;HAZARD_ON_ROAD_POT_HOLE;"Conselheiro Lafaiete";"R. Joemy Faria";5;10;0;-20.6595050;-43.7686090;1789594977000;2026-09-16T21:43:04+00:00;"16/09/2026 18:43:04"
411;69341322-2d86-44a1-92e1-10270b17562d;HAZARD;HAZARD_ON_ROAD_POT_HOLE;"Conselheiro Lafaiete";"Al. das Tulipas";1;8;0;-20.6614690;-43.7667320;1789594970000;2026-09-16T21:43:04+00:00;"16/09/2026 18:43:04"
408;8a641a8d-7c9d-4b12-8586-6edbc077edb1;HAZARD;HAZARD_ON_ROAD_POT_HOLE;"Conselheiro Lafaiete";"R. Joemy Faria";5;10;0;-20.6589340;-43.7681620;1789594612000;2026-09-16T21:39:04+00:00;"16/09/2026 18:39:04"
409;87144317-56e1-4890-b915-43d735248aad;HAZARD;HAZARD_ON_ROAD_POT_HOLE;"Conselheiro Lafaiete";MGC-482;5;10;0;-20.6580810;-43.7681060;1789594605000;2026-09-16T21:39:04+00:00;"16/09/2026 18:39:04"
405;8f50c575-71a8-4762-ad8f-e564dbfbeac6;HAZARD;HAZARD_ON_ROAD_POT_HOLE;"Conselheiro Lafaiete";"Pç. Vinte e um de Abril";2;10;0;-20.6740910;-43.7823130;1789594392000;2026-09-16T21:35:04+00:00;"16/09/2026 18:35:04"
406;77d6bbbf-7c04-41f0-a62d-46c758306b00;JAM;JAM_HEAVY_TRAFFIC;"Conselheiro Lafaiete";"Av. Prof. Manoel Martins";0;5;0;-20.6555150;-43.7913430;1789594435000;2026-09-16T21:35:04+00:00;"16/09/2026 18:35:04"
407;1b88a785-f521-4f7c-8565-770638398072;JAM;;"Conselheiro Lafaiete";;0;5;0;-20.6560660;-43.8024110;1789594434000;2026-09-16T21:35:04+00:00;"16/09/2026 18:35:04"
404;8bd1c9a5-3b09-4aa1-a225-b4da3fe5a979;HAZARD;HAZARD_ON_ROAD_LANE_CLOSED;;"BR-040 Rod. Pres. Juscelino Kubitschek";0;5;0;-20.6898340;-43.7901330;1789593907000;2026-09-16T21:29:04+00:00;"16/09/2026 18:29:04"
403;7a824195-2e26-4cba-9a5f-bd09bf0ef847;JAM;JAM_HEAVY_TRAFFIC;"Conselheiro Lafaiete";"R. Santa Efigênia";0;5;0;-20.6467270;-43.7900730;1789593578000;2026-09-16T21:21:04+00:00;"16/09/2026 18:21:04"
402;a73ced0d-f3e5-47cb-a6ae-8ee133d4d7c9;ACCIDENT;;"Conselheiro Lafaiete";;0;5;0;-20.6881860;-43.7906590;1789592404000;2026-09-16T21:03:04+00:00;"16/09/2026 18:03:04"
400;14a1a754-db46-4716-a0bc-db1590a11d09;ACCIDENT;ACCIDENT_MAJOR;;"BR-040 Rod. Pres. Juscelino Kubitschek";3;10;0;-20.6915600;-43.7896170;1789591383000;2026-09-16T20:43:05+00:00;"16/09/2026 17:43:05"
398;a6b124f0-e63d-42fb-951e-3a5afaa14cdf;JAM;JAM_STAND_STILL_TRAFFIC;"Conselheiro Lafaiete";"Saída 629";0;5;0;-20.6552340;-43.8077600;1789590893000;2026-09-16T20:37:03+00:00;"16/09/2026 17:37:03"
399;2f01c12c-e52d-4295-96bf-8d47eb6d690d;JAM;JAM_HEAVY_TRAFFIC;"Conselheiro Lafaiete";"Av. Prefeito Telésforo Cândido Resende";0;5;0;-20.6584410;-43.7855850;1789590927000;2026-09-16T20:37:03+00:00;"16/09/2026 17:37:03"
396;81fafc14-903d-4abb-87c7-3bda9cd80cdc;JAM;JAM_HEAVY_TRAFFIC;"Conselheiro Lafaiete";"R. Comendador Baeta Neves";0;5;0;-20.6597420;-43.7848660;1789589956000;2026-09-16T20:21:04+00:00;"16/09/2026 17:21:04"
397;6c6d4ed6-2962-46dc-b95c-b163c717053a;JAM;JAM_HEAVY_TRAFFIC;"Conselheiro Lafaiete";"R. Comendador Baeta Neves";0;5;0;-20.6595040;-43.7845290;1789589970000;2026-09-16T20:21:04+00:00;"16/09/2026 17:21:04"
395;878ccf3b-3481-42a2-92ea-b21f110ed6be;HAZARD;HAZARD_ON_ROAD_POT_HOLE;"Conselheiro Lafaiete";"R. Fernandes Leão";5;10;0;-20.6659740;-43.7938420;1789589658000;2026-09-16T20:17:04+00:00;"16/09/2026 17:17:04"
394;69658c0e-0b1b-4acb-b5ce-5372d2543b94;ACCIDENT;;"Conselheiro Lafaiete";"BR-040 Rod. Pres. Juscelino Kubitschek";5;10;0;-20.6876690;-43.7910180;1789589403000;2026-09-16T20:13:05+00:00;"16/09/2026 17:13:05"
393;0e3f2e08-da5d-4271-9fcf-1e3fb4535f83;HAZARD;HAZARD_ON_ROAD_POT_HOLE;"Conselheiro Lafaiete";"R. Augusto Lelles";0;8;0;-20.6600140;-43.7807870;1789589102000;2026-09-16T20:05:05+00:00;"16/09/2026 17:05:05"
392;fd257a7e-98ae-4f9b-817f-891756868855;HAZARD;HAZARD_ON_ROAD_POT_HOLE;"Conselheiro Lafaiete";"R. José Condé de Lima";4;10;0;-20.6561790;-43.7774460;1789588951000;2026-09-16T20:03:04+00:00;"16/09/2026 17:03:04"
391;e86a49c2-b8cb-42d4-a0c9-232bff173bc5;HAZARD;HAZARD_ON_ROAD_POT_HOLE;"Conselheiro Lafaiete";;5;10;0;-20.6558760;-43.8041980;1789588030000;2026-09-16T19:49:04+00:00;"16/09/2026 16:49:04"
390;376fa7d2-1e67-4d02-9279-1bb7216a1b7c;HAZARD;HAZARD_ON_ROAD_POT_HOLE;"Conselheiro Lafaiete";MGC-482;5;10;0;-20.6578180;-43.7729020;1789587381000;2026-09-16T19:39:05+00:00;"16/09/2026 16:39:05"
389;1a2c246f-7cfc-4b20-9251-a1a37cd18876;HAZARD;HAZARD_WEATHER_FLOOD;"Conselheiro Lafaiete";"BR-040 Rod. Pres. Juscelino Kubitschek";3;10;0;-20.6378990;-43.8142290;1789585819000;2026-09-16T19:13:05+00:00;"16/09/2026 16:13:05"
388;cc173214-75bd-4e82-ad1d-53d88c569727;HAZARD;HAZARD_ON_ROAD_POT_HOLE;"Conselheiro Lafaiete";"R. Cefisa Viana";5;10;0;-20.6579510;-43.7847240;1789584765000;2026-09-16T18:53:04+00:00;"16/09/2026 15:53:04"
387;85af42d6-d9ea-49e0-996c-5e5d4c009833;HAZARD;HAZARD_WEATHER;"Conselheiro Lafaiete";"R. Miguel Garcia";0;5;0;-20.6602410;-43.7818420;1789584445000;2026-09-16T18:49:05+00:00;"16/09/2026 15:49:05"
385;b27b0f56-c9e0-4306-98fa-8a53cfe70a88;ROAD_CLOSED;;"Conselheiro Lafaiete";"R. Pio XII";0;5;0;-20.6489240;-43.7900000;1789584119000;2026-09-16T18:43:04+00:00;"16/09/2026 15:43:04"
386;85a861da-38ef-431a-98b2-655cc4ae331c;ROAD_CLOSED;;"Conselheiro Lafaiete";"R. Pio XII";0;5;0;-20.6489240;-43.7900000;1789584142000;2026-09-16T18:43:04+00:00;"16/09/2026 15:43:04"
384;d682405b-9b11-43c6-badb-3db1535c8baa;HAZARD;HAZARD_ON_ROAD_OBJECT;"Conselheiro Lafaiete";"BR-040 S Rod. Pres. Juscelino Kubitschek";0;5;0;-20.6490760;-43.8095300;1789583010000;2026-09-16T18:25:04+00:00;"16/09/2026 15:25:04"
382;bdb4e4e5-042e-4dcc-83b4-229430b76986;HAZARD;HAZARD_ON_ROAD_POT_HOLE;"Conselheiro Lafaiete";"R. Alexandrina Nogueira de Queiroz";5;10;0;-20.6773760;-43.7799050;1789581314000;2026-09-16T17:57:04+00:00;"16/09/2026 14:57:04"
381;da2a9463-655a-4e95-91ce-103d92fccf6b;HAZARD;HAZARD_ON_ROAD;"Conselheiro Lafaiete";"BR-040 Rod. Pres. Juscelino Kubitschek";0;5;0;-20.6821150;-43.7941810;1789580722000;2026-09-16T17:49:03+00:00;"16/09/2026 14:49:03"
380;5b2794e6-bf66-46d1-9060-8bdd2b3ea7b9;HAZARD;HAZARD_ON_SHOULDER_CAR_STOPPED;"Conselheiro Lafaiete";"BR-040 Rod. Pres. Juscelino Kubitschek";2;10;0;-20.6863710;-43.7918500;1789579506000;2026-09-16T17:27:04+00:00;"16/09/2026 14:27:04"
378;e34d8928-71ea-4cd0-afd6-9b6a389e4d21;JAM;JAM_HEAVY_TRAFFIC;"Conselheiro Lafaiete";"Av. Prefeito Telésforo Cândido Resende";0;5;0;-20.6586000;-43.7891010;1789577216000;2026-09-16T16:49:04+00:00;"16/09/2026 13:49:04"
377;998852c0-fa1b-4bb9-abe8-b60dca6f0b32;HAZARD;HAZARD_ON_ROAD_POT_HOLE;"Conselheiro Lafaiete";"R. Barão de Suassuí";1;10;0;-20.6572710;-43.7858710;1789577080000;2026-09-16T16:45:05+00:00;"16/09/2026 13:45:05"
375;d5cdc3c5-809e-4d25-9172-aacd4caec4f5;HAZARD;HAZARD_ON_SHOULDER_CAR_STOPPED;"Conselheiro Lafaiete";"R. Horácio de Queiroz";0;5;0;-20.6620820;-43.7890100;1789576353000;2026-09-16T16:33:04+00:00;"16/09/2026 13:33:04"
376;6a0a1e33-6511-4cb8-9de8-3465238cc243;HAZARD;HAZARD_ON_ROAD_POT_HOLE;"Conselheiro Lafaiete";"R. Norival Baeta Siqueira";1;7;0;-20.6776570;-43.7788200;1789576320000;2026-09-16T16:33:04+00:00;"16/09/2026 13:33:04"
373;328bf77f-c470-4165-9463-2e65e616ee6c;JAM;JAM_HEAVY_TRAFFIC;"Conselheiro Lafaiete";"R. Dom Silvério";0;5;0;-20.6563520;-43.7827400;1789574364000;2026-09-16T16:01:04+00:00;"16/09/2026 13:01:04"
372;129dda7f-ed0e-451f-a3f0-7e7561ea4fcb;HAZARD;HAZARD_ON_ROAD_POT_HOLE;"Conselheiro Lafaiete";"R. Luiz Laporte";5;10;0;-20.6706880;-43.7798070;1789572624000;2026-09-16T15:31:04+00:00;"16/09/2026 12:31:04"
371;1cd2e7a7-9265-4689-980e-5e74d5b3cc74;ROAD_CLOSED;;"Conselheiro Lafaiete";"R. Barão de Coromandell";0;5;0;-20.6599880;-43.7924730;1789572241000;2026-09-16T15:27:04+00:00;"16/09/2026 12:27:04"
370;8c2d9529-6677-4111-b1d4-b300833c88c4;HAZARD;HAZARD_ON_ROAD;"Conselheiro Lafaiete";"Av. Monsenhor Moreira";0;6;0;-20.6568690;-43.8021080;1789569996000;2026-09-16T14:49:04+00:00;"16/09/2026 11:49:04"
369;da61522b-9c9e-4257-8c69-ff6909f174e4;HAZARD;HAZARD_ON_ROAD_POT_HOLE;"Conselheiro Lafaiete";"R. Francisco Lobo";5;10;0;-20.6628390;-43.7779880;1789567504000;2026-09-16T14:07:04+00:00;"16/09/2026 11:07:04"
367;ef35ed0b-41c7-49ea-ace8-6d4b99ae9284;HAZARD;HAZARD_ON_ROAD_POT_HOLE;"Conselheiro Lafaiete";"R. Amazonas";4;10;0;-20.6732040;-43.7820090;1789567341000;2026-09-16T14:03:03+00:00;"16/09/2026 11:03:03"
368;3a28333b-1fe9-47d2-8d08-f28b0e491363;HAZARD;HAZARD_ON_ROAD_POT_HOLE;"Conselheiro Lafaiete";"R. Amazonas";3;10;0;-20.6726270;-43.7812720;1789567360000;2026-09-16T14:03:03+00:00;"16/09/2026 11:03:03"
366;94ae78d0-b254-4756-bed5-443acdba0b59;ACCIDENT;;"Conselheiro Lafaiete";"R. Cel. José Joaquim Queirós Jr.";0;5;0;-20.6569340;-43.7932010;1789561930000;2026-09-16T12:35:04+00:00;"16/09/2026 09:35:04"
365;ab4f51b6-da33-43bf-876a-84b9669b72cf;HAZARD;HAZARD_ON_SHOULDER_CAR_STOPPED;"Conselheiro Lafaiete";"Av. Prefeito Telésforo Cândido Resende";0;5;0;-20.6594420;-43.7935210;1789561715000;2026-09-16T12:31:04+00:00;"16/09/2026 09:31:04"
358;d02bd65a-fb65-45e2-ba6a-0a533c03dc32;HAZARD;HAZARD_ON_ROAD_POT_HOLE;"Conselheiro Lafaiete";"R. Santa Efigênia";5;10;0;-20.6478020;-43.7894890;1789560925000;2026-09-16T12:19:04+00:00;"16/09/2026 09:19:04"
359;40754446-0e90-427c-99bb-105617657fab;HAZARD;HAZARD_ON_ROAD_POT_HOLE;"Conselheiro Lafaiete";"R. Santa Efigênia";5;10;0;-20.6511630;-43.7890300;1789561001000;2026-09-16T12:19:04+00:00;"16/09/2026 09:19:04"
360;74b961b6-02b3-487d-aeea-080989acdb01;HAZARD;HAZARD_ON_ROAD_POT_HOLE;"Conselheiro Lafaiete";"Av. Prof. Manoel Martins";2;10;0;-20.6527390;-43.7891920;1789561031000;2026-09-16T12:19:04+00:00;"16/09/2026 09:19:04"
361;5cb3110b-d1c7-42ff-95c7-ffc5a5a6d7c1;HAZARD;HAZARD_ON_SHOULDER_CAR_STOPPED;"Conselheiro Lafaiete";"Av. Prof. Manoel Martins";2;10;0;-20.6544720;-43.7906980;1789561076000;2026-09-16T12:19:04+00:00;"16/09/2026 09:19:04"
362;d911c363-f868-4817-9a8e-398f144ee0c3;HAZARD;HAZARD_ON_ROAD_POT_HOLE;"Conselheiro Lafaiete";"Av. Prof. Manoel Martins";5;10;0;-20.6558190;-43.7914270;1789561107000;2026-09-16T12:19:04+00:00;"16/09/2026 09:19:04"
363;0e846b64-6ab5-46b6-ac3b-35c9d9184733;HAZARD;HAZARD_ON_ROAD_POT_HOLE;"Conselheiro Lafaiete";"Av. Prof. Manoel Martins";5;10;0;-20.6565930;-43.7916460;1789561126000;2026-09-16T12:19:04+00:00;"16/09/2026 09:19:04"
364;bab38156-f0ea-4fc5-9ead-43f4b0260bfd;HAZARD;HAZARD_ON_SHOULDER_CAR_STOPPED;"Conselheiro Lafaiete";"Av. Prof. Manoel Martins";1;9;0;-20.6569220;-43.7917450;1789561140000;2026-09-16T12:19:04+00:00;"16/09/2026 09:19:04"
357;2c83577f-0fdf-4d0c-ab0c-1ffcc4a1e32e;JAM;JAM_STAND_STILL_TRAFFIC;"Conselheiro Lafaiete";"R. Pe. Lobo";0;5;0;-20.6532400;-43.7767500;1789557763000;2026-09-16T11:25:04+00:00;"16/09/2026 08:25:04"
356;93695a46-d611-4e13-a68d-fce434d85b57;HAZARD;HAZARD_ON_ROAD_POT_HOLE;"Conselheiro Lafaiete";"R. Izidoro Cardoso";4;10;0;-20.6658150;-43.7937750;1789555095000;2026-09-16T10:41:03+00:00;"16/09/2026 07:41:03"
355;d5a4d504-929b-42f7-ae22-4f5c04ab9a56;HAZARD;HAZARD_ON_ROAD_TRAFFIC_LIGHT_FAULT;"Conselheiro Lafaiete";"R. Dias de Souza";0;5;0;-20.6597610;-43.7944790;1789553110000;2026-09-16T10:09:04+00:00;"16/09/2026 07:09:04"
354;61f636e6-b1d2-4f51-9b11-4f6aa0c50224;HAZARD;HAZARD_ON_ROAD_POT_HOLE;"Conselheiro Lafaiete";"R. Alexandrina Nogueira de Queiroz";3;10;0;-20.6750630;-43.7818950;1789551705000;2026-09-16T09:45:04+00:00;"16/09/2026 06:45:04"
353;7192a323-70e4-4618-8728-33fcbb9b2b30;HAZARD;HAZARD_ON_ROAD_CONSTRUCTION;"Conselheiro Lafaiete";"BR-040 Rod. Pres. Juscelino Kubitschek";0;5;0;-20.6722640;-43.7981410;1789549963000;2026-09-16T09:13:03+00:00;"16/09/2026 06:13:03"
352;e473e6a4-ef2a-4e4a-88a9-a1c23e083669;HAZARD;HAZARD_ON_ROAD_TRAFFIC_LIGHT_FAULT;"Conselheiro Lafaiete";"R. Eugênio Feio";0;8;0;-20.6574640;-43.7964860;1789549495000;2026-09-16T09:05:04+00:00;"16/09/2026 06:05:04"
349;e3eae5ec-8a96-4d04-b568-f9f597869f34;HAZARD;HAZARD_ON_ROAD_POT_HOLE;"Conselheiro Lafaiete";MGC-482;5;10;0;-20.6582130;-43.7708620;1789521808000;2026-09-16T01:25:05+00:00;"15/09/2026 22:25:05"
348;7df35802-4018-4e7a-86de-2f53a5ac67b9;HAZARD;HAZARD_WEATHER;"Conselheiro Lafaiete";"R. Ver. Wanderley José de Faria";0;5;0;-20.6928220;-43.7985870;1789517394000;2026-09-16T00:13:03+00:00;"15/09/2026 21:13:03"
347;70a144e9-f13f-48b0-983e-0088dbef62a0;HAZARD;HAZARD_ON_ROAD_POT_HOLE;"Conselheiro Lafaiete";MGC-482;2;10;0;-20.6581680;-43.7710560;1789511171000;2026-09-15T22:29:04+00:00;"15/09/2026 19:29:04"
346;7af31028-fd44-4a7f-b622-ebb6308a6465;HAZARD;HAZARD_ON_SHOULDER_CAR_STOPPED;"Conselheiro Lafaiete";"BR-040 S Rod. Pres. Juscelino Kubitschek";0;7;0;-20.6452730;-43.8106470;1789508754000;2026-09-15T21:49:04+00:00;"15/09/2026 18:49:04"
345;5e5de81a-4362-43eb-94d5-86381b9c7d19;JAM;JAM_HEAVY_TRAFFIC;"Conselheiro Lafaiete";"R. Dr. José Lopes de Assis";0;5;0;-20.6592390;-43.7829730;1789508388000;2026-09-15T21:43:03+00:00;"15/09/2026 18:43:03"
344;fdc6c440-833f-46ac-ae81-cf60e16cf011;JAM;JAM_STAND_STILL_TRAFFIC;"Conselheiro Lafaiete";"R. Mariana Guimarães";0;5;0;-20.6683600;-43.7869440;1789507484000;2026-09-15T21:25:04+00:00;"15/09/2026 18:25:04"
342;0cb37f0a-ee3e-4ef0-84b9-ae7469b9b602;JAM;;"Conselheiro Lafaiete";"R. Santa Efigênia";0;5;0;-20.6472570;-43.7896580;1789506569000;2026-09-15T21:13:04+00:00;"15/09/2026 18:13:04"
343;fbc1ec6f-73b7-4e67-91df-c485f2b1302f;HAZARD;HAZARD_ON_ROAD_POT_HOLE;"Conselheiro Lafaiete";MGC-482;5;10;0;-20.6584240;-43.7694980;1789506664000;2026-09-15T21:13:04+00:00;"15/09/2026 18:13:04"
341;a11c0803-78b1-4fac-97d2-0f3c29db8e68;JAM;JAM_STAND_STILL_TRAFFIC;"Conselheiro Lafaiete";"R. Ver. Juca Pena";0;5;0;-20.6596440;-43.7872140;1789506387000;2026-09-15T21:09:04+00:00;"15/09/2026 18:09:04"
338;6523586e-503e-4206-8045-4db10ce0b5e5;JAM;JAM_HEAVY_TRAFFIC;"Conselheiro Lafaiete";"R. Dias de Souza";0;5;0;-20.6565550;-43.8008520;1789506236000;2026-09-15T21:05:04+00:00;"15/09/2026 18:05:04"
339;9006f5bb-72af-4201-830e-06eb3bead728;HAZARD;HAZARD_ON_SHOULDER_CAR_STOPPED;"Conselheiro Lafaiete";"R. Dias de Souza";0;5;0;-20.6567630;-43.7993960;1789506283000;2026-09-15T21:05:04+00:00;"15/09/2026 18:05:04"
340;8dc37191-571f-4f9d-8786-7537f19c6154;JAM;JAM_HEAVY_TRAFFIC;"Conselheiro Lafaiete";"R. Duque de Caxias";0;5;0;-20.6570210;-43.7824290;1789506184000;2026-09-15T21:05:04+00:00;"15/09/2026 18:05:04"
337;cdb0e65f-1d45-48c8-b5e3-c5f972efeac3;JAM;JAM_HEAVY_TRAFFIC;"Conselheiro Lafaiete";"R. Horácio de Queiroz";0;5;0;-20.6613610;-43.7886840;1789505102000;2026-09-15T20:45:04+00:00;"15/09/2026 17:45:04"
335;5e6d12e5-72ff-44a3-b63a-2d91f1b5ef0e;JAM;JAM_HEAVY_TRAFFIC;"Conselheiro Lafaiete";;0;5;0;-20.6885990;-43.7910430;1789504743000;2026-09-15T20:41:04+00:00;"15/09/2026 17:41:04"
336;66c0a7f1-a9e9-4f6c-bae9-4053e3a0006f;JAM;;"Conselheiro Lafaiete";"R. Benjamim Constant";0;5;0;-20.6675220;-43.7868250;1789504814000;2026-09-15T20:41:04+00:00;"15/09/2026 17:41:04"
334;25a62a14-032c-4f4f-85d1-8a26b96d3117;JAM;JAM_HEAVY_TRAFFIC;"Conselheiro Lafaiete";"R. Alfredo Elias Mafuz";0;5;0;-20.6711820;-43.7848390;1789504450000;2026-09-15T20:37:04+00:00;"15/09/2026 17:37:04"
330;082cac34-3523-4fea-bac6-6b82e1ca45ce;JAM;;"Conselheiro Lafaiete";"R. João Evangelista";0;5;0;-20.6820740;-43.7872200;1789504196000;2026-09-15T20:33:04+00:00;"15/09/2026 17:33:04"
331;e3751dee-b07e-4bec-9290-eaa91a3f49ad;HAZARD;HAZARD_ON_ROAD_OBJECT;"Conselheiro Lafaiete";"R. Alfredo Elias Mafuz";0;5;0;-20.6787590;-43.7875370;1789504289000;2026-09-15T20:33:04+00:00;"15/09/2026 17:33:04"
332;60164f72-c6ce-4318-9ad6-a10c1b8101af;JAM;JAM_HEAVY_TRAFFIC;"Conselheiro Lafaiete";"R. Lopes Franco";0;5;0;-20.6768340;-43.7943390;1789504313000;2026-09-15T20:33:04+00:00;"15/09/2026 17:33:04"
333;ca46b75a-d4cb-40a4-a76c-0b76f7a5cb68;JAM;JAM_HEAVY_TRAFFIC;"Conselheiro Lafaiete";;0;5;0;-20.6773790;-43.7942880;1789504359000;2026-09-15T20:33:04+00:00;"15/09/2026 17:33:04"
329;4849ad64-6d95-4290-a863-3499138b0467;JAM;JAM_HEAVY_TRAFFIC;"Conselheiro Lafaiete";"BR-040 S Rod. Pres. Juscelino Kubitschek";0;5;0;-20.6460390;-43.8102510;1789503866000;2026-09-15T20:25:05+00:00;"15/09/2026 17:25:05"
326;f1de03ea-98a3-4b18-a6f5-08331e7d0a5a;JAM;JAM_HEAVY_TRAFFIC;"Conselheiro Lafaiete";"R. Alfredo Elias Mafuz";0;5;0;-20.6841030;-43.7909520;1789503081000;2026-09-15T20:15:05+00:00;"15/09/2026 17:15:05"
327;fb8d2216-732e-4f6d-a450-543483ef5460;JAM;JAM_HEAVY_TRAFFIC;"Conselheiro Lafaiete";"R. Alfredo Elias Mafuz";0;5;0;-20.6836300;-43.7907780;1789503101000;2026-09-15T20:15:05+00:00;"15/09/2026 17:15:05"
328;a8686249-ae27-4f3b-ad50-28b6a568b307;JAM;JAM_HEAVY_TRAFFIC;"Conselheiro Lafaiete";"R. Alfredo Elias Mafuz";0;5;0;-20.6827700;-43.7904300;1789503135000;2026-09-15T20:15:05+00:00;"15/09/2026 17:15:05"
323;519581af-dea5-472d-a1f0-69f9f5d4c5d5;JAM;JAM_HEAVY_TRAFFIC;"Conselheiro Lafaiete";;0;5;0;-20.6863310;-43.7909440;1789503004000;2026-09-15T20:11:04+00:00;"15/09/2026 17:11:04"
324;80e009de-9944-4b01-beb1-22b465eb1d0b;JAM;JAM_HEAVY_TRAFFIC;"Conselheiro Lafaiete";"R. Alfredo Elias Mafuz";0;5;0;-20.6859610;-43.7910160;1789503027000;2026-09-15T20:11:04+00:00;"15/09/2026 17:11:04"
325;9b5ae444-5c01-489f-b7a5-e4225d50cdc8;JAM;JAM_HEAVY_TRAFFIC;"Conselheiro Lafaiete";"R. Alfredo Elias Mafuz";0;5;0;-20.6847570;-43.7911500;1789503062000;2026-09-15T20:11:04+00:00;"15/09/2026 17:11:04"
321;0bb559e2-ab68-4622-b8eb-e8e0acfa1127;HAZARD;HAZARD_ON_SHOULDER_ANIMALS;"Conselheiro Lafaiete";"R. Benedito Alves Vieira";0;5;0;-20.6677430;-43.8039120;1789502604000;2026-09-15T20:07:04+00:00;"15/09/2026 17:07:04"
322;16309cbd-2e79-4da0-bc79-b1986c0dec22;JAM;JAM_HEAVY_TRAFFIC;"Conselheiro Lafaiete";"BR-040 S Rod. Pres. Juscelino Kubitschek";0;5;0;-20.6468900;-43.8099140;1789502654000;2026-09-15T20:07:04+00:00;"15/09/2026 17:07:04"
320;a80867b3-5819-4baa-98c8-d2eaa432b278;HAZARD;HAZARD_ON_ROAD_POT_HOLE;"Conselheiro Lafaiete";;5;10;0;-20.6772390;-43.7942610;1789501688000;2026-09-15T19:49:04+00:00;"15/09/2026 16:49:04"
319;dc897a8e-c2d5-4b81-aa7f-42d67f8965df;HAZARD;HAZARD_ON_ROAD_POT_HOLE;"Conselheiro Lafaiete";"R. José Ferreira da Silva";1;7;0;-20.6881310;-43.7811840;1789500693000;2026-09-15T19:35:04+00:00;"15/09/2026 16:35:04"
318;381a2682-9105-4715-a4d8-f97706f49ef2;JAM;JAM_HEAVY_TRAFFIC;"Conselheiro Lafaiete";"R. Benjamim Constant";0;5;0;-20.6670050;-43.7873320;1789498875000;2026-09-15T19:03:04+00:00;"15/09/2026 16:03:04"
316;04522134-e46a-426e-aa91-cb77382dc8f9;JAM;;"Conselheiro Lafaiete";"R. Lopes Franco";0;5;0;-20.6744440;-43.7949730;1789498600000;2026-09-15T18:59:04+00:00;"15/09/2026 15:59:04"
317;a92e42b8-8fc9-4540-99be-ff07c7c0f7ad;ACCIDENT;;"Conselheiro Lafaiete";"Av. Prefeito Telésforo Cândido Resende";0;5;0;-20.6588710;-43.7892130;1789498687000;2026-09-15T18:59:04+00:00;"15/09/2026 15:59:04"
315;26431bfe-68bd-43c5-acc4-feed21e48cfa;HAZARD;HAZARD_ON_ROAD_POT_HOLE;"Conselheiro Lafaiete";"R. José Ferreira da Silva";0;5;0;-20.6881010;-43.7810990;1789497822000;2026-09-15T18:45:04+00:00;"15/09/2026 15:45:04"
313;f3a3798d-5f00-451a-9b98-5e8ee3a67861;HAZARD;HAZARD_ON_SHOULDER_CAR_STOPPED;;"MG-129 Rod. Eng. Ary Belisário";0;5;0;-20.6327290;-43.7811670;1789494191000;2026-09-15T17:45:04+00:00;"15/09/2026 14:45:04"
314;39b9c8c3-a0f1-47ae-afd1-5879891d65af;HAZARD;HAZARD_ON_ROAD_CONSTRUCTION;;"BR-040 Rod. Pres. Juscelino Kubitschek";1;7;0;-20.6644320;-43.8034090;1789494176000;2026-09-15T17:45:04+00:00;"15/09/2026 14:45:04"
311;f612c1c1-884c-46b2-a843-e148aca71813;HAZARD;HAZARD_ON_ROAD_POT_HOLE;"Conselheiro Lafaiete";"R. Silvio Augusto Soares";4;10;0;-20.6562020;-43.7585380;1789493676000;2026-09-15T17:35:04+00:00;"15/09/2026 14:35:04"
312;76c95ab1-8c70-442e-976a-dc71b95213c4;HAZARD;HAZARD_ON_ROAD_POT_HOLE;"Conselheiro Lafaiete";MGC-482;5;10;0;-20.6582920;-43.7705010;1789493524000;2026-09-15T17:35:04+00:00;"15/09/2026 14:35:04"
310;0eb27b94-4558-4f3a-ba23-baffe3bb7fa9;HAZARD;HAZARD_ON_ROAD_POT_HOLE;"Conselheiro Lafaiete";"R. Arthur Bernardes";1;9;0;-20.6735400;-43.7830480;1789493402000;2026-09-15T17:31:04+00:00;"15/09/2026 14:31:04"
308;f7a33a59-9cdf-4155-9718-7bc8bf49f747;HAZARD;HAZARD_ON_ROAD_POT_HOLE;"Conselheiro Lafaiete";"R. Políbio Augusto Rezende";5;10;0;-20.6654070;-43.7764720;1789491526000;2026-09-15T17:01:04+00:00;"15/09/2026 14:01:04"
309;bd371c8d-b51f-497d-88fd-9a426fe1e81c;HAZARD;HAZARD_ON_ROAD_POT_HOLE;"Conselheiro Lafaiete";"Av. Monsenhor Moreira";1;9;0;-20.6583950;-43.7996390;1789491594000;2026-09-15T17:01:04+00:00;"15/09/2026 14:01:04"
307;61732d99-74bd-4a72-8687-2687e5ce8d12;HAZARD;HAZARD_ON_ROAD_POT_HOLE;"Conselheiro Lafaiete";"R. Amazonas";5;10;0;-20.6695370;-43.7782100;1789491415000;2026-09-15T16:57:04+00:00;"15/09/2026 13:57:04"
304;ddfe18ca-a163-4e8e-b97f-4ac6551f3e99;HAZARD;HAZARD_ON_ROAD_CONSTRUCTION;"Conselheiro Lafaiete";"R. Alfredo Elias Mafuz";0;5;0;-20.6783900;-43.7872440;1789489821000;2026-09-15T16:31:04+00:00;"15/09/2026 13:31:04"
305;04c3147c-fac8-47e4-8124-bc3618de9d69;JAM;JAM_HEAVY_TRAFFIC;"Conselheiro Lafaiete";"R. Alfredo Elias Mafuz";0;5;0;-20.6721960;-43.7847060;1789489647000;2026-09-15T16:31:04+00:00;"15/09/2026 13:31:04"
306;1fd08c57-43a8-4c89-aa11-832d3168ed44;HAZARD;HAZARD_ON_ROAD_CONSTRUCTION;"Conselheiro Lafaiete";"R. Alfredo Elias Mafuz";0;5;0;-20.6732900;-43.7843550;1789489733000;2026-09-15T16:31:04+00:00;"15/09/2026 13:31:04"
302;b8e32538-ba71-4e58-9cd4-bad4a829b5ce;JAM;;"Conselheiro Lafaiete";"R. Benjamim Constant";0;5;0;-20.6665640;-43.7876910;1789488472000;2026-09-15T16:11:04+00:00;"15/09/2026 13:11:04"
303;ea61c576-0462-451f-a0ff-61cb2489f075;JAM;;"Conselheiro Lafaiete";"R. Benjamim Constant";0;5;0;-20.6673590;-43.7869850;1789488566000;2026-09-15T16:11:04+00:00;"15/09/2026 13:11:04"
301;d0285090-ded2-4151-8fb9-e2212020270e;HAZARD;HAZARD_ON_ROAD_POT_HOLE;"Conselheiro Lafaiete";"R. Joemy Faria";5;10;0;-20.6647630;-43.7759960;1789487690000;2026-09-15T15:57:04+00:00;"15/09/2026 12:57:04"
299;55bf9f0c-6305-4e6e-9aea-301165b81a4e;JAM;JAM_HEAVY_TRAFFIC;"Conselheiro Lafaiete";"Pç. Tiradentes";0;5;0;-20.6617310;-43.7872370;1789487030000;2026-09-15T15:45:04+00:00;"15/09/2026 12:45:04"
300;8d2abf9f-2518-49d7-b85b-112b7df4e493;JAM;;"Conselheiro Lafaiete";"Av. Furtado";0;5;0;-20.6621580;-43.7966710;1789487049000;2026-09-15T15:45:04+00:00;"15/09/2026 12:45:04"
297;a52480f3-589c-43ae-bdf0-dfcb290383e1;HAZARD;HAZARD_ON_ROAD_POT_HOLE;"Conselheiro Lafaiete";"R. Joemy Faria";5;10;0;-20.6688020;-43.7776890;1789486826000;2026-09-15T15:41:04+00:00;"15/09/2026 12:41:04"
298;8ab6c21e-c9e6-4423-a64b-3bd3c40604bf;JAM;JAM_HEAVY_TRAFFIC;"Conselheiro Lafaiete";"R. Santa Efigênia";0;5;0;-20.6499890;-43.7885230;1789486745000;2026-09-15T15:41:04+00:00;"15/09/2026 12:41:04"
296;1cc2f053-2a2f-4783-be8c-8ace0e0db7fe;HAZARD;HAZARD_ON_ROAD_POT_HOLE;"Conselheiro Lafaiete";"R. Sebastião Borba";5;10;0;-20.6651510;-43.8047250;1789486177000;2026-09-15T15:33:04+00:00;"15/09/2026 12:33:04"
295;73c1c4a3-fb38-4ce3-bc07-9a04518e8651;HAZARD;HAZARD_ON_ROAD_POT_HOLE;"Conselheiro Lafaiete";"R. São João";0;8;0;-20.6788420;-43.7782410;1789482886000;2026-09-15T14:35:04+00:00;"15/09/2026 11:35:04"
294;0ecad61b-99a5-433e-b164-bd9515302ff9;HAZARD;HAZARD_ON_SHOULDER_CAR_STOPPED;"Conselheiro Lafaiete";"R. Manoel Fonseca de Rezende";0;5;0;-20.6748280;-43.7824360;1789482774000;2026-09-15T14:33:03+00:00;"15/09/2026 11:33:03"
293;94c537c1-3b0a-483c-bf69-736d423e1540;HAZARD;HAZARD_ON_ROAD_POT_HOLE;"Conselheiro Lafaiete";"R. Santa Matilde";5;10;0;-20.6786900;-43.7865410;1789481770000;2026-09-15T14:19:04+00:00;"15/09/2026 11:19:04"
292;dfe32ddf-4316-494a-85a0-dd02a3452c31;HAZARD;HAZARD_ON_SHOULDER_CAR_STOPPED;"Conselheiro Lafaiete";"R. Comendador Baeta Neves";5;10;0;-20.6600320;-43.7853390;1789481512000;2026-09-15T14:13:04+00:00;"15/09/2026 11:13:04"
290;609429d2-e96a-49e3-850f-6b6a41297804;JAM;JAM_STAND_STILL_TRAFFIC;"Conselheiro Lafaiete";"Pç. Barão de Queluz";0;5;0;-20.6608590;-43.7864110;1789481384000;2026-09-15T14:11:03+00:00;"15/09/2026 11:11:03"
291;cd864bda-6db9-4a23-b4d9-9e5aa4eccb8d;JAM;JAM_STAND_STILL_TRAFFIC;"Conselheiro Lafaiete";"R. Comendador Baeta Neves";0;5;0;-20.6603220;-43.7857860;1789481458000;2026-09-15T14:11:03+00:00;"15/09/2026 11:11:03"
287;6e066d6f-1679-4ce6-8187-1a6ace4749f4;JAM;JAM_STAND_STILL_TRAFFIC;"Conselheiro Lafaiete";"Av. Prefeito Mário Rodrigues Pereira";0;5;0;-20.6621170;-43.7875910;1789481181000;2026-09-15T14:09:03+00:00;"15/09/2026 11:09:03"
288;0e41e40a-3b67-443b-8309-95518c1533a6;JAM;JAM_STAND_STILL_TRAFFIC;"Conselheiro Lafaiete";"Pç. Tiradentes";0;5;0;-20.6615900;-43.7871060;1789481243000;2026-09-15T14:09:03+00:00;"15/09/2026 11:09:03"
289;e19480de-2fd3-43a2-ae5c-2c70cce8a3ba;HAZARD;HAZARD_ON_ROAD_POT_HOLE;"Conselheiro Lafaiete";"R. Miguel Garcia";3;10;0;-20.6610880;-43.7805730;1789481107000;2026-09-15T14:09:03+00:00;"15/09/2026 11:09:03"
286;b51bd61d-770c-457f-a6f1-9c5d4d38602b;HAZARD;HAZARD_ON_ROAD_CONSTRUCTION;"Conselheiro Lafaiete";"R. Alexandrina Nogueira de Queiroz";0;5;0;-20.6749510;-43.7819310;1789480809000;2026-09-15T14:03:03+00:00;"15/09/2026 11:03:03"
285;a09f1230-c799-4b4c-8dd3-06cadffe7cd1;HAZARD;HAZARD_ON_SHOULDER_CAR_STOPPED;"Conselheiro Lafaiete";"Vd. Duartina Nogueira de Rezende";0;6;0;-20.6600110;-43.7973300;1789478780000;2026-09-15T13:29:04+00:00;"15/09/2026 10:29:04"
284;90cd2dad-cc17-4733-b3f7-71ddb20ca0f6;HAZARD;HAZARD_ON_ROAD_LANE_CLOSED;"Conselheiro Lafaiete";"Av. Monsenhor Moreira";0;6;0;-20.6595570;-43.7977920;1789477789000;2026-09-15T13:13:04+00:00;"15/09/2026 10:13:04"
281;8531d5ad-e721-4e01-8e57-8c4fd4473a94;HAZARD;HAZARD_ON_ROAD_CONSTRUCTION;"Conselheiro Lafaiete";"R. Barão de Pouso Alegre";0;6;0;-20.6651300;-43.8038460;1789477347000;2026-09-15T13:05:05+00:00;"15/09/2026 10:05:05"
282;91c98579-6f5a-491d-b84e-ae40a29b85dd;HAZARD;HAZARD_ON_ROAD_POT_HOLE;"Conselheiro Lafaiete";"R. Manoel Fonseca de Rezende";5;10;0;-20.6745260;-43.7824190;1789477414000;2026-09-15T13:05:05+00:00;"15/09/2026 10:05:05"
283;6d37a088-38d4-40af-8b23-ae130238c5eb;HAZARD;HAZARD_ON_ROAD_POT_HOLE;"Conselheiro Lafaiete";"R. Manoel Fonseca de Rezende";5;10;0;-20.6773420;-43.7822160;1789477445000;2026-09-15T13:05:05+00:00;"15/09/2026 10:05:05"
280;55694261-2c5a-4bfa-b8e2-38f0aa854e92;ROAD_CLOSED;;"Conselheiro Lafaiete";"R. Dr. Moreira";0;5;0;-20.6605720;-43.7980750;1789477183000;2026-09-15T13:01:04+00:00;"15/09/2026 10:01:04"
277;c8e58298-b3a5-4bdb-bbd7-0a160e549f73;HAZARD;HAZARD_ON_ROAD_CONSTRUCTION;"Conselheiro Lafaiete";"R. Barão de Pouso Alegre";0;7;0;-20.6634920;-43.8022860;1789477030000;2026-09-15T12:59:04+00:00;"15/09/2026 09:59:04"
278;7cfb4bcc-6df7-45d2-946d-2eecc2f06c29;HAZARD;HAZARD_ON_SHOULDER_CAR_STOPPED;"Conselheiro Lafaiete";"Vd. Duartina Nogueira de Rezende";0;6;0;-20.6599990;-43.7973420;1789476907000;2026-09-15T12:59:04+00:00;"15/09/2026 09:59:04"
279;2e53572f-9342-4719-9079-f265f8a0ea0e;JAM;;"Conselheiro Lafaiete";"R. Nazinha de Freitas";0;5;0;-20.6594470;-43.7984080;1789476910000;2026-09-15T12:59:04+00:00;"15/09/2026 09:59:04"
275;b541d93d-eccb-4141-8935-bee45e7c7591;HAZARD;HAZARD_ON_ROAD_LANE_CLOSED;"Conselheiro Lafaiete";"Av. Prefeito Telésforo Cândido Resende";0;5;0;-20.6586540;-43.7877850;1789476579000;2026-09-15T12:53:04+00:00;"15/09/2026 09:53:04"
276;474cda09-6c92-42ec-a547-77bcbfd17179;HAZARD;HAZARD_ON_SHOULDER_CAR_STOPPED;"Conselheiro Lafaiete";"Av. Prefeito Telésforo Cândido Resende";0;5;0;-20.6586710;-43.7874540;1789476574000;2026-09-15T12:53:04+00:00;"15/09/2026 09:53:04"
274;dc3b1659-610f-41bf-99f8-4121a50ea542;HAZARD;HAZARD_ON_ROAD_POT_HOLE;"Conselheiro Lafaiete";"R. Melvin Jones";5;10;0;-20.6572760;-43.7925820;1789475714000;2026-09-15T12:37:05+00:00;"15/09/2026 09:37:05"
273;8064257b-bd21-43ca-b24e-d9de0cd2011a;JAM;JAM_HEAVY_TRAFFIC;"Conselheiro Lafaiete";"R. Dr. Moreira";0;5;0;-20.6602270;-43.7977160;1789474738000;2026-09-15T12:19:04+00:00;"15/09/2026 09:19:04"
272;f3afd634-65c4-49c9-a141-200348d9d717;HAZARD;HAZARD_ON_ROAD_POT_HOLE;"Conselheiro Lafaiete";"Av. Prof. Manoel Martins";0;7;0;-20.6582520;-43.7923530;1789474142000;2026-09-15T12:11:04+00:00;"15/09/2026 09:11:04"
270;1c4495eb-471c-4b8c-8fd8-f34dc380e9e8;HAZARD;HAZARD_ON_ROAD_POT_HOLE;"Conselheiro Lafaiete";"R. Amazonas";5;10;0;-20.6730160;-43.7817600;1789473318000;2026-09-15T11:59:04+00:00;"15/09/2026 08:59:04"
271;469df0da-444d-4c44-ba07-6d87cfd02aa5;HAZARD;HAZARD_ON_ROAD_POT_HOLE;"Conselheiro Lafaiete";"Av. Prof. Manoel Martins";5;10;0;-20.6560800;-43.7914990;1789473336000;2026-09-15T11:59:04+00:00;"15/09/2026 08:59:04"
269;29a549d2-0de4-483b-985d-5c122ec4fdb9;HAZARD;HAZARD_ON_ROAD_CONSTRUCTION;"Conselheiro Lafaiete";"R. Alexandrina Nogueira de Queiroz";0;5;0;-20.6750380;-43.7819030;1789473266000;2026-09-15T11:55:05+00:00;"15/09/2026 08:55:05"
268;f32bf6c0-53c7-4805-a5b2-6d5243b23b2a;HAZARD;HAZARD_ON_SHOULDER_CAR_STOPPED;"Conselheiro Lafaiete";"BR-040 Rod. Pres. Juscelino Kubitschek";0;5;0;-20.6554590;-43.8069810;1789473097000;2026-09-15T11:53:03+00:00;"15/09/2026 08:53:03"
267;fbf9773f-042a-477c-af1b-2cf3f2fa607b;HAZARD;HAZARD_ON_ROAD_POT_HOLE;"Conselheiro Lafaiete";"R. Geraldo Anjo";0;6;0;-20.6618450;-43.7706480;1789472406000;2026-09-15T11:41:04+00:00;"15/09/2026 08:41:04"
266;e2e0d1c0-8685-4bbf-bfe8-39fccaea19a5;HAZARD;HAZARD_ON_ROAD_POT_HOLE;"Conselheiro Lafaiete";"R. Amazonas";5;10;0;-20.6692720;-43.7778400;1789470761000;2026-09-15T11:13:04+00:00;"15/09/2026 08:13:04"
265;3b3ba01d-711a-4872-b125-2fb10a381af1;HAZARD;HAZARD_ON_ROAD;"Conselheiro Lafaiete";"R. Santa Efigênia";0;5;0;-20.6425470;-43.7921280;1789470427000;2026-09-15T11:09:04+00:00;"15/09/2026 08:09:04"
264;b8e0a620-81e9-434f-95fa-9d237e6f265d;JAM;JAM_HEAVY_TRAFFIC;"Conselheiro Lafaiete";"R. Dr. José Lopes de Assis";0;5;0;-20.6592330;-43.7829820;1789469816000;2026-09-15T10:59:03+00:00;"15/09/2026 07:59:03"
261;2e2df80a-fe9a-4a2f-9579-53eb9eaae790;HAZARD;HAZARD_ON_ROAD_POT_HOLE;"Conselheiro Lafaiete";"R. Aristides Francisco Pinto";1;7;0;-20.6804450;-43.7850160;1789468607000;2026-09-15T10:39:03+00:00;"15/09/2026 07:39:03"
262;22ec7715-6b27-4906-93ad-cb42bcd8d676;HAZARD;HAZARD_ON_ROAD_POT_HOLE;"Conselheiro Lafaiete";"R. Aristides Francisco Pinto";5;10;0;-20.6798690;-43.7851610;1789468628000;2026-09-15T10:39:03+00:00;"15/09/2026 07:39:03"
263;08711d0d-310e-463b-bb8a-4a6199b667ad;HAZARD;HAZARD_ON_ROAD_POT_HOLE;"Conselheiro Lafaiete";"R. Aristides Francisco Pinto";2;10;0;-20.6839530;-43.7842070;1789468539000;2026-09-15T10:39:03+00:00;"15/09/2026 07:39:03"
260;5cbe707c-a96b-4ea0-bf40-b30ae3b37ef6;HAZARD;HAZARD_ON_ROAD;"Conselheiro Lafaiete";;0;7;0;-20.6558190;-43.8046110;1789466246000;2026-09-15T09:59:04+00:00;"15/09/2026 06:59:04"
259;3fd6223a-ca40-4b63-a3b7-2bc122343adb;HAZARD;HAZARD_WEATHER_FLOOD;"Conselheiro Lafaiete";"BR-040 Rod. Pres. Juscelino Kubitschek";5;10;0;-20.6427020;-43.8122170;1789455995000;2026-09-15T07:09:03+00:00;"15/09/2026 04:09:03"
257;582e9bc9-d483-454c-9e6d-8f6d43be7c3d;HAZARD;HAZARD_WEATHER_FLOOD;"Conselheiro Lafaiete";"BR-040 Rod. Pres. Juscelino Kubitschek";0;5;0;-20.6371920;-43.8140190;1789447832000;2026-09-15T04:53:04+00:00;"15/09/2026 01:53:04"
258;8adeb3c5-ec68-46d5-a063-a6e57688f793;HAZARD;HAZARD_WEATHER_FLOOD;"Conselheiro Lafaiete";"BR-040 Rod. Pres. Juscelino Kubitschek";0;6;0;-20.6411270;-43.8132090;1789447868000;2026-09-15T04:53:04+00:00;"15/09/2026 01:53:04"
256;0cd018c8-e9f2-4595-b073-8da00bc0d865;HAZARD;HAZARD_ON_ROAD_POT_HOLE;"Conselheiro Lafaiete";"R. Oscar Reinaldo";2;9;0;-20.6671620;-43.7794700;1789433019000;2026-09-15T00:47:35+00:00;"14/09/2026 21:47:35"
254;f4beddd6-27f5-46e9-991c-7a4973dfb9e3;HAZARD;HAZARD_ON_ROAD_POT_HOLE;"Conselheiro Lafaiete";"R. Santa Efigênia";4;10;0;-20.6484960;-43.7892320;1789428970000;2026-09-14T23:39:35+00:00;"14/09/2026 20:39:35"
255;106e684e-596c-4619-bf7f-9deb2332c524;HAZARD;HAZARD_WEATHER_FOG;;"MG-129 Rod. Eng. Ary Belisário";1;7;0;-20.6332190;-43.7826240;1789429169000;2026-09-14T23:39:35+00:00;"14/09/2026 20:39:35"
251;99346069-edd7-4693-88fe-276589b8e98c;HAZARD;HAZARD_ON_ROAD_POT_HOLE;"Conselheiro Lafaiete";"R. Santa Efigênia";0;7;0;-20.6520700;-43.7890850;1789428901000;2026-09-14T23:35:36+00:00;"14/09/2026 20:35:36"
252;8ff8a53d-cfbb-4e46-a14c-80c2478c8cad;HAZARD;HAZARD_ON_ROAD_POT_HOLE;"Conselheiro Lafaiete";"R. Santa Efigênia";5;10;0;-20.6505370;-43.7887590;1789428924000;2026-09-14T23:35:36+00:00;"14/09/2026 20:35:36"
253;29a8901c-bf95-4871-aee8-6af52aeb14e0;HAZARD;HAZARD_ON_ROAD_POT_HOLE;"Conselheiro Lafaiete";"R. Santa Efigênia";0;8;0;-20.6502330;-43.7886310;1789428934000;2026-09-14T23:35:36+00:00;"14/09/2026 20:35:36"
250;9d8223b6-0bbe-4ea6-91d3-2d9b9389e323;HAZARD;HAZARD_WEATHER;"Conselheiro Lafaiete";"R. Cassimiro Adriano da Silva";0;5;0;-20.6560710;-43.8004690;1789422904000;2026-09-14T21:55:36+00:00;"14/09/2026 18:55:36"
249;1bd4d3ba-00d3-471a-a595-5039c67627cd;HAZARD;HAZARD_ON_ROAD_POT_HOLE;"Conselheiro Lafaiete";"R. Adolfo Siqueira";5;10;0;-20.6747660;-43.7830720;1789421908000;2026-09-14T21:39:36+00:00;"14/09/2026 18:39:36"
248;6377ace5-0e71-4122-8687-304a42325c4c;JAM;JAM_HEAVY_TRAFFIC;"Conselheiro Lafaiete";"BR-040 S Rod. Pres. Juscelino Kubitschek";0;5;0;-20.6487740;-43.8095690;1789419437000;2026-09-14T20:57:35+00:00;"14/09/2026 17:57:35"
247;4a589173-9ecc-4db9-8fd1-ae8bccf69e99;JAM;;"Conselheiro Lafaiete";"R. Maria Elizena Vieira";0;5;0;-20.6675850;-43.8045640;1789416363000;2026-09-14T20:07:35+00:00;"14/09/2026 17:07:35"
246;24b27b10-8b22-4277-a726-98b59519f59f;HAZARD;HAZARD_ON_ROAD_LANE_CLOSED;"Conselheiro Lafaiete";"BR-040 Rod. Pres. Juscelino Kubitschek";0;5;0;-20.6703580;-43.8003640;1789416075000;2026-09-14T20:01:35+00:00;"14/09/2026 17:01:35"
245;135649e7-9785-40b4-899f-15a105897aca;HAZARD;HAZARD_ON_ROAD_CONSTRUCTION;"Conselheiro Lafaiete";"BR-040 S Rod. Pres. Juscelino Kubitschek";2;10;0;-20.6777450;-43.7944780;1789414790000;2026-09-14T19:43:35+00:00;"14/09/2026 16:43:35"
244;25b57e3f-bd7a-42f3-9eb0-13c40de6e232;JAM;;"Conselheiro Lafaiete";"Vd. Duartina Nogueira de Rezende";0;5;0;-20.6606860;-43.7957660;1789414490000;2026-09-14T19:35:36+00:00;"14/09/2026 16:35:36"
242;6e7eacdf-8cff-40c0-9ed8-11faf3e157d2;HAZARD;HAZARD_ON_ROAD_POT_HOLE;"Conselheiro Lafaiete";MGC-482;5;10;0;-20.6581620;-43.7710840;1789413664000;2026-09-14T19:21:35+00:00;"14/09/2026 16:21:35"
243;635457ef-a87b-4abc-902c-7e5d3e8c918a;HAZARD;HAZARD_ON_ROAD_POT_HOLE;"Conselheiro Lafaiete";MGC-482;5;10;0;-20.6578170;-43.7730130;1789413689000;2026-09-14T19:21:35+00:00;"14/09/2026 16:21:35"
240;8c03036b-a51d-48c1-b885-4bd204dace6f;HAZARD;HAZARD_ON_ROAD_POT_HOLE;"Conselheiro Lafaiete";"Av. Mal. Floriano Peixoto";5;10;0;-20.6601240;-43.7960140;1789413165000;2026-09-14T19:13:35+00:00;"14/09/2026 16:13:35"
241;f5f699b1-62c9-469b-b636-ec192fd358f2;HAZARD;HAZARD_ON_ROAD_CONSTRUCTION;"Conselheiro Lafaiete";;0;5;0;-20.6774870;-43.7943500;1789413202000;2026-09-14T19:13:35+00:00;"14/09/2026 16:13:35"
239;51517f2c-b3b6-4de8-9504-cd662fda17a2;HAZARD;HAZARD_ON_ROAD_POT_HOLE;"Conselheiro Lafaiete";"R. Geraldo Francisco da Silva";0;5;0;-20.6468900;-43.7985830;1789411637000;2026-09-14T18:49:36+00:00;"14/09/2026 15:49:36"
237;a19a54a8-5239-4bc4-a9a4-914c7f7277c1;HAZARD;HAZARD_ON_ROAD_POT_HOLE;"Conselheiro Lafaiete";"R. Eurides Gonçalves da Cunha";5;10;0;-20.6665610;-43.7755380;1789407405000;2026-09-14T17:39:35+00:00;"14/09/2026 14:39:35"
238;9359d8f1-85e2-40c9-8e0e-51fbe1050c45;HAZARD;HAZARD_ON_ROAD_POT_HOLE;"Conselheiro Lafaiete";"R. Eurides Gonçalves da Cunha";5;10;0;-20.6669970;-43.7752570;1789407415000;2026-09-14T17:39:35+00:00;"14/09/2026 14:39:35"
232;9926013e-ac9e-47ee-afc2-5d22cf5a5e38;HAZARD;HAZARD_ON_ROAD_POT_HOLE;"Conselheiro Lafaiete";"R. Joemy Faria";4;10;0;-20.6623290;-43.7717610;1789407231000;2026-09-14T17:35:36+00:00;"14/09/2026 14:35:36"
233;3ee9f300-39e0-47a7-a0ea-059ae463531f;HAZARD;HAZARD_ON_ROAD_POT_HOLE;"Conselheiro Lafaiete";"R. Joemy Faria";5;10;0;-20.6621860;-43.7725160;1789407243000;2026-09-14T17:35:36+00:00;"14/09/2026 14:35:36"
234;2de65d73-756b-4ae5-87fc-7b9623db1722;HAZARD;HAZARD_ON_ROAD_POT_HOLE;"Conselheiro Lafaiete";"R. Joemy Faria";0;8;0;-20.6618840;-43.7704560;1789407207000;2026-09-14T17:35:36+00:00;"14/09/2026 14:35:36"
235;13626b6d-3b2f-4ea7-b5c7-723a5e1df6e9;HAZARD;HAZARD_ON_ROAD_POT_HOLE;"Conselheiro Lafaiete";"R. Josefina Martins";4;10;0;-20.6579230;-43.7678840;1789407134000;2026-09-14T17:35:36+00:00;"14/09/2026 14:35:36"
236;11c29853-e730-4ed8-a93f-124426fd837d;HAZARD;HAZARD_ON_SHOULDER_CAR_STOPPED;;"BR-040 Rod. Pres. Juscelino Kubitschek";1;9;0;-20.6969220;-43.7913870;1789407303000;2026-09-14T17:35:36+00:00;"14/09/2026 14:35:36"
231;ffba8435-8500-46f3-b2b6-37092ca683b9;HAZARD;HAZARD_ON_ROAD_LANE_CLOSED;"Conselheiro Lafaiete";"BR-040 Rod. Pres. Juscelino Kubitschek";0;5;0;-20.6414120;-43.8130280;1789396919000;2026-09-14T14:43:35+00:00;"14/09/2026 11:43:35"
229;5fe75feb-f44a-43a8-b757-d98c8e6dc042;HAZARD;HAZARD_ON_ROAD_POT_HOLE;"Conselheiro Lafaiete";"R. Des. Dayrell de Lima";5;10;0;-20.6580180;-43.7847510;1789395153000;2026-09-14T14:15:35+00:00;"14/09/2026 11:15:35"
230;b1883334-c144-4bec-88df-bfcb8877eea2;HAZARD;HAZARD_ON_ROAD_POT_HOLE;"Conselheiro Lafaiete";"R. Barão de Suassuí";5;10;0;-20.6577470;-43.7851540;1789395165000;2026-09-14T14:15:35+00:00;"14/09/2026 11:15:35"
226;ca6d2388-00ab-4c33-b707-d843e4c0a46e;HAZARD;HAZARD_ON_ROAD_POT_HOLE;"Conselheiro Lafaiete";"R. Amazonas";0;7;0;-20.6692090;-43.7777510;1789394766000;2026-09-14T14:09:35+00:00;"14/09/2026 11:09:35"
227;3b6c903d-5edb-4d5d-aea4-45e67515cee2;HAZARD;HAZARD_ON_ROAD_POT_HOLE;"Conselheiro Lafaiete";"R. Joemy Faria";1;10;0;-20.6687900;-43.7776880;1789394778000;2026-09-14T14:09:35+00:00;"14/09/2026 11:09:35"
228;8d29c8f8-7a9d-4d24-aeef-aec7e3fd5031;HAZARD;HAZARD_ON_ROAD_POT_HOLE;"Conselheiro Lafaiete";"R. Joemy Faria";5;10;0;-20.6664350;-43.7766020;1789394830000;2026-09-14T14:09:35+00:00;"14/09/2026 11:09:35"
225;b9d44b7d-c6ec-4ac8-a5d0-fc65c0547cd2;HAZARD;HAZARD_ON_ROAD_POT_HOLE;"Conselheiro Lafaiete";"R. Amazonas";5;10;0;-20.6707050;-43.7797850;1789394732000;2026-09-14T14:05:35+00:00;"14/09/2026 11:05:35"
221;eb142250-5bbf-4e05-8658-c141f582e295;HAZARD;HAZARD_ON_ROAD_POT_HOLE;"Conselheiro Lafaiete";"R. Amazonas";1;10;0;-20.6730190;-43.7817640;1789394448000;2026-09-14T14:01:36+00:00;"14/09/2026 11:01:36"
222;6843cbce-cbc4-4396-93d2-19c624024c8b;HAZARD;HAZARD_ON_ROAD_POT_HOLE;"Conselheiro Lafaiete";"R. Amazonas";5;10;0;-20.6728590;-43.7815520;1789394453000;2026-09-14T14:01:36+00:00;"14/09/2026 11:01:36"
223;7c373958-1df1-41cc-9690-422e947c4624;HAZARD;HAZARD_ON_ROAD_POT_HOLE;"Conselheiro Lafaiete";"R. Amazonas";4;10;0;-20.6711980;-43.7801640;1789394461000;2026-09-14T14:01:36+00:00;"14/09/2026 11:01:36"
224;2ef96765-35df-4a02-bdd8-2f8a995e101a;HAZARD;HAZARD_ON_ROAD_CAR_STOPPED;"Conselheiro Lafaiete";"BR-040 Rod. Pres. Juscelino Kubitschek";0;6;0;-20.6845100;-43.7930410;1789394432000;2026-09-14T14:01:36+00:00;"14/09/2026 11:01:36"
220;224c6473-eeb8-4338-8821-3c1627f0b6a0;HAZARD;HAZARD_WEATHER_FLOOD;"Conselheiro Lafaiete";"BR-040 Rod. Pres. Juscelino Kubitschek";5;10;0;-20.6412160;-43.8131520;1789393996000;2026-09-14T13:53:36+00:00;"14/09/2026 10:53:36"
219;437d5d9f-c02f-4119-afad-2403b985cef8;HAZARD;HAZARD_ON_SHOULDER_CAR_STOPPED;"Conselheiro Lafaiete";"Pç. Barão de Queluz";0;5;0;-20.6605560;-43.7868890;1789393005000;2026-09-14T13:37:35+00:00;"14/09/2026 10:37:35"
215;c62b8ea0-a0e5-451d-a3ff-4a46f95cda9d;HAZARD;HAZARD_ON_ROAD_POT_HOLE;"Conselheiro Lafaiete";"Av. Prof. Manoel Martins";5;10;0;-20.6529620;-43.7893900;1789391275000;2026-09-14T13:09:36+00:00;"14/09/2026 10:09:36"
216;f2201f8e-9c61-471d-853f-b4404a08043f;HAZARD;HAZARD_ON_SHOULDER_CAR_STOPPED;"Conselheiro Lafaiete";"Av. Prof. Manoel Martins";0;5;0;-20.6541130;-43.7903990;1789391298000;2026-09-14T13:09:36+00:00;"14/09/2026 10:09:36"
217;2835aa78-085d-4a21-9c2e-cdd7ecec0895;HAZARD;HAZARD_ON_ROAD_POT_HOLE;"Conselheiro Lafaiete";"Av. Prof. Manoel Martins";3;10;0;-20.6566900;-43.7916750;1789391343000;2026-09-14T13:09:36+00:00;"14/09/2026 10:09:36"
218;8b39dada-1146-4ed4-a1a6-bae9b8deb2bc;HAZARD;HAZARD_ON_SHOULDER_CAR_STOPPED;"Conselheiro Lafaiete";"Av. Prof. Manoel Martins";1;7;0;-20.6571690;-43.7918180;1789391353000;2026-09-14T13:09:36+00:00;"14/09/2026 10:09:36"
211;08ff46ce-19ca-40ef-9494-426b74759420;HAZARD;HAZARD_ON_ROAD_POT_HOLE;"Conselheiro Lafaiete";"R. Santa Efigênia";5;10;0;-20.6501740;-43.7886050;1789391169000;2026-09-14T13:07:35+00:00;"14/09/2026 10:07:35"
212;16f18ead-bb72-4bc2-a442-6661433e5d0c;HAZARD;HAZARD_ON_SHOULDER_CAR_STOPPED;"Conselheiro Lafaiete";"R. Santa Efigênia";0;8;0;-20.6509480;-43.7889390;1789391190000;2026-09-14T13:07:35+00:00;"14/09/2026 10:07:35"
213;cc61ffe9-6abb-4593-8a0c-578e7f6b7ffb;HAZARD;HAZARD_ON_ROAD_POT_HOLE;"Conselheiro Lafaiete";"R. Santa Efigênia";5;10;0;-20.6510910;-43.7889990;1789391217000;2026-09-14T13:07:35+00:00;"14/09/2026 10:07:35"
214;3ff6f358-c34c-4fa8-a1aa-443235dad1d4;HAZARD;HAZARD_ON_ROAD_POT_HOLE;"Conselheiro Lafaiete";"R. Santa Efigênia";5;10;0;-20.6518670;-43.7890930;1789391237000;2026-09-14T13:07:35+00:00;"14/09/2026 10:07:35"
210;9e3b9190-da6d-4a4a-a3a2-413e4fa7e3f3;HAZARD;HAZARD_WEATHER_FLOOD;"Conselheiro Lafaiete";"BR-040 Rod. Pres. Juscelino Kubitschek";5;10;0;-20.6410350;-43.8132690;1789391047000;2026-09-14T13:05:35+00:00;"14/09/2026 10:05:35"
208;65bfea3c-2ae1-4826-9b08-2ae81d4d586b;HAZARD;HAZARD_WEATHER_FLOOD;"Conselheiro Lafaiete";"MG-129 Rod. Eng. Ary Belisário";0;5;0;-20.6420790;-43.7917640;1789390989000;2026-09-14T13:03:35+00:00;"14/09/2026 10:03:35"
209;b6dfa817-bf69-4c47-a235-9f09f4490fae;HAZARD;HAZARD_WEATHER_FLOOD;"Conselheiro Lafaiete";"BR-040 Rod. Pres. Juscelino Kubitschek";0;5;0;-20.6292500;-43.8098790;1789390925000;2026-09-14T13:03:35+00:00;"14/09/2026 10:03:35"
207;920f49fa-7d2f-4869-ba7a-349ed8e1bc37;HAZARD;HAZARD_ON_ROAD;"Conselheiro Lafaiete";"BR-040 Rod. Pres. Juscelino Kubitschek";0;5;0;-20.6422880;-43.8124770;1789390508000;2026-09-14T12:57:35+00:00;"14/09/2026 09:57:35"
206;f7d14a9c-27fa-4c60-b1e6-c3bcf907c009;HAZARD;HAZARD_WEATHER;;"BR-040 N Rod. Pres. Juscelino Kubitschek";0;5;0;-20.6563810;-43.8033950;1789390032000;2026-09-14T12:47:35+00:00;"14/09/2026 09:47:35"
205;18e94fa3-4367-40de-b011-f3a01f6e3336;HAZARD;HAZARD_ON_ROAD;"Conselheiro Lafaiete";"BR-040 Rod. Pres. Juscelino Kubitschek";0;6;0;-20.6435140;-43.8116980;1789389801000;2026-09-14T12:43:54+00:00;"14/09/2026 09:43:54"
204;a7ed9259-85ee-4f65-8b0e-ab376408e7dc;ACCIDENT;ACCIDENT_MAJOR;"Conselheiro Lafaiete";"BR-040 Rod. Pres. Juscelino Kubitschek";0;6;0;-20.6691990;-43.8017350;1789388851000;2026-09-14T12:27:36+00:00;"14/09/2026 09:27:36"
203;e3f11983-bb5e-4f46-873e-5f1d43f5e1d2;HAZARD;HAZARD_WEATHER;"Conselheiro Lafaiete";"BR-040 Rod. Pres. Juscelino Kubitschek";5;10;0;-20.6740620;-43.7964700;1789386769000;2026-09-14T11:53:36+00:00;"14/09/2026 08:53:36"
202;1390dc03-9de0-4025-83f3-e5a66be76130;HAZARD;HAZARD_WEATHER;"Conselheiro Lafaiete";"R. Nair Vieira Barbosa";0;5;0;-20.6695100;-43.8106360;1789368495000;2026-09-14T06:49:54+00:00;"14/09/2026 03:49:54"
201;88496fed-26d4-44bc-bf20-1dfa74e60958;HAZARD;HAZARD_ON_SHOULDER_CAR_STOPPED;"Conselheiro Lafaiete";"BR-040 Rod. Pres. Juscelino Kubitschek";0;5;0;-20.6556570;-43.8061690;1789341711000;2026-09-13T23:21:57+00:00;"13/09/2026 20:21:57"
200;bd6b0cb3-1b8a-4cb8-9a04-aefc7093e505;HAZARD;HAZARD_ON_ROAD_POT_HOLE;;"BR-040 Rod. Pres. Juscelino Kubitschek";3;10;0;-20.6640530;-43.8032890;1789341224000;2026-09-13T23:15:56+00:00;"13/09/2026 20:15:56"
199;eb9a876d-d3c2-42e5-a1f8-87f2bfb7da85;HAZARD;HAZARD_ON_SHOULDER_CAR_STOPPED;"Conselheiro Lafaiete";"BR-040 Rod. Pres. Juscelino Kubitschek";4;10;0;-20.6847460;-43.7928900;1789340985000;2026-09-13T23:09:56+00:00;"13/09/2026 20:09:56"
198;d2343963-5179-4d95-97a2-b0b87f87871b;HAZARD;HAZARD_ON_ROAD_POT_HOLE;"Conselheiro Lafaiete";MGC-482;5;10;0;-20.6584360;-43.7694360;1789336758000;2026-09-13T22:02:09+00:00;"13/09/2026 19:02:09"
161;212b4102-ddb3-4cde-a20a-7efc30b6bb5b;ROAD_CLOSED;;"Conselheiro Lafaiete";"R. Narciso Jr.";0;6;0;-20.6586230;-43.7883060;1789049025000;2026-09-13T21:29:23+00:00;"13/09/2026 18:29:23"
162;f8053d1e-2b58-404a-8791-4068cdede122;HAZARD;HAZARD_ON_ROAD_POT_HOLE;"Conselheiro Lafaiete";"R. Geraldo Anjo";2;10;0;-20.6606540;-43.7712970;1789134817000;2026-09-13T21:29:23+00:00;"13/09/2026 18:29:23"
163;56af5512-a620-4faa-8d73-55ac9d8777ee;ROAD_CLOSED;;"Conselheiro Lafaiete";;1;8;1;-20.6811750;-43.7947270;1785417036000;2026-09-13T21:29:23+00:00;"13/09/2026 18:29:23"
164;6ee3de3d-ac88-4c56-9103-9cc62563d1cc;ROAD_CLOSED;;"Conselheiro Lafaiete";;1;8;1;-20.6819560;-43.7954820;1785417035000;2026-09-13T21:29:23+00:00;"13/09/2026 18:29:23"
165;c5330f54-635b-4250-9bd3-6991c5e7fea4;ROAD_CLOSED;;"Conselheiro Lafaiete";"R. Narciso Jr.";0;6;0;-20.6581540;-43.7887860;1789049025000;2026-09-13T21:29:23+00:00;"13/09/2026 18:29:23"
166;1ae23145-7752-49e4-b09d-fbc567c7ce9f;HAZARD;HAZARD_ON_ROAD_POT_HOLE;"Conselheiro Lafaiete";"R. Geraldo Anjo";5;10;0;-20.6616700;-43.7707220;1788956135000;2026-09-13T21:29:23+00:00;"13/09/2026 18:29:23"
167;a0b82bc3-ad35-4403-adab-9040a298852f;HAZARD;HAZARD_ON_ROAD_POT_HOLE;"Conselheiro Lafaiete";"R. Antônio Reis";2;10;0;-20.6712360;-43.7780780;1789265936000;2026-09-13T21:29:23+00:00;"13/09/2026 18:29:23"
168;cce0a3d9-b479-4692-a89a-50c927072c36;HAZARD;HAZARD_ON_ROAD_POT_HOLE;"Conselheiro Lafaiete";"R. Augusto Lelles";5;10;0;-20.6600100;-43.7807830;1788955821000;2026-09-13T21:29:23+00:00;"13/09/2026 18:29:23"
169;7a546ba7-2418-4604-b28b-1b93da7303f8;HAZARD;HAZARD_ON_ROAD_POT_HOLE;"Conselheiro Lafaiete";"R. Eugenio Pereira";5;10;0;-20.6725100;-43.7819740;1789215421000;2026-09-13T21:29:23+00:00;"13/09/2026 18:29:23"
170;216a73c1-c7d7-47e8-8f3d-36a96dc5c2a3;HAZARD;HAZARD_ON_ROAD_POT_HOLE;"Conselheiro Lafaiete";"R. Capitão Alfredo Albino";2;10;0;-20.6700200;-43.7835410;1789265784000;2026-09-13T21:29:23+00:00;"13/09/2026 18:29:23"
171;f146c06f-6781-49a8-9993-516a1728ffd1;HAZARD;HAZARD_ON_ROAD_POT_HOLE;"Conselheiro Lafaiete";"R. Joemy Faria";5;10;0;-20.6621380;-43.7707560;1789333055000;2026-09-13T21:29:23+00:00;"13/09/2026 18:29:23"
172;e921559e-90c5-4761-86c8-411697d001c5;HAZARD;HAZARD_ON_ROAD_POT_HOLE;"Conselheiro Lafaiete";"R. Joemy Faria";5;10;0;-20.6610510;-43.7698520;1788899325000;2026-09-13T21:29:23+00:00;"13/09/2026 18:29:23"
173;e577e180-daf0-45d4-9afb-85ec0fcf448f;ROAD_CLOSED;;"Conselheiro Lafaiete";"Av. Mal. Floriano Peixoto";0;6;0;-20.6576690;-43.7987610;1789250113000;2026-09-13T21:29:23+00:00;"13/09/2026 18:29:23"
174;f3f0df5b-271a-4b9b-a2f5-7020309109a1;ROAD_CLOSED;;"Conselheiro Lafaiete";"Av. Mal. Floriano Peixoto";0;6;0;-20.6576690;-43.7987610;1789250113000;2026-09-13T21:29:23+00:00;"13/09/2026 18:29:23"
175;d21f19e6-27a2-4328-b9df-7fc24b6227c3;ROAD_CLOSED;;"Conselheiro Lafaiete";"Av. Mal. Floriano Peixoto";0;6;0;-20.6572450;-43.8000350;1789250113000;2026-09-13T21:29:23+00:00;"13/09/2026 18:29:23"
176;7197b1cb-b50c-487e-ab40-9722eb207b9d;HAZARD;HAZARD_ON_ROAD_POT_HOLE;"Conselheiro Lafaiete";"Av. Mal. Floriano Peixoto";5;10;0;-20.6601900;-43.7959840;1789151618000;2026-09-13T21:29:23+00:00;"13/09/2026 18:29:23"
177;a0160bf9-3f10-4242-b31a-d27b7f31ad39;ROAD_CLOSED;;"Conselheiro Lafaiete";"Av. Mal. Floriano Peixoto";0;6;0;-20.6580070;-43.7981540;1789250114000;2026-09-13T21:29:23+00:00;"13/09/2026 18:29:23"
178;0767a8a0-ed78-4ace-b559-cef9c6e2034d;ROAD_CLOSED;;"Conselheiro Lafaiete";"R. Valério Eugênio";0;7;1;-20.6562710;-43.8019560;1789250008000;2026-09-13T21:29:23+00:00;"13/09/2026 18:29:23"
179;0566deb7-ae88-4f5f-afad-8880f19e65c9;HAZARD;HAZARD_ON_ROAD_POT_HOLE;"Conselheiro Lafaiete";"R. Izidoro Cardoso";5;10;0;-20.6658880;-43.7938200;1789241314000;2026-09-13T21:29:23+00:00;"13/09/2026 18:29:23"
180;7ed72e09-3051-42e3-8144-d1cbab2bb3e6;ROAD_CLOSED;;"Conselheiro Lafaiete";"R. Valério Eugênio";0;6;1;-20.6569280;-43.8006430;1789250008000;2026-09-13T21:29:23+00:00;"13/09/2026 18:29:23"
181;f7d6b4d4-032c-409f-bcce-8240c52efe1e;HAZARD;HAZARD_ON_ROAD_POT_HOLE;"Conselheiro Lafaiete";"R. Joemy Faria";5;10;0;-20.6635580;-43.7757990;1789160336000;2026-09-13T21:29:23+00:00;"13/09/2026 18:29:23"
182;cf154727-6c17-4ba1-9af9-4e21c4825c31;HAZARD;HAZARD_ON_ROAD_POT_HOLE;"Conselheiro Lafaiete";"R. Joemy Faria";5;10;0;-20.6652640;-43.7759740;1789319687000;2026-09-13T21:29:23+00:00;"13/09/2026 18:29:23"
183;336bd201-52e6-4065-9936-cf24eda676be;HAZARD;HAZARD_ON_ROAD_POT_HOLE;"Conselheiro Lafaiete";"R. Alfredo Elias Mafuz";4;10;0;-20.6726080;-43.7845380;1789326266000;2026-09-13T21:29:23+00:00;"13/09/2026 18:29:23"
184;17c33ff3-5703-4f37-8ebe-04a5c07438ca;HAZARD;HAZARD_ON_ROAD_POT_HOLE;"Conselheiro Lafaiete";"R. Alfredo Elias Mafuz";5;10;0;-20.6750300;-43.7851630;1789232301000;2026-09-13T21:29:23+00:00;"13/09/2026 18:29:23"
185;42e398ba-2dab-4071-928f-c1f528bfde65;HAZARD;HAZARD_ON_ROAD;"Conselheiro Lafaiete";"R. Joemy Faria";0;5;0;-20.6628940;-43.7755450;1789332962000;2026-09-13T21:29:23+00:00;"13/09/2026 18:29:23"
186;5987e4e1-98e3-4802-8af2-aa07b17463cd;HAZARD;HAZARD_ON_ROAD_POT_HOLE;"Conselheiro Lafaiete";"R. Joemy Faria";5;10;0;-20.6624630;-43.7751020;1789062995000;2026-09-13T21:29:23+00:00;"13/09/2026 18:29:23"
187;362fe3ea-a130-4e00-8b80-8d5479ea05ee;HAZARD;HAZARD_ON_ROAD_POT_HOLE;"Conselheiro Lafaiete";"R. Joemy Faria";5;10;0;-20.6623430;-43.7712940;1789333041000;2026-09-13T21:29:23+00:00;"13/09/2026 18:29:23"
188;801b1b4e-b4c7-4b49-a0c7-cbd98934e20b;ROAD_CLOSED;;"Conselheiro Lafaiete";"R. Djalma Duarte";1;8;1;-20.6693070;-43.7688340;1783031135000;2026-09-13T21:29:23+00:00;"13/09/2026 18:29:23"
189;540a873e-adf2-4e5c-b5db-fefdd2c14574;ROAD_CLOSED;;"Conselheiro Lafaiete";"R. Djalma Duarte";1;8;1;-20.6691310;-43.7676110;1783031135000;2026-09-13T21:29:23+00:00;"13/09/2026 18:29:23"
190;0e442a9a-8b10-490d-8c5e-50453e699980;HAZARD;HAZARD_ON_ROAD_POT_HOLE;"Conselheiro Lafaiete";"R. Joemy Faria";5;10;0;-20.6589860;-43.7682030;1789147529000;2026-09-13T21:29:23+00:00;"13/09/2026 18:29:23"
191;98648ba6-f2e3-4b55-b3ce-29d4ae55b3af;HAZARD;HAZARD_ON_ROAD_POT_HOLE;"Conselheiro Lafaiete";"R. Joemy Faria";5;10;0;-20.6591100;-43.7683000;1789059132000;2026-09-13T21:29:23+00:00;"13/09/2026 18:29:23"
192;d65f8bda-f91b-4b52-b4cc-0fa476b2ceee;HAZARD;HAZARD_ON_ROAD_POT_HOLE;"Conselheiro Lafaiete";"R. Joemy Faria";5;10;0;-20.6598930;-43.7689310;1788888213000;2026-09-13T21:29:23+00:00;"13/09/2026 18:29:23"
193;7101d183-aa45-4378-85f8-94c839e1a623;HAZARD;HAZARD_ON_ROAD_POT_HOLE;"Conselheiro Lafaiete";"Av. Prof. Manoel Martins";5;10;0;-20.6582420;-43.7923460;1789325252000;2026-09-13T21:29:23+00:00;"13/09/2026 18:29:23"
194;1f0131a8-3123-4f83-ab8d-cc2051f882b0;HAZARD;HAZARD_ON_ROAD_POT_HOLE;"Conselheiro Lafaiete";"Av. Prof. Manoel Martins";5;10;0;-20.6559540;-43.7914640;1789325158000;2026-09-13T21:29:23+00:00;"13/09/2026 18:29:23"
195;096fb8ea-2e7c-48d4-8169-cc98caba650d;HAZARD;HAZARD_ON_ROAD_POT_HOLE;"Conselheiro Lafaiete";MGC-482;5;10;0;-20.6578720;-43.7733780;1789160309000;2026-09-13T21:29:23+00:00;"13/09/2026 18:29:23"
196;5844c5b0-3a2d-4cdc-a639-c4ae1b8e84e4;HAZARD;HAZARD_ON_ROAD_POT_HOLE;"Conselheiro Lafaiete";MGC-482;5;10;0;-20.6580510;-43.7716570;1789251433000;2026-09-13T21:29:23+00:00;"13/09/2026 18:29:23"
197;dc1d7f88-164d-4415-97fb-af5738320f4b;HAZARD;HAZARD_ON_ROAD_POT_HOLE;"Conselheiro Lafaiete";MGC-482;5;10;0;-20.6584180;-43.7696070;1789324459000;2026-09-13T21:29:23+00:00;"13/09/2026 18:29:23"
