ID;UUID;Status;Nível;"Nível (label)";"Atraso (s)";"Atraso (min)";"Velocidade (km/h)";"Extensão (m)";"Extensão (km)";"Duração (min)";Rua;Cidade;País;"Pontos da linha";"Coletado em";"Visto pela última vez";Ativo
26126;105196988;Congestionamento;3;Alto;129;2.2;4.260;192;0.192;6;"R. Eurides Gonçalves da Cunha";"Conselheiro Lafaiete";BR;3;"2026-09-27 23:27:12";"2026-09-27 23:33:12";não
26101;105060878;Congestionamento;3;Alto;90;1.5;7.350;248;0.248;0;"R. Volta Redonda";"Conselheiro Lafaiete";BR;6;"2026-09-27 23:23:12";"2026-09-27 23:23:12";não
25980;104086432;Congestionamento;4;"Muito alto";142;2.4;3.990;184;0.184;0;"R. José Noronha de Menezes";"Conselheiro Lafaiete";BR;2;"2026-09-27 23:07:16";"2026-09-27 23:07:16";não
25954;103818544;Congestionamento;3;Alto;83;1.4;6.480;229;0.229;6;"R. José Silva Cardoso";"Conselheiro Lafaiete";BR;4;"2026-09-27 23:05:12";"2026-09-27 23:11:12";não
25882;103143824;Congestionamento;4;"Muito alto";149;2.5;4.410;218;0.218;4;"R. Duque de Caxias";"Conselheiro Lafaiete";BR;8;"2026-09-27 22:53:12";"2026-09-27 22:57:12";não
25761;102415372;Congestionamento;4;"Muito alto";145;2.4;3.560;160;0.16;10;"R. Antônio de Rezende Neiva";"Conselheiro Lafaiete";BR;2;"2026-09-27 22:39:12";"2026-09-27 22:49:19";não
25762;102461516;Congestionamento;3;Alto;120;2;4.240;186;0.186;0;"R. Antônio Carlos de Souza Júnior";"Conselheiro Lafaiete";BR;2;"2026-09-27 22:39:12";"2026-09-27 22:39:12";não
25714;102153900;Congestionamento;3;Alto;97;1.6;4.240;162;0.162;8;"R. Almerinda Barbosa Neto";"Conselheiro Lafaiete";BR;4;"2026-09-27 22:35:12";"2026-09-27 22:43:12";não
25715;102032586;Congestionamento;3;Alto;119;2;3.670;160;0.16;4;"Av. Rotariano Aarão Bank";"Conselheiro Lafaiete";BR;3;"2026-09-27 22:35:12";"2026-09-27 22:39:12";não
25648;101758400;Congestionamento;3;Alto;110;1.8;4.490;176;0.176;6;"R. José Apolinário Sobrinho";"Conselheiro Lafaiete";BR;3;"2026-09-27 22:29:12";"2026-09-27 22:35:12";não
25535;101097432;Congestionamento;4;"Muito alto";128;2.1;5.630;252;0.252;0;"R. Dias de Souza";"Conselheiro Lafaiete";BR;8;"2026-09-27 22:17:11";"2026-09-27 22:17:11";não
25345;99782632;Congestionamento;3;Alto;114;1.9;4.800;200;0.2;4;"R. Benedito Ribeiro Mendes";"Conselheiro Lafaiete";BR;3;"2026-09-27 21:59:12";"2026-09-27 22:03:12";não
25346;99957544;Congestionamento;3;Alto;89;1.5;6.030;203;0.203;8;"R. Aminadab Lopes Tinoco";"Conselheiro Lafaiete";BR;6;"2026-09-27 21:59:12";"2026-09-27 22:07:12";não
25305;99535030;Congestionamento;3;Alto;72;1.2;15.500;649;0.649;12;;"Conselheiro Lafaiete";BR;32;"2026-09-27 21:55:12";"2026-09-27 22:07:12";não
25225;99340522;Congestionamento;3;Alto;165;2.8;5.430;357;0.357;27;"R. Alfredo Elias Mafuz";"Conselheiro Lafaiete";BR;11;"2026-09-27 21:49:12";"2026-09-27 22:17:11";não
25171;99009634;Congestionamento;4;"Muito alto";100;1.7;4.860;171;0.171;6;"R. Maria Duarte Castanheira";"Conselheiro Lafaiete";BR;4;"2026-09-27 21:45:12";"2026-09-27 21:51:26";não
25064;98267098;Congestionamento;3;Alto;140;2.3;7.300;409;0.409;7;"R. Joemy Faria";"Conselheiro Lafaiete";BR;12;"2026-09-27 21:33:33";"2026-09-27 21:41:12";não
24794;96981956;Congestionamento;4;"Muito alto";158;2.6;4.220;228;0.228;0;"R. André Rodrigues da Silva";"Conselheiro Lafaiete";BR;4;"2026-09-27 21:13:12";"2026-09-27 21:13:12";não
24714;96569098;Congestionamento;3;Alto;107;1.8;9.330;425;0.425;10;"R. Adolfo Siqueira";"Conselheiro Lafaiete";BR;10;"2026-09-27 21:05:12";"2026-09-27 21:15:36";não
24605;95864692;Congestionamento;4;"Muito alto";177;3;2.750;158;0.158;4;"R. André Rodrigues da Silva";"Conselheiro Lafaiete";BR;5;"2026-09-27 20:53:12";"2026-09-27 20:57:12";não
24449;94918886;Congestionamento;3;Alto;126;2.1;5.910;292;0.292;0;"Av. Da. Maninha Junqueira";"Conselheiro Lafaiete";BR;5;"2026-09-27 20:38:55";"2026-09-27 20:38:55";não
24412;94718332;Congestionamento;3;Alto;117;2;6.440;300;0.3;14;"R. Quinze de Novembro";"Conselheiro Lafaiete";BR;7;"2026-09-27 20:34:50";"2026-09-27 20:49:12";não
24068;92112196;Congestionamento;3;Alto;95;1.6;10.950;408;0.408;4;"R. Antônio de Rezende Neiva";"Conselheiro Lafaiete";BR;4;"2026-09-27 19:55:05";"2026-09-27 19:59:35";não
24069;92271170;Congestionamento;3;Alto;87;1.5;7.760;284;0.284;0;"Av. Prof. Manoel Martins";"Conselheiro Lafaiete";BR;7;"2026-09-27 19:55:05";"2026-09-27 19:55:05";não
24027;91963520;Congestionamento;3;Alto;128;2.1;4.480;200;0.2;0;"R. Josefina Martins";"Conselheiro Lafaiete";BR;6;"2026-09-27 19:50:33";"2026-09-27 19:50:33";não
23875;90972984;Congestionamento;4;"Muito alto";144;2.4;3.680;171;0.171;4;"R. Da. Mariana Guimarães";"Conselheiro Lafaiete";BR;3;"2026-09-27 19:32:30";"2026-09-27 19:37:03";não
23847;90642162;Congestionamento;4;"Muito alto";188;3.1;3.390;202;0.202;0;"R. José Simão da Silva";"Conselheiro Lafaiete";BR;3;"2026-09-27 19:27:54";"2026-09-27 19:27:54";não
23367;85838164;Congestionamento;4;"Muito alto";103;1.7;5.240;188;0.188;4;"R. Quincas Alves";"Conselheiro Lafaiete";BR;3;"2026-09-27 18:23:44";"2026-09-27 18:28:12";não
23185;83652226;Congestionamento;3;Alto;97;1.6;5.700;192;0.192;0;"R. Cefisa Viana";"Conselheiro Lafaiete";BR;3;"2026-09-27 17:56:42";"2026-09-27 17:56:42";não
22982;80615790;Congestionamento;3;Alto;113;1.9;5.150;211;0.211;4;"R. Jaime Morais";"Conselheiro Lafaiete";BR;3;"2026-09-27 17:28:44";"2026-09-27 17:33:13";não
22650;75705126;Congestionamento;3;Alto;88;1.5;9.350;345;0.345;0;"Av. Da. Rosa Dutra";"Conselheiro Lafaiete";BR;10;"2026-09-27 16:43:48";"2026-09-27 16:43:48";não
22651;75638330;Congestionamento;4;"Muito alto";101;1.7;7.920;279;0.279;0;"R. Dr. Manoel de Assis Martins";"Conselheiro Lafaiete";BR;7;"2026-09-27 16:43:48";"2026-09-27 16:43:48";não
22600;74933730;Congestionamento;3;Alto;118;2;5.860;243;0.243;8;"Av. José Guilherme Sobrinho";"Conselheiro Lafaiete";BR;4;"2026-09-27 16:39:19";"2026-09-27 16:48:18";não
22517;74061592;Congestionamento;3;Alto;151;2.5;5.190;307;0.307;9;"R. Dr. Paládio Albino";"Conselheiro Lafaiete";BR;5;"2026-09-27 16:30:18";"2026-09-27 16:39:19";não
22435;73049136;Congestionamento;3;Alto;121;2;4.250;182;0.182;0;"R. Joemy Faria";"Conselheiro Lafaiete";BR;6;"2026-09-27 16:21:19";"2026-09-27 16:21:19";não
22327;71056088;Congestionamento;3;Alto;154;2.6;5.530;344;0.344;4;"R. do Cruzeiro";"Conselheiro Lafaiete";BR;9;"2026-09-27 16:07:55";"2026-09-27 16:12:22";não
22298;70799000;Congestionamento;4;"Muito alto";101;1.7;4.720;159;0.159;0;"R. Adolfo Siqueira";"Conselheiro Lafaiete";BR;2;"2026-09-27 16:03:21";"2026-09-27 16:03:21";não
22205;69775702;Congestionamento;4;"Muito alto";281;4.7;2.160;176;0.176;0;"R. Dr. Manoel de Assis Martins";"Conselheiro Lafaiete";BR;3;"2026-09-27 15:54:20";"2026-09-27 15:54:20";não
22066;68220612;Congestionamento;4;"Muito alto";171;2.9;8.440;500;0.5;0;"R. Dr. Manoel de Assis Martins";"Conselheiro Lafaiete";BR;10;"2026-09-27 15:40:48";"2026-09-27 15:40:48";não
21756;65042096;Congestionamento;3;Alto;116;1.9;7.070;300;0.3;0;"Av. Furtado";"Conselheiro Lafaiete";BR;5;"2026-09-27 15:13:46";"2026-09-27 15:13:46";não
21700;64728052;Congestionamento;3;Alto;89;1.5;7.470;263;0.263;8;"R. Manoel Fonseca de Rezende";"Conselheiro Lafaiete";BR;4;"2026-09-27 15:09:18";"2026-09-27 15:18:15";não
21594;63992722;Congestionamento;3;Alto;137;2.3;11.150;579;0.579;0;"MG-129 Rod. Eng. Ary Belisário";"Conselheiro Lafaiete";BR;12;"2026-09-27 15:00:14";"2026-09-27 15:00:14";não
21597;64112894;Congestionamento;3;Alto;99;1.7;6.770;336;0.336;0;"R. Dr. Campolina";"Conselheiro Lafaiete";BR;7;"2026-09-27 15:00:14";"2026-09-27 15:00:14";não
21533;63297054;Congestionamento;3;Alto;98;1.6;8.490;350;0.35;0;;"Conselheiro Lafaiete";BR;11;"2026-09-27 14:55:41";"2026-09-27 14:55:41";não
21348;61930050;Congestionamento;3;Alto;115;1.9;8.490;377;0.377;13;"Av. Mal. Floriano Peixoto";"Conselheiro Lafaiete";BR;7;"2026-09-27 14:37:38";"2026-09-27 14:51:11";não
21307;61510176;Congestionamento;3;Alto;104;1.7;4.440;171;0.171;4;"R. São Jorge";"Conselheiro Lafaiete";BR;3;"2026-09-27 14:33:03";"2026-09-27 14:37:38";não
21245;61000474;Congestionamento;3;Alto;86;1.4;11.570;402;0.402;27;"R. Benjamim Constant";"Conselheiro Lafaiete";BR;11;"2026-09-27 14:28:33";"2026-09-27 14:55:41";não
21200;60617870;Congestionamento;3;Alto;93;1.6;9.150;390;0.39;4;"R. Monsenhor Barreto";"Conselheiro Lafaiete";BR;9;"2026-09-27 14:24:05";"2026-09-27 14:28:33";não
21028;59273502;Congestionamento;3;Alto;112;1.9;7.100;296;0.296;0;"Av. Furtado";"Conselheiro Lafaiete";BR;6;"2026-09-27 14:08:59";"2026-09-27 14:08:59";não
20974;59123022;Congestionamento;3;Alto;80;1.3;8.910;307;0.307;0;"R. Alexandrina Nogueira de Queiroz";"Conselheiro Lafaiete";BR;5;"2026-09-27 14:03:34";"2026-09-27 14:03:34";não
20797;57515138;Congestionamento;3;Alto;96;1.6;9.970;394;0.394;4;"R. Armando Alves de Oliveira";"Conselheiro Lafaiete";BR;3;"2026-09-27 13:44:51";"2026-09-27 13:49:21";não
20409;54703748;Congestionamento;3;Alto;167;2.8;8.020;511;0.511;0;"Av. Mal. Floriano Peixoto";"Conselheiro Lafaiete";BR;9;"2026-09-27 13:04:23";"2026-09-27 13:04:23";não
20171;52489756;Congestionamento;3;Alto;112;1.9;6.600;319;0.319;9;"R. Pio XII";"Conselheiro Lafaiete";BR;9;"2026-09-27 12:32:55";"2026-09-27 12:41:56";não
20029;51121382;Congestionamento;3;Alto;115;1.9;5.770;221;0.221;9;"Av. Geraldo Marques";"Conselheiro Lafaiete";BR;6;"2026-09-27 12:14:50";"2026-09-27 12:23:52";não
19893;49859780;Congestionamento;3;Alto;93;1.6;8.620;306;0.306;9;"R. Ney Franco";"Conselheiro Lafaiete";BR;6;"2026-09-27 11:56:50";"2026-09-27 12:05:50";não
19340;40384084;Congestionamento;3;Alto;103;1.7;5.630;210;0.21;9;"R. João Franco Ribeiro";"Conselheiro Lafaiete";BR;5;"2026-09-27 09:18:10";"2026-09-27 09:27:11";não
19251;37440800;Congestionamento;3;Alto;90;1.5;5.410;194;0.194;4;"R. Rodolfo Carmo";"Conselheiro Lafaiete";BR;3;"2026-09-27 08:10:44";"2026-09-27 08:15:14";não
18988;32040476;Congestionamento;3;Alto;112;1.9;7.480;357;0.357;6;"R. Miguel Garcia";"Conselheiro Lafaiete";BR;12;"2026-09-27 05:19:12";"2026-09-27 05:25:28";não
18785;30935646;Congestionamento;3;Alto;120;2;5.440;231;0.231;6;"R. Antônio Aureliano de Rezende";"Conselheiro Lafaiete";BR;7;"2026-09-27 04:43:12";"2026-09-27 04:49:12";não
18620;28490960;Congestionamento;3;Alto;197;3.3;6.040;423;0.423;0;"R. Afonso Pena";"Conselheiro Lafaiete";BR;7;"2026-09-27 03:15:12";"2026-09-27 03:15:12";não
18621;28538010;Congestionamento;3;Alto;121;2;6.240;269;0.269;8;"R. Carlos Amorim";"Conselheiro Lafaiete";BR;3;"2026-09-27 03:15:12";"2026-09-27 03:23:12";não
18561;28235968;Congestionamento;4;"Muito alto";159;2.7;3.020;152;0.152;0;"R. Armando Alves de Oliveira";"Conselheiro Lafaiete";BR;2;"2026-09-27 03:05:13";"2026-09-27 03:05:13";não
18548;28134078;Congestionamento;3;Alto;84;1.4;8.850;410;0.41;0;"R. Cassimiro Adriano da Silva";"Conselheiro Lafaiete";BR;6;"2026-09-27 03:00:37";"2026-09-27 03:00:37";não
18549;28145322;Congestionamento;3;Alto;167;2.8;8.040;540;0.54;6;"R. Conceição Cipriano Tavares";"Conselheiro Lafaiete";BR;9;"2026-09-27 03:00:37";"2026-09-27 03:07:31";não
18437;27054096;"Interdição ativa";5;Parado;;;0.000;133;0.133;1343;;"Conselheiro Lafaiete";BR;4;"2026-09-27 02:26:07";"2026-09-28 00:49:11";sim
18438;27054098;"Interdição ativa";5;Parado;;;0.000;133;0.133;1343;;"Conselheiro Lafaiete";BR;4;"2026-09-27 02:26:07";"2026-09-28 00:49:11";sim
18315;25687632;Congestionamento;4;"Muito alto";127;2.1;3.750;155;0.155;0;"R. Alfredo Elias Mafuz";"Conselheiro Lafaiete";BR;4;"2026-09-27 01:50:15";"2026-09-27 01:50:15";não
18255;25089944;Congestionamento;3;Alto;132;2.2;6.910;382;0.382;4;"R. João Franco Ribeiro";"Conselheiro Lafaiete";BR;9;"2026-09-27 01:32:12";"2026-09-27 01:36:46";não
18149;23936312;Congestionamento;3;Alto;88;1.5;7.500;252;0.252;4;"R. Dias de Souza";"Conselheiro Lafaiete";BR;8;"2026-09-27 01:05:15";"2026-09-27 01:09:44";não
17945;22166554;Congestionamento;3;Alto;98;1.6;7.930;306;0.306;9;"R. Vitor Eduardo Purri da Silva";"Conselheiro Lafaiete";BR;7;"2026-09-27 00:29:15";"2026-09-27 00:38:16";não
17732;19874824;Congestionamento;4;"Muito alto";126;2.1;4.160;175;0.175;0;"R. Antônio Reis";"Conselheiro Lafaiete";BR;2;"2026-09-26 23:48:35";"2026-09-26 23:48:35";não
17671;19236040;Congestionamento;3;Alto;96;1.6;11.750;396;0.396;4;;"Conselheiro Lafaiete";BR;6;"2026-09-26 23:39:39";"2026-09-26 23:44:08";não
17485;17493404;Congestionamento;3;Alto;86;1.4;6.050;215;0.215;8;"R. Aristides Francisco Pinto";"Conselheiro Lafaiete";BR;3;"2026-09-26 23:11:47";"2026-09-26 23:20:44";não
17394;16877424;Congestionamento;3;Alto;66;1.1;9.900;431;0.431;4;"R. Dr. Campolina";"Conselheiro Lafaiete";BR;7;"2026-09-26 23:02:47";"2026-09-26 23:07:17";não
17395;16777604;Congestionamento;4;"Muito alto";163;2.7;6.610;345;0.345;17;MGC-482;"Conselheiro Lafaiete";BR;7;"2026-09-26 23:02:47";"2026-09-26 23:20:44";não
17396;16581606;Congestionamento;3;Alto;177;3;7.570;531;0.531;9;"R. Alexandrina Nogueira de Queiroz";"Conselheiro Lafaiete";BR;9;"2026-09-26 23:02:47";"2026-09-26 23:11:47";não
17111;14078772;Congestionamento;3;Alto;97;1.6;13.110;551;0.551;0;"R. Benjamim Constant";"Conselheiro Lafaiete";BR;15;"2026-09-26 22:31:12";"2026-09-26 22:31:12";não
17112;14244716;Congestionamento;3;Alto;128;2.1;4.590;208;0.208;0;"R. Tenente Porteira";"Conselheiro Lafaiete";BR;2;"2026-09-26 22:31:12";"2026-09-26 22:31:12";não
17069;13733760;Congestionamento;3;Alto;142;2.4;5.230;285;0.285;0;"R. Luiz Gonzaga Cezario";"Conselheiro Lafaiete";BR;5;"2026-09-26 22:26:43";"2026-09-26 22:26:43";não
17070;13768618;Congestionamento;3;Alto;113;1.9;5.990;244;0.244;0;"R. André Rodrigues da Silva";"Conselheiro Lafaiete";BR;8;"2026-09-26 22:26:43";"2026-09-26 22:26:43";não
17071;13647880;Congestionamento;3;Alto;91;1.5;4.900;234;0.234;0;"Pç. Monsenhor Hermenegildo Adami de Carvalho";"Conselheiro Lafaiete";BR;14;"2026-09-26 22:26:43";"2026-09-26 22:26:43";não
16974;13112334;Congestionamento;3;Alto;100;1.7;8.420;342;0.342;0;"R. Duque de Caxias";"Conselheiro Lafaiete";BR;7;"2026-09-26 22:17:43";"2026-09-26 22:17:43";não
16914;12728122;Congestionamento;3;Alto;132;2.2;3.960;234;0.234;4;"Pç. Monsenhor Hermenegildo Adami de Carvalho";"Conselheiro Lafaiete";BR;14;"2026-09-26 22:13:14";"2026-09-26 22:17:43";não
16863;12274522;Congestionamento;3;Alto;143;2.4;3.780;191;0.191;0;"R. Santo Antônio de Pádua";"Conselheiro Lafaiete";BR;4;"2026-09-26 22:08:43";"2026-09-26 22:08:43";não
16864;12494364;Congestionamento;3;Alto;83;1.4;12.050;458;0.458;0;"R. Ney Franco";"Conselheiro Lafaiete";BR;9;"2026-09-26 22:08:43";"2026-09-26 22:08:43";não
16706;11478566;Congestionamento;3;Alto;70;1.2;6.160;466;0.466;9;"R. Augusto Getúlio Vieira";"Conselheiro Lafaiete";BR;5;"2026-09-26 21:55:13";"2026-09-26 22:04:15";não
16562;10141266;Congestionamento;3;Alto;98;1.6;5.180;179;0.179;9;"R. Quincas Alves";"Conselheiro Lafaiete";BR;3;"2026-09-26 21:41:12";"2026-09-26 21:50:45";não
16488;9914464;Congestionamento;3;Alto;85;1.4;6.150;212;0.212;3;"R. Cecy Perez Nascimento";"Conselheiro Lafaiete";BR;5;"2026-09-26 21:37:19";"2026-09-26 21:41:12";não
16300;8754298;Congestionamento;3;Alto;97;1.6;7.550;278;0.278;0;"R. Olegário Pinto";"Conselheiro Lafaiete";BR;7;"2026-09-26 21:23:13";"2026-09-26 21:23:13";não
14261;260917406;Congestionamento;3;Alto;97;1.6;5.180;177;0.177;3;"R. Prof. Manoel Lino";"Conselheiro Lafaiete";BR;2;"2026-09-26 18:15:35";"2026-09-26 18:19:12";não
14223;260724374;Congestionamento;3;Alto;85;1.4;8.550;295;0.295;6;"R. Adolfo Siqueira";"Conselheiro Lafaiete";BR;9;"2026-09-26 18:13:12";"2026-09-26 18:19:12";não
14155;259794622;Congestionamento;3;Alto;126;2.1;8.330;477;0.477;0;"R. João Franco Ribeiro";"Conselheiro Lafaiete";BR;11;"2026-09-26 18:05:13";"2026-09-26 18:05:13";não
13898;256889962;Congestionamento;3;Alto;101;1.7;5.950;232;0.232;0;"R. Congonhas";"Conselheiro Lafaiete";BR;6;"2026-09-26 17:39:13";"2026-09-26 17:39:13";não
13836;256091388;Congestionamento;3;Alto;80;1.3;8.860;334;0.334;2;"R. São Jorge";"Conselheiro Lafaiete";BR;6;"2026-09-26 17:33:12";"2026-09-26 17:35:31";não
13800;256085680;Congestionamento;3;Alto;116;1.9;7.520;382;0.382;6;"R. João Franco Ribeiro";"Conselheiro Lafaiete";BR;9;"2026-09-26 17:29:13";"2026-09-26 17:35:31";não
13749;255582730;Congestionamento;3;Alto;121;2;7.590;367;0.367;10;"R. Adolfo Siqueira";"Conselheiro Lafaiete";BR;7;"2026-09-26 17:25:12";"2026-09-26 17:35:31";não
13750;255669544;Congestionamento;4;"Muito alto";176;2.9;8.470;523;0.523;10;"R. Milton Pereira Lemos";"Conselheiro Lafaiete";BR;7;"2026-09-26 17:25:12";"2026-09-26 17:35:31";não
13598;254029046;Congestionamento;3;Alto;153;2.6;7.180;464;0.464;5;"R. Barão de Pouso Alegre";"Conselheiro Lafaiete";BR;4;"2026-09-26 17:11:13";"2026-09-26 17:17:12";não
13521;253129510;Congestionamento;3;Alto;117;2;9.540;418;0.418;4;"R. Benjamim Constant";"Conselheiro Lafaiete";BR;12;"2026-09-26 17:03:13";"2026-09-26 17:07:13";não
13416;251687278;Congestionamento;3;Alto;133;2.2;5.200;255;0.255;0;"R. Dr. Zebral";"Conselheiro Lafaiete";BR;3;"2026-09-26 16:53:06";"2026-09-26 16:53:06";não
13374;251712944;Congestionamento;3;Alto;80;1.3;10.800;377;0.377;0;"Av. Mal. Floriano Peixoto";"Conselheiro Lafaiete";BR;7;"2026-09-26 16:51:05";"2026-09-26 16:51:05";não
13322;250601498;Congestionamento;4;"Muito alto";193;3.2;2.860;174;0.174;7;"R. Benedito Gomes de Assis";"Conselheiro Lafaiete";BR;2;"2026-09-26 16:45:07";"2026-09-26 16:53:06";não
13122;248657586;Congestionamento;4;"Muito alto";171;2.9;4.830;280;0.28;0;"R. Arthur Bernardes";"Conselheiro Lafaiete";BR;7;"2026-09-26 16:27:12";"2026-09-26 16:27:12";não
13123;248681604;Congestionamento;3;Alto;210;3.5;4.910;395;0.395;0;"R. Tião Garrincha";"Conselheiro Lafaiete";BR;11;"2026-09-26 16:27:12";"2026-09-26 16:27:12";não
13030;247929302;Congestionamento;3;Alto;149;2.5;7.590;430;0.43;0;"R. Antônio Aureliano de Rezende";"Conselheiro Lafaiete";BR;7;"2026-09-26 16:21:13";"2026-09-26 16:21:13";não
12954;247047588;Congestionamento;3;Alto;71;1.2;7.520;255;0.255;0;"R. Jacinto Siqueira";"Conselheiro Lafaiete";BR;5;"2026-09-26 16:13:13";"2026-09-26 16:13:13";não
12870;246441718;Congestionamento;4;"Muito alto";274;4.6;2.270;265;0.265;0;"R. André Rodrigues da Silva";"Conselheiro Lafaiete";BR;4;"2026-09-26 16:07:13";"2026-09-26 16:07:13";não
12725;244876226;Congestionamento;3;Alto;93;1.6;7.030;258;0.258;4;"R. Benedito Ribeiro Mendes";"Conselheiro Lafaiete";BR;5;"2026-09-26 15:55:12";"2026-09-26 15:59:13";não
12618;243743750;Congestionamento;3;Alto;100;1.7;6.560;229;0.229;3;"Av. Mal. Floriano Peixoto";"Conselheiro Lafaiete";BR;4;"2026-09-26 15:46:06";"2026-09-26 15:49:13";não
12475;242626498;Congestionamento;3;Alto;225;3.8;6.990;594;0.594;5;"R. Antônio Aureliano de Rezende";"Conselheiro Lafaiete";BR;6;"2026-09-26 15:37:13";"2026-09-26 15:43:12";não
12420;242307138;Congestionamento;3;Alto;113;1.9;7.950;346;0.346;0;"R. Olegário Pinto";"Conselheiro Lafaiete";BR;9;"2026-09-26 15:34:07";"2026-09-26 15:34:07";não
12384;242141346;Congestionamento;4;"Muito alto";121;2;5.820;239;0.239;0;"R. Duque de Caxias";"Conselheiro Lafaiete";BR;5;"2026-09-26 15:31:13";"2026-09-26 15:31:13";não
12312;241385698;Congestionamento;3;Alto;109;1.8;6.210;234;0.234;2;"Av. Geraldo Plaza";"Conselheiro Lafaiete";BR;4;"2026-09-26 15:26:06";"2026-09-26 15:28:07";não
12313;241399730;Congestionamento;3;Alto;96;1.6;6.750;227;0.227;2;"R. Dias de Souza";"Conselheiro Lafaiete";BR;6;"2026-09-26 15:26:06";"2026-09-26 15:28:07";não
12314;241596640;Congestionamento;3;Alto;136;2.3;5.790;287;0.287;2;"R. José Geraldo Filho";"Conselheiro Lafaiete";BR;4;"2026-09-26 15:26:06";"2026-09-26 15:28:07";não
12315;241385610;Congestionamento;3;Alto;113;1.9;4.990;217;0.217;0;"R. Professora Júlia Miranda";"Conselheiro Lafaiete";BR;8;"2026-09-26 15:26:06";"2026-09-26 15:26:06";não
12235;240954130;Congestionamento;4;"Muito alto";161;2.7;4.380;227;0.227;3;"R. Dias de Souza";"Conselheiro Lafaiete";BR;6;"2026-09-26 15:20:07";"2026-09-26 15:23:12";não
12178;240573640;Congestionamento;3;Alto;162;2.7;8.670;545;0.545;2;"R. José Wanderley Dutra Rezende";"Conselheiro Lafaiete";BR;8;"2026-09-26 15:18:06";"2026-09-26 15:20:07";não
12179;240632744;Congestionamento;3;Alto;105;1.8;4.130;165;0.165;0;"R. Dr. José Lopes de Assis";"Conselheiro Lafaiete";BR;6;"2026-09-26 15:18:06";"2026-09-26 15:18:06";não
12142;240304974;Congestionamento;4;"Muito alto";173;2.9;2.930;173;0.173;8;"R. Francisco Ferreira de Resende";"Conselheiro Lafaiete";BR;4;"2026-09-26 15:15:12";"2026-09-26 15:23:12";não
12144;240238044;Congestionamento;3;Alto;117;2;6.440;276;0.276;0;"R. Dias de Souza";"Conselheiro Lafaiete";BR;10;"2026-09-26 15:15:12";"2026-09-26 15:15:12";não
11899;238678172;Congestionamento;3;Alto;150;2.5;3.780;201;0.201;10;"R. José Nicolau de Queiroz";"Conselheiro Lafaiete";BR;2;"2026-09-26 15:01:13";"2026-09-26 15:12:07";não
11854;238367508;Congestionamento;3;Alto;94;1.6;4.650;180;0.18;8;"R. Dr. Melo Viana";"Conselheiro Lafaiete";BR;8;"2026-09-26 14:58:06";"2026-09-26 15:06:07";não
11855;238341526;Congestionamento;3;Alto;96;1.6;7.880;306;0.306;0;"R. André Rodrigues da Silva";"Conselheiro Lafaiete";BR;11;"2026-09-26 14:58:06";"2026-09-26 14:58:06";não
11655;236879146;Congestionamento;4;"Muito alto";110;1.8;4.960;180;0.18;9;"Av. Geraldo Plaza";"Conselheiro Lafaiete";BR;8;"2026-09-26 14:46:07";"2026-09-26 14:55:12";não
11621;236749462;Congestionamento;3;Alto;101;1.7;4.820;183;0.183;2;"R. Capitão Furtado";"Conselheiro Lafaiete";BR;3;"2026-09-26 14:43:12";"2026-09-26 14:46:07";não
11522;236118512;Congestionamento;3;Alto;87;1.5;4.870;180;0.18;8;"R. Dr. Melo Viana";"Conselheiro Lafaiete";BR;8;"2026-09-26 14:38:06";"2026-09-26 14:46:07";não
11462;235949224;Congestionamento;3;Alto;129;2.2;3.710;180;0.18;0;"R. Dr. Melo Viana";"Conselheiro Lafaiete";BR;8;"2026-09-26 14:35:12";"2026-09-26 14:35:12";não
11417;235732632;Congestionamento;3;Alto;84;1.4;10.500;377;0.377;0;"Av. Mal. Floriano Peixoto";"Conselheiro Lafaiete";BR;7;"2026-09-26 14:32:07";"2026-09-26 14:32:07";não
11362;235325368;Congestionamento;3;Alto;145;2.4;3.240;165;0.165;8;"R. Dr. José Lopes de Assis";"Conselheiro Lafaiete";BR;6;"2026-09-26 14:29:13";"2026-09-26 14:38:06";não
11304;234791692;Congestionamento;4;"Muito alto";173;2.9;4.380;252;0.252;6;"R. Dias de Souza";"Conselheiro Lafaiete";BR;8;"2026-09-26 14:25:13";"2026-09-26 14:32:07";não
10983;231966118;Congestionamento;3;Alto;99;1.7;4.880;214;0.214;4;"R. Dr. Moreira";"Conselheiro Lafaiete";BR;4;"2026-09-26 14:05:05";"2026-09-26 14:09:12";não
10984;232754694;Congestionamento;3;Alto;100;1.7;4.280;165;0.165;10;"R. Dr. José Lopes de Assis";"Conselheiro Lafaiete";BR;6;"2026-09-26 14:05:05";"2026-09-26 14:15:13";não
10946;232672170;Congestionamento;3;Alto;107;1.8;9.220;427;0.427;44;"Av. Prof. Manoel Martins";"Conselheiro Lafaiete";BR;9;"2026-09-26 14:01:13";"2026-09-26 14:46:07";não
10896;232223482;Congestionamento;3;Alto;86;1.4;9.380;365;0.365;0;"R. Tavares de Melo";"Conselheiro Lafaiete";BR;7;"2026-09-26 13:59:05";"2026-09-26 13:59:05";não
10897;232294090;Congestionamento;3;Alto;82;1.4;4.920;165;0.165;0;"R. Dr. José Lopes de Assis";"Conselheiro Lafaiete";BR;6;"2026-09-26 13:59:05";"2026-09-26 13:59:05";não
10818;231681890;Congestionamento;3;Alto;116;1.9;5.730;232;0.232;6;"R. Adolfo Siqueira";"Conselheiro Lafaiete";BR;3;"2026-09-26 13:53:05";"2026-09-26 13:59:05";não
10784;231560042;Congestionamento;3;Alto;117;2;5.610;266;0.266;9;"R. Sebastião de Paula";"Conselheiro Lafaiete";BR;5;"2026-09-26 13:49:13";"2026-09-26 13:59:05";não
10785;231282788;Congestionamento;3;Alto;126;2.1;11.570;664;0.664;72;"Av. Prefeito Telésforo Cândido Resende";"Conselheiro Lafaiete";BR;13;"2026-09-26 13:49:13";"2026-09-26 15:01:13";não
10745;231018616;Congestionamento;4;"Muito alto";144;2.4;4.840;240;0.24;6;"Pç. São Sebastião";"Conselheiro Lafaiete";BR;10;"2026-09-26 13:47:05";"2026-09-26 13:53:05";não
10724;230954208;Congestionamento;3;Alto;99;1.7;5.510;195;0.195;0;"R. Dr. Wenceslau Braz";"Conselheiro Lafaiete";BR;4;"2026-09-26 13:45:05";"2026-09-26 13:45:05";não
10725;230942206;Congestionamento;3;Alto;99;1.7;5.670;203;0.203;2;"Pç. Monsenhor Hermenegildo Adami de Carvalho";"Conselheiro Lafaiete";BR;13;"2026-09-26 13:45:05";"2026-09-26 13:47:05";não
10665;230888750;Congestionamento;3;Alto;90;1.5;8.160;338;0.338;10;"R. Benedito Alves Vieira";"Conselheiro Lafaiete";BR;8;"2026-09-26 13:43:04";"2026-09-26 13:53:05";não
10666;230939998;Congestionamento;3;Alto;91;1.5;11.270;421;0.421;10;"Av. Monsenhor Moreira";"Conselheiro Lafaiete";BR;18;"2026-09-26 13:43:04";"2026-09-26 13:53:05";não
10550;229970218;Congestionamento;3;Alto;126;2.1;10.610;598;0.598;2;"Av. Prof. Manoel Martins";"Conselheiro Lafaiete";BR;12;"2026-09-26 13:37:05";"2026-09-26 13:39:12";não
10493;229803020;Congestionamento;3;Alto;102;1.7;12.670;551;0.551;98;"R. Benjamim Constant";"Conselheiro Lafaiete";BR;15;"2026-09-26 13:33:13";"2026-09-26 15:12:07";não
10272;228338678;Congestionamento;3;Alto;88;1.5;5.840;199;0.199;6;"R. Renato Siqueira";"Conselheiro Lafaiete";BR;3;"2026-09-26 13:21:05";"2026-09-26 13:27:13";não
10273;228419014;Congestionamento;4;"Muito alto";248;4.1;6.030;513;0.513;60;"R. Dias de Souza";"Conselheiro Lafaiete";BR;11;"2026-09-26 13:21:05";"2026-09-26 14:21:12";não
10154;227808000;Congestionamento;4;"Muito alto";405;6.8;1.880;228;0.228;0;"R. Raimundo Andrade Dornelas";"Conselheiro Lafaiete";BR;6;"2026-09-26 13:13:20";"2026-09-26 13:13:20";não
10104;227560090;Congestionamento;3;Alto;82;1.4;14.600;783;0.783;8;"R. Dom Luciano";"Conselheiro Lafaiete";BR;21;"2026-09-26 13:09:05";"2026-09-26 13:17:05";não
9971;226841746;Congestionamento;4;"Muito alto";150;2.5;4.730;239;0.239;8;"R. Fernandes Leão";"Conselheiro Lafaiete";BR;5;"2026-09-26 13:01:05";"2026-09-26 13:09:05";não
9972;226776252;Congestionamento;3;Alto;256;4.3;4.610;420;0.42;0;"R. Santo Antônio de Pádua";"Conselheiro Lafaiete";BR;8;"2026-09-26 13:01:05";"2026-09-26 13:01:05";não
9849;225786738;Congestionamento;4;"Muito alto";95;1.6;5.910;204;0.204;4;"R. Dr. Campolina";"Conselheiro Lafaiete";BR;5;"2026-09-26 12:49:05";"2026-09-26 12:53:05";não
9692;224639736;Congestionamento;3;Alto;141;2.4;10.590;663;0.663;10;"Av. Mal. Floriano Peixoto";"Conselheiro Lafaiete";BR;11;"2026-09-26 12:39:05";"2026-09-26 12:49:05";não
9561;223963978;Congestionamento;3;Alto;82;1.4;12.550;444;0.444;0;"R. Benjamim Constant";"Conselheiro Lafaiete";BR;12;"2026-09-26 12:27:05";"2026-09-26 12:27:05";não
9432;222865372;Congestionamento;3;Alto;122;2;4.270;191;0.191;0;"R. Santo Antônio de Pádua";"Conselheiro Lafaiete";BR;4;"2026-09-26 12:17:05";"2026-09-26 12:17:05";não
9295;221803586;Congestionamento;3;Alto;114;1.9;5.310;207;0.207;0;"R. Antônio Aureliano de Rezende";"Conselheiro Lafaiete";BR;3;"2026-09-26 12:05:05";"2026-09-26 12:05:05";não
9296;221841204;Congestionamento;3;Alto;98;1.6;4.910;214;0.214;0;"R. Dr. Moreira";"Conselheiro Lafaiete";BR;4;"2026-09-26 12:05:05";"2026-09-26 12:05:05";não
9133;220357380;Congestionamento;3;Alto;104;1.7;4.980;201;0.201;8;"R. José Nicolau de Queiroz";"Conselheiro Lafaiete";BR;2;"2026-09-26 11:49:05";"2026-09-26 11:57:05";não
8974;219001126;Congestionamento;3;Alto;103;1.7;4.780;177;0.177;11;"R. José Martins Simões";"Conselheiro Lafaiete";BR;4;"2026-09-26 11:33:05";"2026-09-26 11:45:04";não
8669;216442462;Congestionamento;3;Alto;111;1.9;4.120;173;0.173;8;"R. Francisco Ferreira de Resende";"Conselheiro Lafaiete";BR;4;"2026-09-26 11:03:04";"2026-09-26 11:11:05";não
8619;215757446;Congestionamento;3;Alto;89;1.5;6.300;366;0.366;0;"Av. Alberto de Souza";"Conselheiro Lafaiete";BR;5;"2026-09-26 10:55:04";"2026-09-26 10:55:04";não
8505;214600258;Congestionamento;3;Alto;244;4.1;6.710;719;0.719;0;"R. Monsenhor Barreto";"Conselheiro Lafaiete";BR;13;"2026-09-26 10:43:04";"2026-09-26 10:43:04";não
8463;214005848;Congestionamento;3;Alto;66;1.1;7.650;272;0.272;6;"R. Bahia";"Conselheiro Lafaiete";BR;4;"2026-09-26 10:37:03";"2026-09-26 10:43:04";não
8464;213909490;Congestionamento;3;Alto;122;2;6.130;266;0.266;0;"Av. Furtado";"Conselheiro Lafaiete";BR;5;"2026-09-26 10:37:03";"2026-09-26 10:37:03";não
8371;212145536;Congestionamento;4;"Muito alto";111;1.9;5.250;198;0.198;4;"R. Cônego João Pio";"Conselheiro Lafaiete";BR;5;"2026-09-26 10:15:04";"2026-09-26 10:19:04";não
8277;209337228;Congestionamento;3;Alto;121;2;6.190;284;0.284;4;"Av. Prof. Manoel Martins";"Conselheiro Lafaiete";BR;7;"2026-09-26 09:41:04";"2026-09-26 09:45:04";não
8242;208064750;Congestionamento;3;Alto;74;1.2;5.270;185;0.185;3;"R. Nestor Tizon";"Conselheiro Lafaiete";BR;3;"2026-09-26 09:25:04";"2026-09-26 09:29:03";não
8148;202902734;Congestionamento;3;Alto;95;1.6;11.380;384;0.384;0;"BR-040 Rod. Pres. Juscelino Kubitschek";"Conselheiro Lafaiete";BR;2;"2026-09-26 08:07:04";"2026-09-26 08:07:04";não
8133;201714690;Congestionamento;4;"Muito alto";168;2.8;3.620;195;0.195;8;"R. Arthur Bernardes";"Conselheiro Lafaiete";BR;5;"2026-09-26 07:45:04";"2026-09-26 07:53:04";não
8130;201374900;Congestionamento;4;"Muito alto";113;1.9;4.380;157;0.157;8;MGC-482;"Conselheiro Lafaiete";BR;5;"2026-09-26 07:41:03";"2026-09-26 07:49:04";não
8107;198983102;Congestionamento;3;Alto;218;3.6;15.880;651;0.651;4;MGC-482;"Conselheiro Lafaiete";BR;7;"2026-09-26 06:49:04";"2026-09-26 06:53:04";não
8065;195637642;Congestionamento;3;Alto;96;1.6;8.170;324;0.324;4;"R. Alfredo Elias Mafuz";"Conselheiro Lafaiete";BR;6;"2026-09-26 05:29:04";"2026-09-26 05:33:04";não
7981;191672968;Congestionamento;3;Alto;130;2.2;3.730;164;0.164;2;"R. Professora Júlia Miranda";"Conselheiro Lafaiete";BR;4;"2026-09-26 03:49:04";"2026-09-26 03:51:04";não
7834;187118316;Congestionamento;3;Alto;82;1.4;9.940;333;0.333;0;"R. Dias de Souza";"Conselheiro Lafaiete";BR;7;"2026-09-26 02:27:04";"2026-09-26 02:27:04";não
7716;184233614;Congestionamento;4;"Muito alto";91;1.5;4.120;204;0.204;4;"R. Ver. Alfredo Mafuz";"Conselheiro Lafaiete";BR;5;"2026-09-26 01:49:04";"2026-09-26 01:53:04";não
7598;181840952;Congestionamento;3;Alto;164;2.7;5.370;307;0.307;6;"R. Barão de Pouso Alegre";"Conselheiro Lafaiete";BR;3;"2026-09-26 01:19:03";"2026-09-26 01:25:04";não
7457;178849866;Congestionamento;4;"Muito alto";110;1.8;4.340;157;0.157;4;"R. Santa Matilde";"Conselheiro Lafaiete";BR;4;"2026-09-26 00:49:04";"2026-09-26 00:53:04";não
7331;175861930;Congestionamento;3;Alto;68;1.1;12.180;409;0.409;10;"R. Adolfo Siqueira";"Conselheiro Lafaiete";BR;11;"2026-09-26 00:21:03";"2026-09-26 00:31:04";não
7312;175415112;Congestionamento;3;Alto;144;2.4;4.200;250;0.25;8;"R. Professora Leila Mafuz";"Conselheiro Lafaiete";BR;5;"2026-09-26 00:17:04";"2026-09-26 00:25:05";não
7258;174144000;Congestionamento;4;"Muito alto";137;2.3;5.010;242;0.242;0;"R. Cel. Albino";"Conselheiro Lafaiete";BR;6;"2026-09-26 00:07:03";"2026-09-26 00:07:03";não
7091;171127492;Congestionamento;4;"Muito alto";172;2.9;4.630;321;0.321;4;"R. Dr. Campolina";"Conselheiro Lafaiete";BR;6;"2026-09-25 23:45:04";"2026-09-25 23:49:04";não
7092;171357806;Congestionamento;3;Alto;114;1.9;4.580;201;0.201;0;"R. Santo Antônio de Pádua";"Conselheiro Lafaiete";BR;6;"2026-09-25 23:45:04";"2026-09-25 23:45:04";não
6947;168931362;Congestionamento;3;Alto;113;1.9;7.730;415;0.415;4;"R. Sete de Setembro";"Conselheiro Lafaiete";BR;4;"2026-09-25 23:27:04";"2026-09-25 23:31:05";não
6949;169345026;Congestionamento;3;Alto;88;1.5;9.560;358;0.358;0;"R. Dias de Souza";"Conselheiro Lafaiete";BR;9;"2026-09-25 23:27:04";"2026-09-25 23:27:04";não
6950;168879790;Congestionamento;3;Alto;92;1.5;6.490;218;0.218;0;"R. Amintas Junqueira";"Conselheiro Lafaiete";BR;12;"2026-09-25 23:27:04";"2026-09-25 23:27:04";não
6833;167756380;Congestionamento;3;Alto;135;2.3;8.150;406;0.406;0;"R. Barão de Pouso Alegre";"Conselheiro Lafaiete";BR;9;"2026-09-25 23:15:05";"2026-09-25 23:15:05";não
6757;166514040;Congestionamento;4;"Muito alto";114;1.9;5.670;232;0.232;0;"R. Dr. Campolina";"Conselheiro Lafaiete";BR;6;"2026-09-25 23:07:04";"2026-09-25 23:07:04";não
6679;165239070;Congestionamento;3;Alto;123;2.1;5.080;219;0.219;8;"R. Antônio Reis";"Conselheiro Lafaiete";BR;3;"2026-09-25 22:59:03";"2026-09-25 23:07:04";não
6627;164470020;Congestionamento;3;Alto;91;1.5;6.850;311;0.311;7;"R. Adolfo Antunes";"Conselheiro Lafaiete";BR;3;"2026-09-25 22:55:06";"2026-09-25 23:03:04";não
6584;163988020;Congestionamento;3;Alto;70;1.2;10.160;371;0.371;0;"R. João Franco Ribeiro";"Conselheiro Lafaiete";BR;8;"2026-09-25 22:51:04";"2026-09-25 22:51:04";não
6585;163756558;Congestionamento;3;Alto;108;1.8;11.760;581;0.581;0;"R. Dias de Souza";"Conselheiro Lafaiete";BR;14;"2026-09-25 22:51:04";"2026-09-25 22:51:04";não
6497;162395718;Congestionamento;3;Alto;93;1.6;5.210;174;0.174;0;"R. Prof. Manoel Lino";"Conselheiro Lafaiete";BR;3;"2026-09-25 22:43:04";"2026-09-25 22:43:04";não
6389;161442378;Congestionamento;3;Alto;137;2.3;7.440;377;0.377;7;"Av. Mal. Floriano Peixoto";"Conselheiro Lafaiete";BR;7;"2026-09-25 22:35:05";"2026-09-25 22:43:04";não
6330;160971568;Congestionamento;3;Alto;80;1.3;8.440;301;0.301;10;"R. Monsenhor Barreto";"Conselheiro Lafaiete";BR;7;"2026-09-25 22:33:04";"2026-09-25 22:43:04";não
6276;160116246;Congestionamento;3;Alto;101;1.7;4.270;165;0.165;0;"R. Dr. José Lopes de Assis";"Conselheiro Lafaiete";BR;6;"2026-09-25 22:29:04";"2026-09-25 22:29:04";não
6119;158734420;Congestionamento;3;Alto;85;1.4;4.900;166;0.166;2;"R. João Santos";"Conselheiro Lafaiete";BR;5;"2026-09-25 22:19:04";"2026-09-25 22:21:04";não
6120;158565176;Congestionamento;4;"Muito alto";276;4.6;2.600;230;0.23;10;"R. Nossa Senhora da Conceição";"Conselheiro Lafaiete";BR;4;"2026-09-25 22:19:04";"2026-09-25 22:29:04";não
6066;158098170;Congestionamento;3;Alto;87;1.5;5.720;197;0.197;0;"R. Dr. Moreira";"Conselheiro Lafaiete";BR;4;"2026-09-25 22:15:04";"2026-09-25 22:15:04";não
6011;157592600;Congestionamento;3;Alto;113;1.9;6.780;288;0.288;0;"R. Barão de Suassuí";"Conselheiro Lafaiete";BR;3;"2026-09-25 22:13:04";"2026-09-25 22:13:04";não
6012;157436124;Congestionamento;3;Alto;133;2.2;3.470;165;0.165;2;"R. Dr. José Lopes de Assis";"Conselheiro Lafaiete";BR;6;"2026-09-25 22:13:04";"2026-09-25 22:15:04";não
5939;156735914;Congestionamento;3;Alto;84;1.4;9.220;322;0.322;0;"R. Comendador Baeta Neves";"Conselheiro Lafaiete";BR;11;"2026-09-25 22:09:04";"2026-09-25 22:09:04";não
5854;155974752;Congestionamento;3;Alto;92;1.5;4.570;165;0.165;0;"R. Dr. José Lopes de Assis";"Conselheiro Lafaiete";BR;6;"2026-09-25 22:05:04";"2026-09-25 22:05:04";não
5726;154847626;Congestionamento;3;Alto;87;1.5;11.730;504;0.504;6;"R. Prof. Manoel Lino";"Conselheiro Lafaiete";BR;6;"2026-09-25 21:59:03";"2026-09-25 22:05:04";não
5728;155344218;Congestionamento;3;Alto;158;2.6;4.770;268;0.268;6;"R. Eng. Nelson Teixeira";"Conselheiro Lafaiete";BR;6;"2026-09-25 21:59:03";"2026-09-25 22:05:04";não
5730;155296380;Congestionamento;4;"Muito alto";135;2.3;5.770;276;0.276;2;"R. Dias de Souza";"Conselheiro Lafaiete";BR;10;"2026-09-25 21:59:03";"2026-09-25 22:01:04";não
5640;154860056;Congestionamento;3;Alto;113;1.9;4.810;195;0.195;5;"R. João Franco Ribeiro";"Conselheiro Lafaiete";BR;4;"2026-09-25 21:55:05";"2026-09-25 22:01:04";não
5641;154647226;Congestionamento;3;Alto;108;1.8;5.020;210;0.21;0;"R. do Cruzeiro";"Conselheiro Lafaiete";BR;4;"2026-09-25 21:55:05";"2026-09-25 21:55:05";não
5642;154643960;Congestionamento;3;Alto;62;1;11.830;560;0.56;0;"R. Dr. Campolina";"Conselheiro Lafaiete";BR;11;"2026-09-25 21:55:05";"2026-09-25 21:55:05";não
5643;154317516;Congestionamento;3;Alto;99;1.7;6.250;251;0.251;5;"R. Santana";"Conselheiro Lafaiete";BR;7;"2026-09-25 21:55:05";"2026-09-25 22:01:04";não
5548;153510912;Congestionamento;3;Alto;115;1.9;6.930;307;0.307;9;"R. Alexandrina Nogueira de Queiroz";"Conselheiro Lafaiete";BR;5;"2026-09-25 21:51:05";"2026-09-25 22:01:04";não
5549;153699364;Congestionamento;3;Alto;190;3.2;5.850;410;0.41;4;"R. Lopes Franco";"Conselheiro Lafaiete";BR;6;"2026-09-25 21:51:05";"2026-09-25 21:55:05";não
5550;154057526;Congestionamento;3;Alto;94;1.6;6.790;259;0.259;4;"R. José Condé de Lima";"Conselheiro Lafaiete";BR;2;"2026-09-25 21:51:05";"2026-09-25 21:55:05";não
5483;153102214;Congestionamento;3;Alto;141;2.4;9.240;504;0.504;0;"R. Lopes Franco";"Conselheiro Lafaiete";BR;6;"2026-09-25 21:47:07";"2026-09-25 21:47:07";não
5484;153059224;Congestionamento;3;Alto;84;1.4;7.980;284;0.284;0;"Av. Prof. Manoel Martins";"Conselheiro Lafaiete";BR;7;"2026-09-25 21:47:07";"2026-09-25 21:47:07";não
5485;153082320;Congestionamento;3;Alto;92;1.5;4.630;166;0.166;0;"R. João Santos";"Conselheiro Lafaiete";BR;5;"2026-09-25 21:47:07";"2026-09-25 21:47:07";não
5486;153342160;Congestionamento;3;Alto;99;1.7;4.350;159;0.159;7;"R. Narcisa Queiroz";"Conselheiro Lafaiete";BR;2;"2026-09-25 21:47:07";"2026-09-25 21:55:05";não
5232;152776362;Congestionamento;3;Alto;99;1.7;5.540;260;0.26;0;"R. Melvin Jones";"Conselheiro Lafaiete";BR;5;"2026-09-25 21:45:04";"2026-09-25 21:45:04";não
5230;152079828;Congestionamento;3;Alto;84;1.4;8.000;284;0.284;0;"Av. Prof. Manoel Martins";"Conselheiro Lafaiete";BR;7;"2026-09-25 21:43:04";"2026-09-25 21:43:04";não
5231;152576172;Congestionamento;3;Alto;194;3.2;4.830;357;0.357;32;"R. Alfredo Elias Mafuz";"Conselheiro Lafaiete";BR;11;"2026-09-25 21:43:04";"2026-09-25 22:15:04";não
5228;151836856;Congestionamento;3;Alto;91;1.5;5.890;202;0.202;0;"R. Benjamin Granha Senra";"Conselheiro Lafaiete";BR;4;"2026-09-25 21:39:04";"2026-09-25 21:39:04";não
5225;151085738;Congestionamento;3;Alto;132;2.2;4.030;214;0.214;0;"R. Dr. Moreira";"Conselheiro Lafaiete";BR;4;"2026-09-25 21:35:05";"2026-09-25 21:35:05";não
5215;150503540;Congestionamento;4;"Muito alto";274;4.6;3.250;291;0.291;6;"R. Monsenhor Horta";"Conselheiro Lafaiete";BR;6;"2026-09-25 21:33:04";"2026-09-25 21:39:04";não
5216;150877362;Congestionamento;3;Alto;93;1.6;8.270;314;0.314;2;"R. Expedicionário Álvaro Rodrigues Alves";"Conselheiro Lafaiete";BR;9;"2026-09-25 21:33:04";"2026-09-25 21:35:05";não
5217;150051360;Congestionamento;3;Alto;113;1.9;3.580;150;0.15;0;"R. Expedicionário Rubens de Souza";"Conselheiro Lafaiete";BR;3;"2026-09-25 21:33:04";"2026-09-25 21:33:04";não
5219;150802594;Congestionamento;3;Alto;101;1.7;6.870;279;0.279;2;"R. Lopes Franco";"Conselheiro Lafaiete";BR;5;"2026-09-25 21:33:04";"2026-09-25 21:35:05";não
5221;150881412;Congestionamento;3;Alto;125;2.1;3.630;165;0.165;12;"R. Dr. José Lopes de Assis";"Conselheiro Lafaiete";BR;6;"2026-09-25 21:33:04";"2026-09-25 21:45:04";não
5222;150826246;Congestionamento;3;Alto;112;1.9;7.900;365;0.365;2;"R. Tavares de Melo";"Conselheiro Lafaiete";BR;7;"2026-09-25 21:33:04";"2026-09-25 21:35:05";não
5208;149529100;Congestionamento;3;Alto;125;2.1;9.730;482;0.482;0;"R. Lopes Franco";"Conselheiro Lafaiete";BR;5;"2026-09-25 21:29:04";"2026-09-25 21:29:04";não
5209;149709630;Congestionamento;4;"Muito alto";293;4.9;1.850;168;0.168;6;"R. Sandoval Azevedo";"Conselheiro Lafaiete";BR;6;"2026-09-25 21:29:04";"2026-09-25 21:35:05";não
5211;149973416;Congestionamento;4;"Muito alto";169;2.8;3.800;215;0.215;6;"R. Alfredo Zebral";"Conselheiro Lafaiete";BR;4;"2026-09-25 21:29:04";"2026-09-25 21:35:05";não
5212;149634902;Congestionamento;4;"Muito alto";114;1.9;3.970;150;0.15;0;"R. Antônio Reis";"Conselheiro Lafaiete";BR;3;"2026-09-25 21:29:04";"2026-09-25 21:29:04";não
5204;149229930;Congestionamento;3;Alto;124;2.1;11.080;551;0.551;82;"R. Benjamim Constant";"Conselheiro Lafaiete";BR;15;"2026-09-25 21:25:04";"2026-09-25 22:47:04";não
5205;149006072;Congestionamento;3;Alto;87;1.5;9.370;349;0.349;8;"R. Brasil";"Conselheiro Lafaiete";BR;5;"2026-09-25 21:25:04";"2026-09-25 21:33:04";não
5201;148577296;Congestionamento;3;Alto;122;2;8.970;461;0.461;8;"R. Pernambuco";"Conselheiro Lafaiete";BR;10;"2026-09-25 21:21:04";"2026-09-25 21:29:04";não
5197;148054684;Congestionamento;3;Alto;83;1.4;9.910;353;0.353;2;"R. Arthur Bernardes";"Conselheiro Lafaiete";BR;9;"2026-09-25 21:19:04";"2026-09-25 21:21:04";não
5187;146970884;Congestionamento;3;Alto;105;1.8;8.680;342;0.342;13;"Av. Prefeito Mário Rodrigues Pereira";"Conselheiro Lafaiete";BR;12;"2026-09-25 21:15:05";"2026-09-25 21:29:04";não
5188;147316886;Congestionamento;3;Alto;118;2;3.790;165;0.165;5;"R. Dr. José Lopes de Assis";"Conselheiro Lafaiete";BR;6;"2026-09-25 21:15:05";"2026-09-25 21:21:04";não
5190;147505168;Congestionamento;3;Alto;238;4;7.030;633;0.633;0;"R. Antônio Aureliano de Rezende";"Conselheiro Lafaiete";BR;11;"2026-09-25 21:15:05";"2026-09-25 21:15:05";não
5191;147316824;Congestionamento;3;Alto;96;1.6;4.920;182;0.182;0;"R. Joemy Faria";"Conselheiro Lafaiete";BR;6;"2026-09-25 21:15:05";"2026-09-25 21:15:05";não
5195;147587452;Congestionamento;3;Alto;119;2;11.710;598;0.598;9;"R. Pe. Lobo";"Conselheiro Lafaiete";BR;10;"2026-09-25 21:15:05";"2026-09-25 21:25:04";não
5174;146327224;Congestionamento;3;Alto;110;1.8;6.480;279;0.279;12;"R. Lopes Franco";"Conselheiro Lafaiete";BR;5;"2026-09-25 21:09:04";"2026-09-25 21:21:04";não
5178;146468982;Congestionamento;3;Alto;94;1.6;6.140;205;0.205;0;"R. Cel. Albino";"Conselheiro Lafaiete";BR;4;"2026-09-25 21:09:04";"2026-09-25 21:09:04";não
5180;146520208;Congestionamento;3;Alto;89;1.5;6.840;235;0.235;2;"R. Antônio Aureliano de Rezende";"Conselheiro Lafaiete";BR;7;"2026-09-25 21:09:04";"2026-09-25 21:11:04";não
5164;145456058;Congestionamento;3;Alto;94;1.6;7.800;303;0.303;2;"R. Valério Eugênio";"Conselheiro Lafaiete";BR;14;"2026-09-25 21:03:04";"2026-09-25 21:05:04";não
5165;145357562;Congestionamento;3;Alto;120;2;8.120;410;0.41;0;"R. Lopes Franco";"Conselheiro Lafaiete";BR;6;"2026-09-25 21:03:04";"2026-09-25 21:03:04";não
5167;145411520;Congestionamento;4;"Muito alto";1110;18.5;1.070;345;0.345;0;"R. Dionisio Pinto de Resende";"Conselheiro Lafaiete";BR;4;"2026-09-25 21:03:04";"2026-09-25 21:03:04";não
5168;145263066;Congestionamento;4;"Muito alto";154;2.6;5.200;276;0.276;52;"R. Dias de Souza";"Conselheiro Lafaiete";BR;10;"2026-09-25 21:03:04";"2026-09-25 21:55:05";não
5170;145145244;Congestionamento;3;Alto;110;1.8;9.490;439;0.439;22;"R. Afonso Pena";"Conselheiro Lafaiete";BR;8;"2026-09-25 21:03:04";"2026-09-25 21:25:04";não
5159;144984900;Congestionamento;3;Alto;83;1.4;7.810;261;0.261;0;"R. Valério Eugênio";"Conselheiro Lafaiete";BR;13;"2026-09-25 20:59:04";"2026-09-25 20:59:04";não
5161;144614944;Congestionamento;4;"Muito alto";66;1.1;3.820;182;0.182;6;"R. Cel. Correa Figueiredo";"Conselheiro Lafaiete";BR;3;"2026-09-25 20:59:04";"2026-09-25 21:05:04";não
5147;143911952;Congestionamento;4;"Muito alto";190;3.2;2.600;165;0.165;15;"R. Dr. José Lopes de Assis";"Conselheiro Lafaiete";BR;6;"2026-09-25 20:55:06";"2026-09-25 21:11:04";não
5151;143935596;Congestionamento;4;"Muito alto";109;1.8;4.370;158;0.158;0;"R. Olegário Pinto";"Conselheiro Lafaiete";BR;5;"2026-09-25 20:55:06";"2026-09-25 20:55:06";não
5138;143477070;Congestionamento;3;Alto;99;1.7;10.360;456;0.456;2;"R. Barão de Pouso Alegre";"Conselheiro Lafaiete";BR;5;"2026-09-25 20:53:04";"2026-09-25 20:55:06";não
5140;143503424;Congestionamento;4;"Muito alto";105;1.8;1.710;58;0.058;0;;"Conselheiro Lafaiete";BR;5;"2026-09-25 20:53:04";"2026-09-25 20:53:04";não
5142;143480918;Congestionamento;3;Alto;69;1.2;5.080;326;0.326;2;"R. André Rodrigues da Silva";"Conselheiro Lafaiete";BR;5;"2026-09-25 20:53:04";"2026-09-25 20:55:06";não
5145;143738858;Congestionamento;4;"Muito alto";179;3;4.240;259;0.259;2;"R. Francisco Lourenço de Barros";"Conselheiro Lafaiete";BR;6;"2026-09-25 20:53:04";"2026-09-25 20:55:06";não
5134;142965760;Congestionamento;4;"Muito alto";103;1.7;7.880;273;0.273;0;"MG-129 Rod. Eng. Ary Belisário";"Conselheiro Lafaiete";BR;7;"2026-09-25 20:49:04";"2026-09-25 20:49:04";não
5125;142620422;Congestionamento;3;Alto;80;1.3;8.430;287;0.287;0;"R. Antônio Aureliano de Rezende";"Conselheiro Lafaiete";BR;9;"2026-09-25 20:45:05";"2026-09-25 20:45:05";não
5126;142509612;Congestionamento;4;"Muito alto";289;4.8;2.350;220;0.22;19;"R. João Santos";"Conselheiro Lafaiete";BR;7;"2026-09-25 20:45:05";"2026-09-25 21:05:04";não
5127;142482466;Congestionamento;3;Alto;85;1.4;7.680;279;0.279;3;"R. Lopes Franco";"Conselheiro Lafaiete";BR;5;"2026-09-25 20:45:05";"2026-09-25 20:49:04";não
5128;142387554;Congestionamento;4;"Muito alto";299;5;1.810;161;0.161;10;"R. Francisco Lourenço de Barros";"Conselheiro Lafaiete";BR;3;"2026-09-25 20:45:05";"2026-09-25 20:55:06";não
5129;142652016;Congestionamento;4;"Muito alto";148;2.5;5.320;261;0.261;17;"Av. Monsenhor Moreira";"Conselheiro Lafaiete";BR;7;"2026-09-25 20:45:05";"2026-09-25 21:03:04";não
5120;141634552;Congestionamento;3;Alto;84;1.4;8.290;293;0.293;6;"R. Dr. Campolina";"Conselheiro Lafaiete";BR;8;"2026-09-25 20:43:04";"2026-09-25 20:49:04";não
5121;141988216;Congestionamento;3;Alto;87;1.5;7.330;248;0.248;2;"R. Valério Eugênio";"Conselheiro Lafaiete";BR;12;"2026-09-25 20:43:04";"2026-09-25 20:45:05";não
5122;141963424;Congestionamento;4;"Muito alto";110;1.8;7.470;273;0.273;0;"MG-129 Rod. Eng. Ary Belisário";"Conselheiro Lafaiete";BR;7;"2026-09-25 20:43:04";"2026-09-25 20:43:04";não
5123;141964398;Congestionamento;3;Alto;83;1.4;9.250;322;0.322;2;"R. Comendador Baeta Neves";"Conselheiro Lafaiete";BR;11;"2026-09-25 20:43:04";"2026-09-25 20:45:05";não
5117;141572424;Congestionamento;3;Alto;108;1.8;6.870;287;0.287;4;"R. Antônio Aureliano de Rezende";"Conselheiro Lafaiete";BR;9;"2026-09-25 20:39:04";"2026-09-25 20:43:04";não
5118;141556690;Congestionamento;3;Alto;323;5.4;4.050;453;0.453;16;"R. Josefina Martins";"Conselheiro Lafaiete";BR;12;"2026-09-25 20:39:04";"2026-09-25 20:55:06";não
5104;140696870;Congestionamento;3;Alto;132;2.2;6.270;312;0.312;8;"R. Ver. Léo Franco";"Conselheiro Lafaiete";BR;3;"2026-09-25 20:35:04";"2026-09-25 20:43:04";não
5106;140793848;Congestionamento;4;"Muito alto";105;1.8;4.560;159;0.159;14;"R. Maria das Graças Simões de Resende";"Conselheiro Lafaiete";BR;2;"2026-09-25 20:35:04";"2026-09-25 20:49:04";não
5108;140924548;Congestionamento;3;Alto;106;1.8;7.830;302;0.302;10;"R. Barão de Pouso Alegre";"Conselheiro Lafaiete";BR;7;"2026-09-25 20:35:04";"2026-09-25 20:45:05";não
5109;140669376;Congestionamento;3;Alto;157;2.6;4.660;266;0.266;4;"R. Eurides Gonçalves da Cunha";"Conselheiro Lafaiete";BR;4;"2026-09-25 20:35:04";"2026-09-25 20:39:04";não
5110;137878800;Congestionamento;3;Alto;141;2.4;6.210;333;0.333;0;"R. João Franco Ribeiro";"Conselheiro Lafaiete";BR;7;"2026-09-25 20:35:04";"2026-09-25 20:35:04";não
5111;140589976;Congestionamento;4;"Muito alto";308;5.1;1.800;165;0.165;0;"R. Conceição Cipriano Tavares";"Conselheiro Lafaiete";BR;4;"2026-09-25 20:35:04";"2026-09-25 20:35:04";não
5099;140087710;Congestionamento;3;Alto;108;1.8;9.000;395;0.395;4;"R. Francisco Lobo";"Conselheiro Lafaiete";BR;8;"2026-09-25 20:31:04";"2026-09-25 20:35:04";não
5100;139949826;Congestionamento;3;Alto;103;1.7;5.440;209;0.209;8;"R. Narciso Jr.";"Conselheiro Lafaiete";BR;5;"2026-09-25 20:31:04";"2026-09-25 20:39:04";não
5097;139460606;Congestionamento;3;Alto;93;1.6;4.770;169;0.169;6;"R. Luiz Radamés de Araújo";"Conselheiro Lafaiete";BR;5;"2026-09-25 20:29:04";"2026-09-25 20:35:04";não
5098;139620966;Congestionamento;3;Alto;130;2.2;9.620;595;0.595;0;"R. Monsenhor Barreto";"Conselheiro Lafaiete";BR;15;"2026-09-25 20:29:04";"2026-09-25 20:29:04";não
5083;138746002;Congestionamento;4;"Muito alto";176;2.9;5.210;320;0.32;16;"Pç. São Sebastião";"Conselheiro Lafaiete";BR;12;"2026-09-25 20:23:04";"2026-09-25 20:39:04";não
5085;138958052;Congestionamento;3;Alto;100;1.7;4.450;180;0.18;12;"R. Sete de Setembro";"Conselheiro Lafaiete";BR;2;"2026-09-25 20:23:04";"2026-09-25 20:35:04";não
5086;138239698;Congestionamento;3;Alto;65;1.1;16.710;563;0.563;52;"BR-040 Rod. Pres. Juscelino Kubitschek";"Conselheiro Lafaiete";BR;10;"2026-09-25 20:23:04";"2026-09-25 21:15:05";não
5087;139059962;Congestionamento;4;"Muito alto";221;3.7;2.630;184;0.184;8;"R. Horácio de Queiroz";"Conselheiro Lafaiete";BR;3;"2026-09-25 20:23:04";"2026-09-25 20:31:04";não
5088;138608948;Congestionamento;3;Alto;141;2.4;6.210;333;0.333;0;"R. João Franco Ribeiro";"Conselheiro Lafaiete";BR;7;"2026-09-25 20:23:04";"2026-09-25 20:23:04";não
5078;138201202;Congestionamento;4;"Muito alto";264;4.4;5.390;486;0.486;12;"Av. Furtado";"Conselheiro Lafaiete";BR;9;"2026-09-25 20:19:04";"2026-09-25 20:31:04";não
5079;137824422;Congestionamento;4;"Muito alto";152;2.5;4.730;244;0.244;6;"R. André Rodrigues da Silva";"Conselheiro Lafaiete";BR;8;"2026-09-25 20:19:04";"2026-09-25 20:25:04";não
5081;137819610;Congestionamento;3;Alto;103;1.7;6.480;248;0.248;0;"R. Valério Eugênio";"Conselheiro Lafaiete";BR;12;"2026-09-25 20:19:04";"2026-09-25 20:19:04";não
5077;137494632;Congestionamento;3;Alto;106;1.8;4.920;201;0.201;7;"R. José Nicolau de Queiroz";"Conselheiro Lafaiete";BR;2;"2026-09-25 20:15:05";"2026-09-25 20:23:04";não
5074;137244334;Congestionamento;3;Alto;88;1.5;9.390;344;0.344;76;"Pç. Barão de Queluz";"Conselheiro Lafaiete";BR;13;"2026-09-25 20:13:04";"2026-09-25 21:29:04";não
5075;137252270;Congestionamento;3;Alto;178;3;5.610;382;0.382;0;"R. João Franco Ribeiro";"Conselheiro Lafaiete";BR;9;"2026-09-25 20:13:04";"2026-09-25 20:13:04";não
5076;137193332;Congestionamento;3;Alto;130;2.2;3.700;180;0.18;6;"R. Dr. Melo Viana";"Conselheiro Lafaiete";BR;8;"2026-09-25 20:13:04";"2026-09-25 20:19:04";não
5067;136499008;Congestionamento;3;Alto;180;3;7.650;547;0.547;34;"R. Santa Efigênia";"Conselheiro Lafaiete";BR;14;"2026-09-25 20:09:03";"2026-09-25 20:43:04";não
5068;136374120;Congestionamento;3;Alto;83;1.4;4.970;166;0.166;14;"R. João Santos";"Conselheiro Lafaiete";BR;5;"2026-09-25 20:09:03";"2026-09-25 20:23:04";não
5069;136429002;Congestionamento;3;Alto;198;3.3;7.650;538;0.538;26;"Av. Monsenhor Moreira";"Conselheiro Lafaiete";BR;18;"2026-09-25 20:09:03";"2026-09-25 20:35:04";não
5070;136684176;Congestionamento;3;Alto;105;1.8;6.260;227;0.227;50;"R. Dias de Souza";"Conselheiro Lafaiete";BR;6;"2026-09-25 20:09:03";"2026-09-25 20:59:04";não
5066;135895666;Congestionamento;3;Alto;89;1.5;8.580;320;0.32;0;"Pç. São Sebastião";"Conselheiro Lafaiete";BR;12;"2026-09-25 20:05:05";"2026-09-25 20:05:05";não
5060;135445896;Congestionamento;4;"Muito alto";165;2.8;5.170;303;0.303;2;"R. Valério Eugênio";"Conselheiro Lafaiete";BR;14;"2026-09-25 20:03:04";"2026-09-25 20:05:05";não
5062;135359420;Congestionamento;3;Alto;83;1.4;9.750;344;0.344;2;"Pç. Barão de Queluz";"Conselheiro Lafaiete";BR;13;"2026-09-25 20:03:04";"2026-09-25 20:05:05";não
5063;135543140;Congestionamento;3;Alto;227;3.8;7.330;596;0.596;2;"R. Lopes Franco";"Conselheiro Lafaiete";BR;7;"2026-09-25 20:03:04";"2026-09-25 20:05:05";não
5064;135327456;Congestionamento;3;Alto;83;1.4;10.770;405;0.405;0;"R. Francisco Lobo";"Conselheiro Lafaiete";BR;8;"2026-09-25 20:03:04";"2026-09-25 20:03:04";não
5052;134756616;Congestionamento;3;Alto;99;1.7;9.710;453;0.453;6;"R. João Cunha";"Conselheiro Lafaiete";BR;9;"2026-09-25 19:59:04";"2026-09-25 20:05:05";não
5053;135159304;Congestionamento;3;Alto;134;2.2;3.450;165;0.165;16;"R. Dr. José Lopes de Assis";"Conselheiro Lafaiete";BR;6;"2026-09-25 19:59:04";"2026-09-25 20:15:05";não
5055;134709512;Congestionamento;3;Alto;80;1.3;9.360;337;0.337;0;"R. Da. Mariana Guimarães";"Conselheiro Lafaiete";BR;7;"2026-09-25 19:59:04";"2026-09-25 19:59:04";não
5049;134407436;Congestionamento;3;Alto;179;3;5.620;365;0.365;10;"R. Tavares de Melo";"Conselheiro Lafaiete";BR;7;"2026-09-25 19:55:04";"2026-09-25 20:05:05";não
5051;134419348;Congestionamento;3;Alto;73;1.2;13.360;456;0.456;0;"R. Francisco Lobo";"Conselheiro Lafaiete";BR;8;"2026-09-25 19:55:04";"2026-09-25 19:55:04";não
5043;134255238;Congestionamento;3;Alto;94;1.6;6.870;270;0.27;6;"R. Luiz Radamés de Araújo";"Conselheiro Lafaiete";BR;6;"2026-09-25 19:53:04";"2026-09-25 19:59:04";não
5044;134373262;Congestionamento;3;Alto;78;1.3;10.120;344;0.344;0;"Pç. Barão de Queluz";"Conselheiro Lafaiete";BR;13;"2026-09-25 19:53:04";"2026-09-25 19:53:04";não
5045;134341612;Congestionamento;3;Alto;83;1.4;9.400;315;0.315;10;"R. Adolfo Siqueira";"Conselheiro Lafaiete";BR;10;"2026-09-25 19:53:04";"2026-09-25 20:03:04";não
5046;134416188;Congestionamento;3;Alto;96;1.6;7.030;261;0.261;2;"R. Valério Eugênio";"Conselheiro Lafaiete";BR;13;"2026-09-25 19:53:04";"2026-09-25 19:55:04";não
5038;133639888;Congestionamento;4;"Muito alto";111;1.9;6.420;244;0.244;0;"Av. Prefeito Mário Rodrigues Pereira";"Conselheiro Lafaiete";BR;9;"2026-09-25 19:49:04";"2026-09-25 19:49:04";não
5037;133142954;Congestionamento;4;"Muito alto";141;2.4;3.940;201;0.201;2;;"Conselheiro Lafaiete";BR;18;"2026-09-25 19:47:04";"2026-09-25 19:49:04";não
5028;132216192;Congestionamento;4;"Muito alto";148;2.5;3.530;175;0.175;4;"R. Tavares de Melo";"Conselheiro Lafaiete";BR;8;"2026-09-25 19:41:04";"2026-09-25 19:45:04";não
5030;132387530;Congestionamento;3;Alto;98;1.6;6.720;240;0.24;4;"R. Monsenhor Horta";"Conselheiro Lafaiete";BR;5;"2026-09-25 19:41:04";"2026-09-25 19:45:04";não
5032;132310010;Congestionamento;3;Alto;90;1.5;11.250;442;0.442;0;"R. Francisco Lobo";"Conselheiro Lafaiete";BR;8;"2026-09-25 19:41:04";"2026-09-25 19:41:04";não
5024;131742228;Congestionamento;4;"Muito alto";119;2;3.930;157;0.157;10;"Av. das Castanheiras";"Conselheiro Lafaiete";BR;4;"2026-09-25 19:37:04";"2026-09-25 19:47:04";não
5025;132032526;Congestionamento;4;"Muito alto";137;2.3;5.730;254;0.254;0;"R. Alfredo Elias Mafuz";"Conselheiro Lafaiete";BR;5;"2026-09-25 19:37:04";"2026-09-25 19:37:04";não
5022;131378584;Congestionamento;4;"Muito alto";199;3.3;4.110;254;0.254;0;"R. Alfredo Elias Mafuz";"Conselheiro Lafaiete";BR;5;"2026-09-25 19:33:04";"2026-09-25 19:33:04";não
5019;130314388;Congestionamento;3;Alto;108;1.8;5.280;226;0.226;2;"R. Dom Silvério";"Conselheiro Lafaiete";BR;5;"2026-09-25 19:27:04";"2026-09-25 19:29:04";não
5014;129042880;Congestionamento;3;Alto;98;1.6;6.900;252;0.252;10;"R. Dias de Souza";"Conselheiro Lafaiete";BR;8;"2026-09-25 19:19:04";"2026-09-25 19:29:04";não
5015;128886810;Congestionamento;4;"Muito alto";135;2.3;4.180;189;0.189;0;"R. José Matias Rodrigues";"Conselheiro Lafaiete";BR;3;"2026-09-25 19:19:04";"2026-09-25 19:19:04";não
5016;129363552;Congestionamento;3;Alto;81;1.4;5.530;185;0.185;8;"R. Jacinto Siqueira";"Conselheiro Lafaiete";BR;4;"2026-09-25 19:19:04";"2026-09-25 19:27:04";não
5017;129426030;Congestionamento;3;Alto;85;1.4;8.040;269;0.269;0;"R. Comendador Baeta Neves";"Conselheiro Lafaiete";BR;10;"2026-09-25 19:19:04";"2026-09-25 19:19:04";não
5012;128761732;Congestionamento;3;Alto;121;2;7.520;344;0.344;29;"Pç. Barão de Queluz";"Conselheiro Lafaiete";BR;13;"2026-09-25 19:15:06";"2026-09-25 19:45:04";não
5005;127510430;Congestionamento;3;Alto;118;2;8.930;443;0.443;8;"R. Antônio Reis";"Conselheiro Lafaiete";BR;4;"2026-09-25 19:07:05";"2026-09-25 19:15:06";não
5008;127330540;Congestionamento;3;Alto;211;3.5;7.470;551;0.551;133;"R. Benjamim Constant";"Conselheiro Lafaiete";BR;15;"2026-09-25 19:07:05";"2026-09-25 21:21:04";não
5002;126978676;Congestionamento;3;Alto;90;1.5;5.680;195;0.195;8;"R. Tavares de Melo";"Conselheiro Lafaiete";BR;5;"2026-09-25 19:03:04";"2026-09-25 19:11:04";não
5000;126482250;Congestionamento;3;Alto;86;1.4;7.990;269;0.269;14;"R. Comendador Baeta Neves";"Conselheiro Lafaiete";BR;10;"2026-09-25 18:59:04";"2026-09-25 19:13:04";não
5001;126213016;Congestionamento;3;Alto;79;1.3;10.030;344;0.344;14;"Pç. Barão de Queluz";"Conselheiro Lafaiete";BR;13;"2026-09-25 18:59:04";"2026-09-25 19:13:04";não
4995;125754878;Congestionamento;3;Alto;118;2;5.570;267;0.267;0;"R. Nascif Elias";"Conselheiro Lafaiete";BR;3;"2026-09-25 18:55:04";"2026-09-25 18:55:04";não
4996;125918728;Congestionamento;3;Alto;81;1.4;9.410;322;0.322;0;"R. Comendador Baeta Neves";"Conselheiro Lafaiete";BR;11;"2026-09-25 18:55:04";"2026-09-25 18:55:04";não
4992;124472662;Congestionamento;3;Alto;111;1.9;12.100;519;0.519;0;"R. Santa Efigênia";"Conselheiro Lafaiete";BR;14;"2026-09-25 18:47:04";"2026-09-25 18:47:04";não
4988;124322178;Congestionamento;3;Alto;89;1.5;6.770;251;0.251;11;"R. Assis Andrade";"Conselheiro Lafaiete";BR;10;"2026-09-25 18:43:05";"2026-09-25 18:55:04";não
4980;123328946;Congestionamento;3;Alto;89;1.5;13.020;502;0.502;0;"R. Santa Efigênia";"Conselheiro Lafaiete";BR;17;"2026-09-25 18:39:04";"2026-09-25 18:39:04";não
4986;123383174;Congestionamento;4;"Muito alto";126;2.1;4.400;197;0.197;4;"R. Francisco Carvalho";"Conselheiro Lafaiete";BR;3;"2026-09-25 18:39:04";"2026-09-25 18:43:05";não
4977;122600904;Congestionamento;3;Alto;128;2.1;6.870;383;0.383;0;"R. Santo Antônio de Pádua";"Conselheiro Lafaiete";BR;9;"2026-09-25 18:33:03";"2026-09-25 18:33:03";não
4978;122557394;Congestionamento;3;Alto;95;1.6;5.020;175;0.175;2;"R. Tavares de Melo";"Conselheiro Lafaiete";BR;8;"2026-09-25 18:33:03";"2026-09-25 18:35:04";não
4971;120639280;Congestionamento;3;Alto;72;1.2;6.260;211;0.211;0;"R. Jaime Morais";"Conselheiro Lafaiete";BR;5;"2026-09-25 18:21:04";"2026-09-25 18:21:04";não
4972;120937156;Congestionamento;4;"Muito alto";257;4.3;2.570;209;0.209;0;"R. Tavares de Melo";"Conselheiro Lafaiete";BR;6;"2026-09-25 18:21:04";"2026-09-25 18:21:04";não
4968;119636958;Congestionamento;4;"Muito alto";246;4.1;2.680;209;0.209;2;"R. Tavares de Melo";"Conselheiro Lafaiete";BR;6;"2026-09-25 18:13:03";"2026-09-25 18:15:05";não
4956;117679488;Congestionamento;4;"Muito alto";139;2.3;4.110;186;0.186;4;"R. José Coelho";"Conselheiro Lafaiete";BR;5;"2026-09-25 18:01:04";"2026-09-25 18:05:04";não
4957;118009648;Congestionamento;3;Alto;118;2;5.730;261;0.261;0;"R. Gentil Pereira";"Conselheiro Lafaiete";BR;7;"2026-09-25 18:01:04";"2026-09-25 18:01:04";não
4959;117711162;Congestionamento;3;Alto;79;1.3;5.600;214;0.214;0;"R. Dr. Moreira";"Conselheiro Lafaiete";BR;4;"2026-09-25 18:01:04";"2026-09-25 18:01:04";não
4953;116655426;Congestionamento;3;Alto;148;2.5;7.040;377;0.377;0;"Av. Mal. Floriano Peixoto";"Conselheiro Lafaiete";BR;7;"2026-09-25 17:57:04";"2026-09-25 17:57:04";não
4951;116456008;Congestionamento;3;Alto;89;1.5;11.380;457;0.457;19;"Av. Prefeito Telésforo Cândido Resende";"Conselheiro Lafaiete";BR;9;"2026-09-25 17:53:05";"2026-09-25 18:13:03";não
4952;116668414;Congestionamento;3;Alto;84;1.4;5.400;214;0.214;0;"R. Dr. Moreira";"Conselheiro Lafaiete";BR;4;"2026-09-25 17:53:05";"2026-09-25 17:53:05";não
4946;114883498;Congestionamento;3;Alto;95;1.6;7.920;292;0.292;0;"R. Amazonas";"Conselheiro Lafaiete";BR;5;"2026-09-25 17:45:05";"2026-09-25 17:45:05";não
4947;115005568;Congestionamento;3;Alto;104;1.7;11.850;598;0.598;0;"Av. Prof. Manoel Martins";"Conselheiro Lafaiete";BR;12;"2026-09-25 17:45:05";"2026-09-25 17:45:05";não
4943;114427450;Congestionamento;3;Alto;116;1.9;4.600;201;0.201;10;"R. José Nicolau de Queiroz";"Conselheiro Lafaiete";BR;2;"2026-09-25 17:43:04";"2026-09-25 17:53:05";não
4938;114220162;Congestionamento;3;Alto;82;1.4;4.990;180;0.18;0;"R. Sete de Setembro";"Conselheiro Lafaiete";BR;2;"2026-09-25 17:39:04";"2026-09-25 17:39:04";não
4941;113795378;Congestionamento;3;Alto;99;1.7;8.700;333;0.333;4;"R. Dias de Souza";"Conselheiro Lafaiete";BR;7;"2026-09-25 17:39:04";"2026-09-25 17:43:04";não
4934;113241048;Congestionamento;4;"Muito alto";1192;19.9;0.720;247;0.247;0;"R. Amazonas";"Conselheiro Lafaiete";BR;4;"2026-09-25 17:35:05";"2026-09-25 17:35:05";não
4930;111742408;Congestionamento;4;"Muito alto";270;4.5;5.510;505;0.505;0;"R. Arthur Bernardes";"Conselheiro Lafaiete";BR;12;"2026-09-25 17:29:04";"2026-09-25 17:29:04";não
4931;112396186;Congestionamento;3;Alto;118;2;3.570;176;0.176;10;"R. Melvin Jones";"Conselheiro Lafaiete";BR;4;"2026-09-25 17:29:04";"2026-09-25 17:39:04";não
4924;109916862;Congestionamento;3;Alto;99;1.7;10.570;464;0.464;6;"R. Antônio Aureliano de Rezende";"Conselheiro Lafaiete";BR;5;"2026-09-25 17:19:04";"2026-09-25 17:25:05";não
4925;110314070;Congestionamento;3;Alto;316;5.3;4.250;233;0.233;0;"R. Benedito Alves Vieira";"Conselheiro Lafaiete";BR;3;"2026-09-25 17:19:04";"2026-09-25 17:19:04";não
4926;110396610;Congestionamento;3;Alto;92;1.5;5.620;195;0.195;24;"R. Tavares de Melo";"Conselheiro Lafaiete";BR;5;"2026-09-25 17:19:04";"2026-09-25 17:43:04";não
4927;110313804;Congestionamento;3;Alto;83;1.4;11.500;390;0.39;16;"R. Benjamim Constant";"Conselheiro Lafaiete";BR;11;"2026-09-25 17:19:04";"2026-09-25 17:35:05";não
4918;107972042;Congestionamento;4;"Muito alto";149;2.5;3.240;152;0.152;0;"R. Barão de Pouso Alegre";"Conselheiro Lafaiete";BR;2;"2026-09-25 17:07:04";"2026-09-25 17:07:04";não
4919;107940692;Congestionamento;4;"Muito alto";303;5.1;1.850;180;0.18;0;"R. Dr. Melo Viana";"Conselheiro Lafaiete";BR;8;"2026-09-25 17:07:04";"2026-09-25 17:07:04";não
4916;107061118;Congestionamento;3;Alto;99;1.7;11.820;509;0.509;22;"Av. Prefeito Telésforo Cândido Resende";"Conselheiro Lafaiete";BR;11;"2026-09-25 17:03:04";"2026-09-25 17:25:05";não
4917;106904288;Congestionamento;3;Alto;98;1.6;6.890;252;0.252;0;"R. Dias de Souza";"Conselheiro Lafaiete";BR;8;"2026-09-25 17:03:04";"2026-09-25 17:03:04";não
4913;106024972;Congestionamento;4;"Muito alto";280;4.7;1.980;180;0.18;0;"R. Dr. Melo Viana";"Conselheiro Lafaiete";BR;8;"2026-09-25 16:59:04";"2026-09-25 16:59:04";não
4909;104136640;Congestionamento;3;Alto;129;2.2;8.270;387;0.387;10;"R. Benjamim Constant";"Conselheiro Lafaiete";BR;11;"2026-09-25 16:49:04";"2026-09-25 16:59:04";não
4908;103304342;Congestionamento;3;Alto;82;1.4;11.930;457;0.457;7;"Av. Prefeito Telésforo Cândido Resende";"Conselheiro Lafaiete";BR;9;"2026-09-25 16:45:05";"2026-09-25 16:53:03";não
4905;102124648;Congestionamento;3;Alto;93;1.6;4.870;163;0.163;2;"R. Bias Fortes";"Conselheiro Lafaiete";BR;2;"2026-09-25 16:43:04";"2026-09-25 16:45:05";não
4901;98983978;Congestionamento;4;"Muito alto";117;2;5.010;200;0.2;0;"R. Valério Eugênio";"Conselheiro Lafaiete";BR;11;"2026-09-25 16:27:04";"2026-09-25 16:27:04";não
4897;98044398;Congestionamento;3;Alto;111;1.9;6.140;259;0.259;8;"R. Francisco Lourenço de Barros";"Conselheiro Lafaiete";BR;6;"2026-09-25 16:23:04";"2026-09-25 16:31:04";não
4898;97850092;Congestionamento;3;Alto;86;1.4;6.240;209;0.209;0;"R. Tavares de Melo";"Conselheiro Lafaiete";BR;6;"2026-09-25 16:23:04";"2026-09-25 16:23:04";não
4893;95694612;Congestionamento;3;Alto;148;2.5;8.880;584;0.584;3;"R. Tavares de Melo";"Conselheiro Lafaiete";BR;12;"2026-09-25 16:15:05";"2026-09-25 16:19:04";não
4892;94738906;Congestionamento;3;Alto;114;1.9;3.890;165;0.165;26;"R. Dr. José Lopes de Assis";"Conselheiro Lafaiete";BR;6;"2026-09-25 16:13:04";"2026-09-25 16:39:04";não
4889;94371658;Congestionamento;4;"Muito alto";152;2.5;4.890;252;0.252;30;"R. Dias de Souza";"Conselheiro Lafaiete";BR;8;"2026-09-25 16:09:04";"2026-09-25 16:39:04";não
4888;93372652;Congestionamento;4;"Muito alto";150;2.5;3.550;169;0.169;2;"R. Luiz Radamés de Araújo";"Conselheiro Lafaiete";BR;5;"2026-09-25 16:07:04";"2026-09-25 16:09:04";não
4885;92143492;Congestionamento;3;Alto;151;2.5;7.320;387;0.387;42;"R. Benjamim Constant";"Conselheiro Lafaiete";BR;11;"2026-09-25 16:03:04";"2026-09-25 16:45:05";não
4886;92131492;Congestionamento;3;Alto;128;2.1;7.850;377;0.377;6;"Av. Mal. Floriano Peixoto";"Conselheiro Lafaiete";BR;7;"2026-09-25 16:03:04";"2026-09-25 16:09:04";não
4887;92802898;Congestionamento;3;Alto;158;2.6;5.590;357;0.357;6;"R. Alfredo Elias Mafuz";"Conselheiro Lafaiete";BR;11;"2026-09-25 16:03:04";"2026-09-25 16:09:04";não
4878;90630800;Congestionamento;3;Alto;93;1.6;10.620;465;0.465;0;"R. Santa Efigênia";"Conselheiro Lafaiete";BR;14;"2026-09-25 15:55:05";"2026-09-25 15:55:05";não
4879;90855506;Congestionamento;3;Alto;115;1.9;3.870;165;0.165;0;"R. Dr. José Lopes de Assis";"Conselheiro Lafaiete";BR;6;"2026-09-25 15:55:05";"2026-09-25 15:55:05";não
4876;90089338;Congestionamento;3;Alto;92;1.5;7.710;266;0.266;2;"Av. Furtado";"Conselheiro Lafaiete";BR;4;"2026-09-25 15:53:04";"2026-09-25 15:55:05";não
4870;88002542;Congestionamento;4;"Muito alto";250;4.2;2.050;165;0.165;2;"R. Dr. José Lopes de Assis";"Conselheiro Lafaiete";BR;6;"2026-09-25 15:47:04";"2026-09-25 15:49:04";não
4866;87457422;Congestionamento;3;Alto;93;1.6;9.010;344;0.344;16;"Pç. Barão de Queluz";"Conselheiro Lafaiete";BR;13;"2026-09-25 15:43:04";"2026-09-25 15:59:04";não
4864;86576022;Congestionamento;3;Alto;85;1.4;9.630;344;0.344;0;"Pç. Barão de Queluz";"Conselheiro Lafaiete";BR;13;"2026-09-25 15:39:03";"2026-09-25 15:39:03";não
4862;86678696;Congestionamento;3;Alto;78;1.3;10.350;358;0.358;2;"R. Dias de Souza";"Conselheiro Lafaiete";BR;9;"2026-09-25 15:39:03";"2026-09-25 15:41:03";não
4863;86327096;Congestionamento;3;Alto;240;4;2.570;226;0.226;0;"R. Dr. Mário de Rezende Dutra";"Conselheiro Lafaiete";BR;4;"2026-09-25 15:39:03";"2026-09-25 15:39:03";não
4860;85240728;Congestionamento;3;Alto;143;2.4;3.310;166;0.166;2;"R. João Santos";"Conselheiro Lafaiete";BR;5;"2026-09-25 15:33:04";"2026-09-25 15:35:04";não
4861;85205064;Congestionamento;3;Alto;92;1.5;9.060;373;0.373;26;"R. Santa Efigênia";"Conselheiro Lafaiete";BR;9;"2026-09-25 15:33:04";"2026-09-25 15:59:04";não
4857;83828616;Congestionamento;4;"Muito alto";97;1.6;4.780;160;0.16;0;"R. Dr. Victor Bhering";"Conselheiro Lafaiete";BR;3;"2026-09-25 15:29:04";"2026-09-25 15:29:04";não
4858;83844632;Congestionamento;3;Alto;97;1.6;8.790;344;0.344;0;"Pç. Barão de Queluz";"Conselheiro Lafaiete";BR;13;"2026-09-25 15:29:04";"2026-09-25 15:29:04";não
4859;83923658;Congestionamento;3;Alto;83;1.4;4.920;165;0.165;0;"R. Dr. José Lopes de Assis";"Conselheiro Lafaiete";BR;6;"2026-09-25 15:29:04";"2026-09-25 15:29:04";não
4853;81843578;Congestionamento;3;Alto;91;1.5;4.730;179;0.179;4;"R. Miguel Garcia";"Conselheiro Lafaiete";BR;6;"2026-09-25 15:23:04";"2026-09-25 15:27:04";não
4848;79382150;Congestionamento;3;Alto;123;2.1;8.440;441;0.441;6;"R. Tavares de Melo";"Conselheiro Lafaiete";BR;9;"2026-09-25 15:13:04";"2026-09-25 15:19:06";não
4846;78665394;Congestionamento;3;Alto;139;2.3;10.980;751;0.751;0;"R. Adolfo Siqueira";"Conselheiro Lafaiete";BR;18;"2026-09-25 15:09:04";"2026-09-25 15:09:04";não
4845;75510160;Congestionamento;3;Alto;92;1.5;7.060;240;0.24;2;"R. Monsenhor Horta";"Conselheiro Lafaiete";BR;5;"2026-09-25 14:59:04";"2026-09-25 15:01:06";não
4840;69939246;Congestionamento;4;"Muito alto";129;2.2;4.560;191;0.191;8;"Av. Mal. Floriano Peixoto";"Conselheiro Lafaiete";BR;5;"2026-09-25 14:37:04";"2026-09-25 14:45:04";não
4837;67652638;Congestionamento;3;Alto;123;2.1;6.600;318;0.318;4;"R. Quincas Alves";"Conselheiro Lafaiete";BR;5;"2026-09-25 14:29:04";"2026-09-25 14:33:04";não
4834;65172830;Congestionamento;3;Alto;97;1.6;4.870;164;0.164;6;"R. Cônego João Pio";"Conselheiro Lafaiete";BR;2;"2026-09-25 14:19:04";"2026-09-25 14:25:05";não
4830;60241170;Congestionamento;4;"Muito alto";126;2.1;4.720;207;0.207;0;"R. Benedito Lobato";"Conselheiro Lafaiete";BR;4;"2026-09-25 13:59:04";"2026-09-25 13:59:04";não
4825;59377082;Congestionamento;3;Alto;94;1.6;4.560;166;0.166;0;"R. João Santos";"Conselheiro Lafaiete";BR;5;"2026-09-25 13:53:04";"2026-09-25 13:53:04";não
4828;59487410;Congestionamento;3;Alto;98;1.6;9.550;427;0.427;0;"R. Tavares de Melo";"Conselheiro Lafaiete";BR;8;"2026-09-25 13:53:04";"2026-09-25 13:53:04";não
4801;50819246;Congestionamento;3;Alto;89;1.5;7.500;268;0.268;0;"R. Lopes Franco";"Conselheiro Lafaiete";BR;3;"2026-09-25 13:15:04";"2026-09-25 13:15:04";não
4803;50925470;Congestionamento;3;Alto;87;1.5;9.440;344;0.344;0;"Pç. Barão de Queluz";"Conselheiro Lafaiete";BR;13;"2026-09-25 13:15:04";"2026-09-25 13:15:04";não
4804;50551770;Congestionamento;3;Alto;123;2.1;4.690;217;0.217;0;"R. Professora Júlia Miranda";"Conselheiro Lafaiete";BR;8;"2026-09-25 13:15:04";"2026-09-25 13:15:04";não
4797;49480364;Congestionamento;4;"Muito alto";217;3.6;3.770;280;0.28;6;"R. Benedito Lobato";"Conselheiro Lafaiete";BR;5;"2026-09-25 13:09:04";"2026-09-25 13:15:04";não
4786;45783356;Congestionamento;3;Alto;122;2;5.480;250;0.25;6;"R. José Martins Simões";"Conselheiro Lafaiete";BR;5;"2026-09-25 12:53:04";"2026-09-25 12:59:04";não
4780;43893240;Congestionamento;3;Alto;88;1.5;9.250;365;0.365;6;"R. Tavares de Melo";"Conselheiro Lafaiete";BR;7;"2026-09-25 12:43:04";"2026-09-25 12:49:04";não
4781;44195806;Congestionamento;3;Alto;100;1.7;8.170;343;0.343;10;"R. Adolfo Siqueira";"Conselheiro Lafaiete";BR;8;"2026-09-25 12:43:04";"2026-09-25 12:53:04";não
4778;42256270;Congestionamento;3;Alto;229;3.8;8.520;723;0.723;4;"R. Mauro Dutra Segundo";"Conselheiro Lafaiete";BR;15;"2026-09-25 12:35:04";"2026-09-25 12:39:04";não
4777;41748852;Congestionamento;3;Alto;85;1.4;5.620;227;0.227;8;"R. Cassiano Pereira";"Conselheiro Lafaiete";BR;4;"2026-09-25 12:31:04";"2026-09-25 12:39:04";não
4774;40831748;Congestionamento;4;"Muito alto";641;10.7;1.060;201;0.201;0;"R. José Nicolau de Queiroz";"Conselheiro Lafaiete";BR;2;"2026-09-25 12:27:04";"2026-09-25 12:27:04";não
4772;39962700;Congestionamento;3;Alto;419;7;7.250;1111;1.111;12;"Av. Geraldo Marques";"Conselheiro Lafaiete";BR;25;"2026-09-25 12:23:04";"2026-09-25 12:35:04";não
4766;38140098;Congestionamento;3;Alto;96;1.6;13.130;551;0.551;12;"R. Benjamim Constant";"Conselheiro Lafaiete";BR;15;"2026-09-25 12:11:04";"2026-09-25 12:23:04";não
4764;37308164;Congestionamento;3;Alto;84;1.4;8.250;276;0.276;0;"R. Dias de Souza";"Conselheiro Lafaiete";BR;10;"2026-09-25 12:09:03";"2026-09-25 12:09:03";não
4761;36918108;Congestionamento;3;Alto;93;1.6;7.160;247;0.247;0;"R. Rodrigues Maia";"Conselheiro Lafaiete";BR;6;"2026-09-25 12:05:05";"2026-09-25 12:05:05";não
4758;36195940;Congestionamento;3;Alto;94;1.6;12.160;504;0.504;0;"R. Lopes Franco";"Conselheiro Lafaiete";BR;6;"2026-09-25 12:01:04";"2026-09-25 12:01:04";não
4756;36050898;Congestionamento;3;Alto;104;1.7;11.950;565;0.565;0;"R. Alfredo Elias Mafuz";"Conselheiro Lafaiete";BR;12;"2026-09-25 11:59:03";"2026-09-25 11:59:03";não
4752;34354760;Congestionamento;3;Alto;254;4.2;8.170;804;0.804;14;"Av. Mal. Floriano Peixoto";"Conselheiro Lafaiete";BR;13;"2026-09-25 11:51:03";"2026-09-25 12:05:05";não
4750;33726918;Congestionamento;3;Alto;112;1.9;11.390;598;0.598;0;"Av. Prof. Manoel Martins";"Conselheiro Lafaiete";BR;12;"2026-09-25 11:49:03";"2026-09-25 11:49:03";não
4748;32833174;Congestionamento;3;Alto;133;2.2;8.450;443;0.443;12;"Av. Geraldo Marques";"Conselheiro Lafaiete";BR;12;"2026-09-25 11:43:04";"2026-09-25 11:55:05";não
4747;32597928;Congestionamento;3;Alto;196;3.3;8.820;639;0.639;9;"R. Mauro Dutra Segundo";"Conselheiro Lafaiete";BR;11;"2026-09-25 11:39:04";"2026-09-25 11:49:03";não
4744;31534744;Congestionamento;3;Alto;161;2.7;7.920;596;0.596;0;"R. Alfredo Elias Mafuz";"Conselheiro Lafaiete";BR;18;"2026-09-25 11:33:04";"2026-09-25 11:33:04";não
4740;29419556;Congestionamento;3;Alto;102;1.7;4.250;165;0.165;8;"R. Dr. José Lopes de Assis";"Conselheiro Lafaiete";BR;6;"2026-09-25 11:21:04";"2026-09-25 11:29:04";não
4741;29647282;Congestionamento;3;Alto;87;1.5;4.800;166;0.166;0;"R. João Santos";"Conselheiro Lafaiete";BR;5;"2026-09-25 11:21:04";"2026-09-25 11:21:04";não
4738;29129750;Congestionamento;3;Alto;109;1.8;4.570;170;0.17;0;"R. Francisco Lobo";"Conselheiro Lafaiete";BR;4;"2026-09-25 11:19:03";"2026-09-25 11:19:03";não
4730;25988184;Congestionamento;3;Alto;79;1.3;12.850;444;0.444;0;"R. Benjamim Constant";"Conselheiro Lafaiete";BR;12;"2026-09-25 10:59:04";"2026-09-25 10:59:04";não
4726;22811052;Congestionamento;3;Alto;97;1.6;5.900;197;0.197;0;"Av. Prof. Manoel Martins";"Conselheiro Lafaiete";BR;6;"2026-09-25 10:43:03";"2026-09-25 10:43:03";não
4724;21514864;Congestionamento;3;Alto;77;1.3;10.350;373;0.373;4;"R. João Cunha";"Conselheiro Lafaiete";BR;8;"2026-09-25 10:31:03";"2026-09-25 10:35:04";não
4723;19428232;Congestionamento;3;Alto;89;1.5;6.070;209;0.209;0;"R. Tavares de Melo";"Conselheiro Lafaiete";BR;6;"2026-09-25 10:17:04";"2026-09-25 10:17:04";não
4721;18648198;Congestionamento;3;Alto;83;1.4;4.880;165;0.165;0;"R. Dr. José Lopes de Assis";"Conselheiro Lafaiete";BR;6;"2026-09-25 10:09:04";"2026-09-25 10:09:04";não
4719;17480494;Congestionamento;3;Alto;102;1.7;5.420;199;0.199;6;"R. Amintas Junqueira";"Conselheiro Lafaiete";BR;11;"2026-09-25 10:03:04";"2026-09-25 10:09:04";não
4716;17133908;Congestionamento;3;Alto;104;1.7;4.970;194;0.194;6;"R. Santana";"Conselheiro Lafaiete";BR;5;"2026-09-25 09:59:04";"2026-09-25 10:05:04";não
4717;17368308;Congestionamento;3;Alto;98;1.6;4.350;165;0.165;6;"R. Dr. José Lopes de Assis";"Conselheiro Lafaiete";BR;6;"2026-09-25 09:59:04";"2026-09-25 10:05:04";não
4714;15634332;Congestionamento;4;"Muito alto";308;5.1;2.060;191;0.191;0;"Av. Mal. Floriano Peixoto";"Conselheiro Lafaiete";BR;5;"2026-09-25 09:45:04";"2026-09-25 09:45:04";não
4713;11763640;Congestionamento;3;Alto;85;1.4;7.270;259;0.259;0;"R. José Condé de Lima";"Conselheiro Lafaiete";BR;2;"2026-09-25 09:05:04";"2026-09-25 09:05:04";não
4705;1874918720;Congestionamento;3;Alto;102;1.7;9.950;360;0.36;0;"BR-040 Rod. Pres. Juscelino Kubitschek";"Conselheiro Lafaiete";BR;3;"2026-09-25 06:09:04";"2026-09-25 06:09:04";não
4703;1872565120;Congestionamento;3;Alto;126;2.1;5.690;268;0.268;4;"R. José de Freitas Pereira";"Conselheiro Lafaiete";BR;3;"2026-09-25 05:53:03";"2026-09-25 05:57:04";não
4702;1868216882;Congestionamento;3;Alto;93;1.6;12.420;522;0.522;0;"Av. Geraldo Plaza";"Conselheiro Lafaiete";BR;12;"2026-09-25 04:45:03";"2026-09-25 04:45:03";não
4700;1862452170;"Interdição antiga";5;Parado;;;0.000;133;0.133;2868;;"Conselheiro Lafaiete";BR;4;"2026-09-25 02:33:03";"2026-09-27 02:21:39";não
4701;1862452168;"Interdição antiga";5;Parado;;;0.000;133;0.133;2868;;"Conselheiro Lafaiete";BR;4;"2026-09-25 02:33:03";"2026-09-27 02:21:39";não
4697;1860654638;Congestionamento;3;Alto;111;1.9;9.880;523;0.523;9;"R. Amintas Junqueira";"Conselheiro Lafaiete";BR;18;"2026-09-25 02:01:04";"2026-09-25 02:11:03";não
4696;1857359766;Congestionamento;3;Alto;118;2;5.090;210;0.21;0;"Av. Mal. Floriano Peixoto";"Conselheiro Lafaiete";BR;2;"2026-09-25 01:15:04";"2026-09-25 01:15:04";não
4693;1856223940;Congestionamento;3;Alto;172;2.9;8.140;555;0.555;0;"R. Joemy Faria";"Conselheiro Lafaiete";BR;16;"2026-09-25 01:01:04";"2026-09-25 01:01:04";não
4688;1853542812;Congestionamento;3;Alto;166;2.8;9.100;598;0.598;4;"R. Lopes Franco";"Conselheiro Lafaiete";BR;8;"2026-09-25 00:29:04";"2026-09-25 00:33:04";não
4687;1852906136;Congestionamento;3;Alto;110;1.8;5.890;256;0.256;4;"R. José Emiliano Rodrigues";"Conselheiro Lafaiete";BR;6;"2026-09-25 00:25:04";"2026-09-25 00:29:04";não
4684;1850685426;Congestionamento;3;Alto;84;1.4;6.390;281;0.281;0;"R. Maria Augusta";"Conselheiro Lafaiete";BR;5;"2026-09-24 23:59:04";"2026-09-24 23:59:04";não
4682;1849833646;Congestionamento;4;"Muito alto";612;10.2;2.030;368;0.368;9;"R. Lopes Franco";"Conselheiro Lafaiete";BR;3;"2026-09-24 23:53:04";"2026-09-25 00:03:03";não
4683;1849686064;Congestionamento;3;Alto;85;1.4;5.510;208;0.208;2;"R. Maria Augusta";"Conselheiro Lafaiete";BR;4;"2026-09-24 23:53:04";"2026-09-24 23:55:05";não
4679;1849546572;Congestionamento;4;"Muito alto";367;6.1;2.360;258;0.258;0;"R. Lopes Franco";"Conselheiro Lafaiete";BR;3;"2026-09-24 23:49:04";"2026-09-24 23:49:04";não
4680;1849473106;Congestionamento;4;"Muito alto";294;4.9;2.520;227;0.227;0;"R. Joemy Faria";"Conselheiro Lafaiete";BR;7;"2026-09-24 23:49:04";"2026-09-24 23:49:04";não
4678;1848787060;Congestionamento;3;Alto;133;2.2;4.370;203;0.203;6;"R. Francisco Lobo";"Conselheiro Lafaiete";BR;4;"2026-09-24 23:43:03";"2026-09-24 23:49:04";não
4677;1847475942;Congestionamento;3;Alto;108;1.8;8.810;370;0.37;4;"R. Lopes Franco";"Conselheiro Lafaiete";BR;4;"2026-09-24 23:29:04";"2026-09-24 23:33:04";não
4676;1845478680;Congestionamento;3;Alto;98;1.6;7.150;307;0.307;0;"R. São Jorge";"Conselheiro Lafaiete";BR;4;"2026-09-24 23:11:04";"2026-09-24 23:11:04";não
4675;1844686088;Congestionamento;4;"Muito alto";137;2.3;3.790;164;0.164;0;"R. Santa Efigênia";"Conselheiro Lafaiete";BR;5;"2026-09-24 23:03:04";"2026-09-24 23:03:04";não
4669;1842828242;Congestionamento;3;Alto;80;1.3;6.720;225;0.225;0;"R. Mario Silva Reis";"Conselheiro Lafaiete";BR;4;"2026-09-24 22:49:04";"2026-09-24 22:49:04";não
4670;1842940918;Congestionamento;3;Alto;89;1.5;5.010;170;0.17;0;"R. Benedito Lobato";"Conselheiro Lafaiete";BR;3;"2026-09-24 22:49:04";"2026-09-24 22:49:04";não
4665;1841890104;Congestionamento;3;Alto;88;1.5;10.260;560;0.56;0;"R. Dr. Campolina";"Conselheiro Lafaiete";BR;11;"2026-09-24 22:39:03";"2026-09-24 22:39:03";não
4663;1841473046;Congestionamento;3;Alto;82;1.4;11.590;390;0.39;6;"R. Benjamim Constant";"Conselheiro Lafaiete";BR;11;"2026-09-24 22:35:04";"2026-09-24 22:41:04";não
4664;1841465192;Congestionamento;4;"Muito alto";112;1.9;5.750;232;0.232;0;"R. Dr. Campolina";"Conselheiro Lafaiete";BR;6;"2026-09-24 22:35:04";"2026-09-24 22:35:04";não
4662;1840620294;Congestionamento;3;Alto;143;2.4;3.980;195;0.195;0;"R. Tavares de Melo";"Conselheiro Lafaiete";BR;5;"2026-09-24 22:27:04";"2026-09-24 22:27:04";não
4659;1838732144;Congestionamento;3;Alto;163;2.7;3.490;201;0.201;0;"R. Santo Antônio de Pádua";"Conselheiro Lafaiete";BR;6;"2026-09-24 22:15:05";"2026-09-24 22:15:05";não
4655;1838444530;Congestionamento;3;Alto;89;1.5;8.010;274;0.274;2;"R. Cefisa Viana";"Conselheiro Lafaiete";BR;4;"2026-09-24 22:11:03";"2026-09-24 22:13:03";não
4656;1838413116;Congestionamento;3;Alto;117;2;7.960;347;0.347;4;"Av. Prof. Manoel Martins";"Conselheiro Lafaiete";BR;6;"2026-09-24 22:11:03";"2026-09-24 22:15:05";não
4651;1838128162;Congestionamento;4;"Muito alto";125;2.1;4.820;207;0.207;0;"R. Antônio Aureliano de Rezende";"Conselheiro Lafaiete";BR;5;"2026-09-24 22:07:04";"2026-09-24 22:07:04";não
4653;1837960248;Congestionamento;3;Alto;78;1.3;10.160;344;0.344;3;"Pç. Barão de Queluz";"Conselheiro Lafaiete";BR;13;"2026-09-24 22:07:04";"2026-09-24 22:11:03";não
4654;1837745150;Congestionamento;3;Alto;109;1.8;4.030;165;0.165;20;"R. Dr. José Lopes de Assis";"Conselheiro Lafaiete";BR;6;"2026-09-24 22:07:04";"2026-09-24 22:27:04";não
4650;1837287152;Congestionamento;4;"Muito alto";180;3;3.810;221;0.221;9;"R. Conceição Cipriano Tavares";"Conselheiro Lafaiete";BR;5;"2026-09-24 22:03:04";"2026-09-24 22:13:03";não
4646;1836908052;Congestionamento;3;Alto;98;1.6;8.720;344;0.344;0;"Pç. Barão de Queluz";"Conselheiro Lafaiete";BR;13;"2026-09-24 22:01:04";"2026-09-24 22:01:04";não
4647;1837158830;Congestionamento;3;Alto;107;1.8;9.100;415;0.415;2;"R. Lopes Franco";"Conselheiro Lafaiete";BR;5;"2026-09-24 22:01:04";"2026-09-24 22:03:04";não
4648;1837119472;Congestionamento;3;Alto;87;1.5;8.180;274;0.274;2;"R. Cefisa Viana";"Conselheiro Lafaiete";BR;4;"2026-09-24 22:01:04";"2026-09-24 22:03:04";não
4649;1837128348;Congestionamento;3;Alto;129;2.2;3.560;165;0.165;0;"R. Dr. José Lopes de Assis";"Conselheiro Lafaiete";BR;6;"2026-09-24 22:01:04";"2026-09-24 22:01:04";não
4643;1836865990;Congestionamento;4;"Muito alto";120;2;4.550;182;0.182;4;"R. Valério Eugênio";"Conselheiro Lafaiete";BR;10;"2026-09-24 21:59:03";"2026-09-24 22:03:04";não
4644;1836917206;Congestionamento;3;Alto;87;1.5;8.180;274;0.274;0;"R. Cefisa Viana";"Conselheiro Lafaiete";BR;4;"2026-09-24 21:59:03";"2026-09-24 21:59:03";não
4638;1835278602;Congestionamento;3;Alto;144;2.4;3.730;186;0.186;7;"R. Aristides Francisco Pinto";"Conselheiro Lafaiete";BR;3;"2026-09-24 21:51:04";"2026-09-24 21:59:03";não
4639;1835755652;Congestionamento;4;"Muito alto";1002;16.7;0.560;161;0.161;0;"R. Francisco Lourenço de Barros";"Conselheiro Lafaiete";BR;3;"2026-09-24 21:51:04";"2026-09-24 21:51:04";não
4640;1835795004;Congestionamento;4;"Muito alto";107;1.8;5.920;223;0.223;0;"R. Ruth de Souza";"Conselheiro Lafaiete";BR;8;"2026-09-24 21:51:04";"2026-09-24 21:51:04";não
4641;1835411224;Congestionamento;3;Alto;85;1.4;4.800;165;0.165;4;"R. Dr. José Lopes de Assis";"Conselheiro Lafaiete";BR;6;"2026-09-24 21:51:04";"2026-09-24 21:55:04";não
4635;1835090652;Congestionamento;3;Alto;116;1.9;11.890;598;0.598;25;"R. Pe. Lobo";"Conselheiro Lafaiete";BR;10;"2026-09-24 21:47:04";"2026-09-24 22:13:03";não
4632;1834487824;Congestionamento;3;Alto;90;1.5;9.600;347;0.347;0;"Av. Prof. Manoel Martins";"Conselheiro Lafaiete";BR;6;"2026-09-24 21:43:05";"2026-09-24 21:43:05";não
4634;1834621588;Congestionamento;3;Alto;111;1.9;7.960;344;0.344;11;"Pç. Barão de Queluz";"Conselheiro Lafaiete";BR;13;"2026-09-24 21:43:05";"2026-09-24 21:55:04";não
4631;1833803420;Congestionamento;3;Alto;99;1.7;5.300;185;0.185;0;"Pç. Barão de Queluz";"Conselheiro Lafaiete";BR;8;"2026-09-24 21:39:04";"2026-09-24 21:39:04";não
4625;1833235942;Congestionamento;3;Alto;118;2;7.620;344;0.344;0;"Pç. Barão de Queluz";"Conselheiro Lafaiete";BR;13;"2026-09-24 21:35:04";"2026-09-24 21:35:04";não
4626;1833534446;Congestionamento;3;Alto;139;2.3;5.190;259;0.259;0;"R. Francisco Lourenço de Barros";"Conselheiro Lafaiete";BR;6;"2026-09-24 21:35:04";"2026-09-24 21:35:04";não
4628;1833329908;Congestionamento;3;Alto;84;1.4;13.310;521;0.521;20;"Av. Prefeito Telésforo Cândido Resende";"Conselheiro Lafaiete";BR;12;"2026-09-24 21:35:04";"2026-09-24 21:55:04";não
4622;1833068880;Congestionamento;4;"Muito alto";248;4.1;2.150;161;0.161;0;"R. Francisco Lourenço de Barros";"Conselheiro Lafaiete";BR;3;"2026-09-24 21:31:04";"2026-09-24 21:31:04";não
4623;1832727652;Congestionamento;3;Alto;107;1.8;6.780;269;0.269;12;"R. Comendador Baeta Neves";"Conselheiro Lafaiete";BR;10;"2026-09-24 21:31:04";"2026-09-24 21:43:05";não
4624;1832798404;Congestionamento;4;"Muito alto";174;2.9;4.340;259;0.259;0;"R. Francisco Lourenço de Barros";"Conselheiro Lafaiete";BR;6;"2026-09-24 21:31:04";"2026-09-24 21:31:04";não
4618;1832575124;Congestionamento;3;Alto;123;2.1;9.090;434;0.434;10;"Av. Geraldo Plaza";"Conselheiro Lafaiete";BR;8;"2026-09-24 21:29:03";"2026-09-24 21:39:04";não
4619;1832544546;Congestionamento;4;"Muito alto";160;2.7;3.200;161;0.161;0;"R. Francisco Lourenço de Barros";"Conselheiro Lafaiete";BR;3;"2026-09-24 21:29:03";"2026-09-24 21:29:03";não
4620;1832372524;Congestionamento;4;"Muito alto";147;2.5;4.750;248;0.248;6;"R. João Franco Ribeiro";"Conselheiro Lafaiete";BR;6;"2026-09-24 21:29:03";"2026-09-24 21:35:04";não
4621;1832629924;Congestionamento;3;Alto;88;1.5;9.370;344;0.344;2;"Pç. Barão de Queluz";"Conselheiro Lafaiete";BR;13;"2026-09-24 21:29:03";"2026-09-24 21:31:04";não
4614;1832145424;Congestionamento;3;Alto;85;1.4;10.620;427;0.427;6;"Av. Prof. Manoel Martins";"Conselheiro Lafaiete";BR;9;"2026-09-24 21:25:04";"2026-09-24 21:31:04";não
4615;1832048180;Congestionamento;4;"Muito alto";106;1.8;4.650;161;0.161;0;"R. Ruth de Souza";"Conselheiro Lafaiete";BR;6;"2026-09-24 21:25:04";"2026-09-24 21:25:04";não
4616;1831985004;Congestionamento;3;Alto;90;1.5;8.590;324;0.324;0;"R. Santa Efigênia";"Conselheiro Lafaiete";BR;9;"2026-09-24 21:25:04";"2026-09-24 21:25:04";não
4617;1831812144;Congestionamento;3;Alto;135;2.3;3.470;166;0.166;6;"R. João Santos";"Conselheiro Lafaiete";BR;5;"2026-09-24 21:25:04";"2026-09-24 21:31:04";não
4608;1831696262;Congestionamento;4;"Muito alto";237;4;4.560;344;0.344;10;"R. Pe. Lobo";"Conselheiro Lafaiete";BR;4;"2026-09-24 21:21:03";"2026-09-24 21:31:04";não
4609;1831422274;Congestionamento;3;Alto;103;1.7;11.120;482;0.482;8;"R. Lopes Franco";"Conselheiro Lafaiete";BR;5;"2026-09-24 21:21:03";"2026-09-24 21:29:03";não
4611;1831273448;Congestionamento;3;Alto;88;1.5;9.430;402;0.402;2;"R. Josefina Martins";"Conselheiro Lafaiete";BR;10;"2026-09-24 21:21:03";"2026-09-24 21:23:04";não
4605;1830945114;Congestionamento;3;Alto;127;2.1;4.560;199;0.199;14;"R. Amintas Junqueira";"Conselheiro Lafaiete";BR;11;"2026-09-24 21:17:04";"2026-09-24 21:31:04";não
4597;1829099708;Congestionamento;3;Alto;113;1.9;3.970;166;0.166;11;"R. João Santos";"Conselheiro Lafaiete";BR;5;"2026-09-24 21:05:05";"2026-09-24 21:17:04";não
4599;1829190008;Congestionamento;3;Alto;78;1.3;11.720;465;0.465;3;"R. Santa Efigênia";"Conselheiro Lafaiete";BR;14;"2026-09-24 21:05:05";"2026-09-24 21:09:04";não
4586;1827480356;Congestionamento;3;Alto;78;1.3;9.630;322;0.322;0;"R. Comendador Baeta Neves";"Conselheiro Lafaiete";BR;11;"2026-09-24 20:51:04";"2026-09-24 20:51:04";não
4587;1827413408;Congestionamento;3;Alto;120;2;11.360;551;0.551;48;"R. Benjamim Constant";"Conselheiro Lafaiete";BR;15;"2026-09-24 20:51:04";"2026-09-24 21:39:04";não
4588;1827581680;Congestionamento;3;Alto;112;1.9;6.080;285;0.285;0;;"Conselheiro Lafaiete";BR;20;"2026-09-24 20:51:04";"2026-09-24 20:51:04";não
4589;1827127748;Congestionamento;3;Alto;200;3.3;4.720;357;0.357;8;"R. Alfredo Elias Mafuz";"Conselheiro Lafaiete";BR;11;"2026-09-24 20:51:04";"2026-09-24 20:59:04";não
4579;1826870502;Congestionamento;3;Alto;66;1.1;6.220;208;0.208;8;"R. Aquino Baêta Neves";"Conselheiro Lafaiete";BR;4;"2026-09-24 20:47:04";"2026-09-24 20:55:04";não
4581;1826947752;Congestionamento;3;Alto;92;1.5;5.660;193;0.193;8;"R. Monsenhor Barreto";"Conselheiro Lafaiete";BR;6;"2026-09-24 20:47:04";"2026-09-24 20:55:04";não
4582;1826597692;Congestionamento;3;Alto;346;5.8;2.630;310;0.31;0;"R. Dudu Nascimento";"Conselheiro Lafaiete";BR;6;"2026-09-24 20:47:04";"2026-09-24 20:47:04";não
4576;1826371030;Congestionamento;3;Alto;112;1.9;4.780;197;0.197;0;"R. Dr. Moreira";"Conselheiro Lafaiete";BR;4;"2026-09-24 20:43:04";"2026-09-24 20:43:04";não
4577;1826524278;Congestionamento;3;Alto;88;1.5;9.600;325;0.325;4;"R. Benjamim Constant";"Conselheiro Lafaiete";BR;9;"2026-09-24 20:43:04";"2026-09-24 20:47:04";não
4578;1826230436;Congestionamento;3;Alto;89;1.5;4.670;165;0.165;42;"R. Dr. José Lopes de Assis";"Conselheiro Lafaiete";BR;6;"2026-09-24 20:43:04";"2026-09-24 21:25:04";não
4572;1825903074;Congestionamento;3;Alto;183;3.1;5.140;344;0.344;20;"R. Josefina Martins";"Conselheiro Lafaiete";BR;9;"2026-09-24 20:39:04";"2026-09-24 20:59:04";não
4574;1826056362;Congestionamento;3;Alto;106;1.8;7.790;296;0.296;0;"R. Francisco Lobo";"Conselheiro Lafaiete";BR;7;"2026-09-24 20:39:04";"2026-09-24 20:39:04";não
4569;1825514170;Congestionamento;3;Alto;84;1.4;7.530;261;0.261;12;"R. José Felisberto";"Conselheiro Lafaiete";BR;3;"2026-09-24 20:35:04";"2026-09-24 20:47:04";não
4561;1824970986;Congestionamento;3;Alto;89;1.5;13.170;532;0.532;14;"R. Santa Matilde";"Conselheiro Lafaiete";BR;11;"2026-09-24 20:33:04";"2026-09-24 20:47:04";não
4564;1825124636;Congestionamento;3;Alto;118;2;6.420;276;0.276;22;"R. Dias de Souza";"Conselheiro Lafaiete";BR;10;"2026-09-24 20:33:04";"2026-09-24 20:55:04";não
4555;1824495996;Congestionamento;3;Alto;85;1.4;5.820;197;0.197;0;"R. Dr. Moreira";"Conselheiro Lafaiete";BR;4;"2026-09-24 20:29:04";"2026-09-24 20:29:04";não
4556;1824597620;Congestionamento;3;Alto;82;1.4;7.860;279;0.279;0;"R. Lopes Franco";"Conselheiro Lafaiete";BR;5;"2026-09-24 20:29:04";"2026-09-24 20:29:04";não
4557;1824675220;Congestionamento;3;Alto;86;1.4;7.290;246;0.246;0;"Pç. São Sebastião";"Conselheiro Lafaiete";BR;7;"2026-09-24 20:29:04";"2026-09-24 20:29:04";não
4558;1824667480;Congestionamento;3;Alto;91;1.5;7.980;302;0.302;14;"R. Horácio de Queiroz";"Conselheiro Lafaiete";BR;5;"2026-09-24 20:29:04";"2026-09-24 20:43:04";não
4559;1824773086;Congestionamento;3;Alto;144;2.4;5.410;311;0.311;6;"R. Augusto Getúlio Vieira";"Conselheiro Lafaiete";BR;3;"2026-09-24 20:29:04";"2026-09-24 20:35:04";não
4560;1824635804;Congestionamento;4;"Muito alto";117;2;4.860;191;0.191;0;"Av. Mal. Floriano Peixoto";"Conselheiro Lafaiete";BR;5;"2026-09-24 20:29:04";"2026-09-24 20:29:04";não
4547;1823963230;Congestionamento;3;Alto;80;1.3;9.490;322;0.322;0;"R. Comendador Baeta Neves";"Conselheiro Lafaiete";BR;11;"2026-09-24 20:23:03";"2026-09-24 20:23:03";não
4548;1823866914;Congestionamento;4;"Muito alto";151;2.5;5.210;261;0.261;32;"Av. Monsenhor Moreira";"Conselheiro Lafaiete";BR;7;"2026-09-24 20:23:03";"2026-09-24 20:55:04";não
4550;1823964448;Congestionamento;3;Alto;111;1.9;5.720;229;0.229;2;"Pç. São Sebastião";"Conselheiro Lafaiete";BR;6;"2026-09-24 20:23:03";"2026-09-24 20:25:05";não
4553;1823815178;Congestionamento;3;Alto;94;1.6;7.840;302;0.302;0;"R. Horácio de Queiroz";"Conselheiro Lafaiete";BR;5;"2026-09-24 20:23:03";"2026-09-24 20:23:03";não
4542;1823684528;Congestionamento;4;"Muito alto";233;3.9;4.400;331;0.331;0;"R. Da. Rosa Dutra";"Conselheiro Lafaiete";BR;7;"2026-09-24 20:19:04";"2026-09-24 20:19:04";não
4545;1823594464;Congestionamento;3;Alto;88;1.5;5.690;197;0.197;3;"R. Dr. Moreira";"Conselheiro Lafaiete";BR;4;"2026-09-24 20:19:04";"2026-09-24 20:23:03";não
4541;1820471158;Congestionamento;3;Alto;103;1.7;8.410;344;0.344;69;"Pç. Barão de Queluz";"Conselheiro Lafaiete";BR;13;"2026-09-24 20:15:05";"2026-09-24 21:25:04";não
4533;1822884618;Congestionamento;3;Alto;111;1.9;5.770;238;0.238;2;"R. Eng. Nelson Teixeira";"Conselheiro Lafaiete";BR;4;"2026-09-24 20:13:03";"2026-09-24 20:15:05";não
4534;1822743830;Congestionamento;3;Alto;138;2.3;4.050;197;0.197;2;"R. Dr. Moreira";"Conselheiro Lafaiete";BR;4;"2026-09-24 20:13:03";"2026-09-24 20:15:05";não
4536;1822790462;Congestionamento;3;Alto;139;2.3;9.840;574;0.574;10;"Av. Furtado";"Conselheiro Lafaiete";BR;10;"2026-09-24 20:13:03";"2026-09-24 20:23:03";não
4526;1822251708;Congestionamento;3;Alto;116;1.9;5.600;238;0.238;0;"R. Eng. Nelson Teixeira";"Conselheiro Lafaiete";BR;4;"2026-09-24 20:09:04";"2026-09-24 20:09:04";não
4527;1822279412;Congestionamento;3;Alto;129;2.2;3.580;166;0.166;0;"R. João Santos";"Conselheiro Lafaiete";BR;5;"2026-09-24 20:09:04";"2026-09-24 20:09:04";não
4528;1822404266;Congestionamento;3;Alto;163;2.7;11.090;806;0.806;10;"R. Dias de Souza";"Conselheiro Lafaiete";BR;19;"2026-09-24 20:09:04";"2026-09-24 20:19:04";não
4530;1822373448;Congestionamento;3;Alto;118;2;11.680;720;0.72;20;"R. Santa Efigênia";"Conselheiro Lafaiete";BR;23;"2026-09-24 20:09:04";"2026-09-24 20:29:04";não
4523;1822094182;Congestionamento;3;Alto;117;2;7.080;320;0.32;0;"Pç. São Sebastião";"Conselheiro Lafaiete";BR;12;"2026-09-24 20:05:05";"2026-09-24 20:05:05";não
4520;1821563558;Congestionamento;4;"Muito alto";181;3;6.370;390;0.39;38;"R. Benjamim Constant";"Conselheiro Lafaiete";BR;11;"2026-09-24 20:01:04";"2026-09-24 20:39:04";não
4516;1820936688;Congestionamento;3;Alto;148;2.5;3.180;165;0.165;22;"R. Dr. José Lopes de Assis";"Conselheiro Lafaiete";BR;6;"2026-09-24 19:53:05";"2026-09-24 20:15:05";não
4514;1820785504;Congestionamento;3;Alto;100;1.7;11.770;509;0.509;89;"Av. Prefeito Telésforo Cândido Resende";"Conselheiro Lafaiete";BR;11;"2026-09-24 19:51:04";"2026-09-24 21:21:03";não
4512;1820358322;Congestionamento;3;Alto;166;2.8;7.510;456;0.456;0;"R. Francisco Lobo";"Conselheiro Lafaiete";BR;8;"2026-09-24 19:47:05";"2026-09-24 19:47:05";não
4513;1820281840;Congestionamento;3;Alto;124;2.1;10.760;581;0.581;13;"R. Dias de Souza";"Conselheiro Lafaiete";BR;14;"2026-09-24 19:47:05";"2026-09-24 20:01:04";não
4508;1819851894;Congestionamento;3;Alto;91;1.5;5.340;223;0.223;8;"R. Esmeralda";"Conselheiro Lafaiete";BR;3;"2026-09-24 19:43:04";"2026-09-24 19:51:04";não
4505;1818651316;Congestionamento;4;"Muito alto";140;2.3;3.440;152;0.152;11;"R. Joemy Faria";"Conselheiro Lafaiete";BR;6;"2026-09-24 19:31:05";"2026-09-24 19:43:04";não
4497;1818266650;Congestionamento;4;"Muito alto";368;6.1;2.200;330;0.33;0;"R. José Nicolau de Queiroz";"Conselheiro Lafaiete";BR;3;"2026-09-24 19:25:04";"2026-09-24 19:25:04";não
4499;1817987298;Congestionamento;3;Alto;102;1.7;10.050;382;0.382;2;"R. Simão Leonardo Mendes";"Conselheiro Lafaiete";BR;4;"2026-09-24 19:25:04";"2026-09-24 19:27:04";não
4487;1816205986;Congestionamento;3;Alto;104;1.7;6.580;252;0.252;0;"R. Dias de Souza";"Conselheiro Lafaiete";BR;8;"2026-09-24 19:05:04";"2026-09-24 19:05:04";não
4482;1815004060;Congestionamento;4;"Muito alto";149;2.5;4.110;204;0.204;8;"R. Dr. Campolina";"Conselheiro Lafaiete";BR;5;"2026-09-24 18:53:04";"2026-09-24 19:01:04";não
4483;1815131894;Congestionamento;3;Alto;77;1.3;16.540;618;0.618;4;"BR-040 S Rod. Pres. Juscelino Kubitschek";"Conselheiro Lafaiete";BR;8;"2026-09-24 18:53:04";"2026-09-24 18:57:04";não
4480;1814909318;Congestionamento;3;Alto;102;1.7;6.860;260;0.26;0;"R. Francisco Ferreira de Resende";"Conselheiro Lafaiete";BR;4;"2026-09-24 18:49:04";"2026-09-24 18:49:04";não
4475;1814450140;Congestionamento;3;Alto;191;3.2;10.570;796;0.796;6;"R. Santa Matilde";"Conselheiro Lafaiete";BR;15;"2026-09-24 18:43:04";"2026-09-24 18:49:04";não
4476;1814287454;Congestionamento;3;Alto;85;1.4;8.020;290;0.29;0;"R. Maria Joana da Silva";"Conselheiro Lafaiete";BR;10;"2026-09-24 18:43:04";"2026-09-24 18:43:04";não
4468;1813566040;Congestionamento;4;"Muito alto";157;2.6;3.200;158;0.158;0;"R. Arthur Bernardes";"Conselheiro Lafaiete";BR;5;"2026-09-24 18:33:04";"2026-09-24 18:33:04";não
4469;1813422758;Congestionamento;4;"Muito alto";134;2.2;4.480;204;0.204;0;"R. Dr. Campolina";"Conselheiro Lafaiete";BR;5;"2026-09-24 18:33:04";"2026-09-24 18:33:04";não
4465;1813161402;Congestionamento;3;Alto;153;2.6;7.270;440;0.44;0;"R. Tavares de Melo";"Conselheiro Lafaiete";BR;10;"2026-09-24 18:29:04";"2026-09-24 18:29:04";não
4463;1812836706;Congestionamento;4;"Muito alto";102;1.7;4.550;160;0.16;6;"R. Alfredo Elias Mafuz";"Conselheiro Lafaiete";BR;6;"2026-09-24 18:27:03";"2026-09-24 18:33:04";não
4460;1812674048;Congestionamento;4;"Muito alto";1145;19.1;0.910;310;0.31;0;"R. Dudu Nascimento";"Conselheiro Lafaiete";BR;6;"2026-09-24 18:23:04";"2026-09-24 18:23:04";não
4456;1811427756;Congestionamento;3;Alto;151;2.5;5.280;291;0.291;4;"R. Monsenhor Horta";"Conselheiro Lafaiete";BR;6;"2026-09-24 18:11:04";"2026-09-24 18:15:05";não
4455;1811053038;Congestionamento;3;Alto;82;1.4;10.810;427;0.427;4;"Av. Prof. Manoel Martins";"Conselheiro Lafaiete";BR;9;"2026-09-24 18:07:04";"2026-09-24 18:11:04";não
4452;1810653480;Congestionamento;3;Alto;85;1.4;5.110;425;0.425;4;"R. Ana Luiza de Castro";"Conselheiro Lafaiete";BR;5;"2026-09-24 18:03:04";"2026-09-24 18:07:04";não
4448;1809779120;Congestionamento;3;Alto;87;1.5;9.290;365;0.365;0;"R. Tavares de Melo";"Conselheiro Lafaiete";BR;7;"2026-09-24 17:55:05";"2026-09-24 17:55:05";não
4439;1808198734;Congestionamento;4;"Muito alto";82;1.4;8.410;305;0.305;2;"R. Monsenhor Horta";"Conselheiro Lafaiete";BR;7;"2026-09-24 17:43:04";"2026-09-24 17:45:05";não
4433;1806946032;Congestionamento;3;Alto;90;1.5;7.170;240;0.24;4;"R. Monsenhor Horta";"Conselheiro Lafaiete";BR;5;"2026-09-24 17:35:04";"2026-09-24 17:39:04";não
4432;1806781866;Congestionamento;3;Alto;136;2.3;10.090;598;0.598;8;"Av. Prof. Manoel Martins";"Conselheiro Lafaiete";BR;12;"2026-09-24 17:31:04";"2026-09-24 17:39:04";não
4431;1806293894;Congestionamento;3;Alto;108;1.8;5.770;211;0.211;4;"R. Ver. José Boaventura Celestino";"Conselheiro Lafaiete";BR;4;"2026-09-24 17:27:04";"2026-09-24 17:31:04";não
4427;1805548264;Congestionamento;4;"Muito alto";226;3.8;2.600;191;0.191;0;"R. Santo Antônio de Pádua";"Conselheiro Lafaiete";BR;4;"2026-09-24 17:23:04";"2026-09-24 17:23:04";não
4426;1804646726;Congestionamento;4;"Muito alto";159;2.7;3.540;174;0.174;3;"R. Sílvio Rosa de Lima";"Conselheiro Lafaiete";BR;3;"2026-09-24 17:19:05";"2026-09-24 17:23:04";não
4423;1804055542;Congestionamento;3;Alto;134;2.2;5.670;269;0.269;0;"R. Amazonas";"Conselheiro Lafaiete";BR;4;"2026-09-24 17:13:04";"2026-09-24 17:13:04";não
4422;1803833452;Congestionamento;3;Alto;117;2;6.000;340;0.34;0;"R. Melvin Jones";"Conselheiro Lafaiete";BR;6;"2026-09-24 17:11:03";"2026-09-24 17:11:03";não
4419;1802654020;Congestionamento;3;Alto;134;2.2;9.660;538;0.538;3;"R. Dias de Souza";"Conselheiro Lafaiete";BR;13;"2026-09-24 17:05:05";"2026-09-24 17:09:03";não
4416;1802160342;Congestionamento;3;Alto;157;2.6;4.400;255;0.255;12;"R. Jacinto Siqueira";"Conselheiro Lafaiete";BR;5;"2026-09-24 16:59:03";"2026-09-24 17:11:03";não
4409;1798644194;Congestionamento;3;Alto;157;2.6;6.960;427;0.427;4;"R. Tavares de Melo";"Conselheiro Lafaiete";BR;8;"2026-09-24 16:39:04";"2026-09-24 16:43:04";não
4407;1797212424;Congestionamento;3;Alto;104;1.7;11.900;598;0.598;2;"Av. Prof. Manoel Martins";"Conselheiro Lafaiete";BR;12;"2026-09-24 16:33:04";"2026-09-24 16:35:04";não
4406;1796649314;Congestionamento;3;Alto;91;1.5;7.110;259;0.259;10;"R. Francisco Lourenço de Barros";"Conselheiro Lafaiete";BR;6;"2026-09-24 16:29:04";"2026-09-24 16:39:04";não
4398;1793876672;Congestionamento;3;Alto;90;1.5;10.850;375;0.375;0;"Vd. Duartina Nogueira de Rezende";"Conselheiro Lafaiete";BR;13;"2026-09-24 16:15:04";"2026-09-24 16:15:04";não
4399;1793769854;Congestionamento;3;Alto;92;1.5;11.670;444;0.444;11;"R. Benjamim Constant";"Conselheiro Lafaiete";BR;12;"2026-09-24 16:15:04";"2026-09-24 16:27:03";não
4396;1792607268;Congestionamento;3;Alto;86;1.4;10.420;385;0.385;2;"Av. Furtado";"Conselheiro Lafaiete";BR;7;"2026-09-24 16:13:04";"2026-09-24 16:15:04";não
4391;1791524634;Congestionamento;3;Alto;143;2.4;3.280;165;0.165;30;"R. Dr. José Lopes de Assis";"Conselheiro Lafaiete";BR;6;"2026-09-24 16:05:04";"2026-09-24 16:35:04";não
4393;1791409912;Congestionamento;3;Alto;117;2;7.470;371;0.371;4;"R. João Franco Ribeiro";"Conselheiro Lafaiete";BR;8;"2026-09-24 16:05:04";"2026-09-24 16:09:04";não
4386;1790436612;Congestionamento;4;"Muito alto";145;2.4;3.520;166;0.166;2;"Pç. São Sebastião";"Conselheiro Lafaiete";BR;5;"2026-09-24 15:59:03";"2026-09-24 16:01:03";não
4387;1790148710;Congestionamento;3;Alto;115;1.9;12.170;604;0.604;10;"R. Santa Matilde";"Conselheiro Lafaiete";BR;12;"2026-09-24 15:59:03";"2026-09-24 16:09:04";não
4382;1789580908;Congestionamento;4;"Muito alto";182;3;2.830;162;0.162;2;"R. Sen. Milton Campos";"Conselheiro Lafaiete";BR;3;"2026-09-24 15:57:03";"2026-09-24 15:59:03";não
4384;1789773778;Congestionamento;3;Alto;110;1.8;8.820;385;0.385;12;"Av. Furtado";"Conselheiro Lafaiete";BR;7;"2026-09-24 15:57:03";"2026-09-24 16:09:04";não
4379;1789016882;Congestionamento;3;Alto;80;1.3;6.020;201;0.201;12;"R. Dom Pedro I";"Conselheiro Lafaiete";BR;3;"2026-09-24 15:53:04";"2026-09-24 16:05:04";não
4378;1788227352;Congestionamento;4;"Muito alto";166;2.8;4.510;259;0.259;14;"R. Francisco Lourenço de Barros";"Conselheiro Lafaiete";BR;6;"2026-09-24 15:51:03";"2026-09-24 16:05:04";não
4374;1787857170;Congestionamento;3;Alto;137;2.3;6.550;381;0.381;2;"R. Bias Fortes";"Conselheiro Lafaiete";BR;6;"2026-09-24 15:49:03";"2026-09-24 15:51:03";não
4376;1788077730;Congestionamento;3;Alto;115;1.9;9.980;444;0.444;12;"R. Benjamim Constant";"Conselheiro Lafaiete";BR;12;"2026-09-24 15:49:03";"2026-09-24 16:01:03";não
4377;1787537328;Congestionamento;4;"Muito alto";182;3;2.720;166;0.166;4;"R. João Santos";"Conselheiro Lafaiete";BR;5;"2026-09-24 15:49:03";"2026-09-24 15:53:04";não
4364;1784980834;Congestionamento;3;Alto;100;1.7;5.060;175;0.175;3;"R. João Cunha";"Conselheiro Lafaiete";BR;3;"2026-09-24 15:35:05";"2026-09-24 15:39:04";não
4365;1784562194;Congestionamento;3;Alto;109;1.8;6.870;290;0.29;17;"R. Santa Efigênia";"Conselheiro Lafaiete";BR;8;"2026-09-24 15:35:05";"2026-09-24 15:53:04";não
4362;1784073300;Congestionamento;4;"Muito alto";189;3.2;4.060;259;0.259;6;"R. Francisco Lourenço de Barros";"Conselheiro Lafaiete";BR;6;"2026-09-24 15:33:04";"2026-09-24 15:39:04";não
4363;1783839610;Congestionamento;3;Alto;107;1.8;4.080;165;0.165;20;"R. Dr. José Lopes de Assis";"Conselheiro Lafaiete";BR;6;"2026-09-24 15:33:04";"2026-09-24 15:53:04";não
4358;1781878836;Congestionamento;3;Alto;127;2.1;6.310;291;0.291;0;"R. Prof. Manoel Lino";"Conselheiro Lafaiete";BR;4;"2026-09-24 15:23:04";"2026-09-24 15:23:04";não
4357;1780107342;Congestionamento;3;Alto;85;1.4;9.860;336;0.336;3;"R. Ver. José Boaventura Celestino";"Conselheiro Lafaiete";BR;7;"2026-09-24 15:15:05";"2026-09-24 15:19:04";não
4353;1779808392;Congestionamento;3;Alto;152;2.5;10.920;670;0.67;10;"R. Mauro Dutra Segundo";"Conselheiro Lafaiete";BR;13;"2026-09-24 15:13:04";"2026-09-24 15:23:04";não
4354;1779125924;Congestionamento;3;Alto;80;1.3;8.840;307;0.307;6;"R. Cônego João Pio";"Conselheiro Lafaiete";BR;6;"2026-09-24 15:13:04";"2026-09-24 15:19:04";não
4352;1778605534;Congestionamento;4;"Muito alto";127;2.1;4.610;211;0.211;0;"R. Alfredo Zebral";"Conselheiro Lafaiete";BR;5;"2026-09-24 15:09:04";"2026-09-24 15:09:04";não
4350;1778372838;Congestionamento;4;"Muito alto";1129;18.8;0.560;210;0.21;0;"R. Antônio Almeida dos Santos";"Conselheiro Lafaiete";BR;3;"2026-09-24 15:09:04";"2026-09-24 15:09:04";não
4347;1775391434;Congestionamento;3;Alto;117;2;6.010;262;0.262;14;"R. Antônio Reis";"Conselheiro Lafaiete";BR;6;"2026-09-24 14:55:04";"2026-09-24 15:09:04";não
4343;1772229568;Congestionamento;3;Alto;78;1.3;9.780;346;0.346;0;"R. Alfredo Elias Mafuz";"Conselheiro Lafaiete";BR;7;"2026-09-24 14:41:04";"2026-09-24 14:41:04";não
4344;1771985120;Congestionamento;3;Alto;137;2.3;6.740;371;0.371;11;"R. João Franco Ribeiro";"Conselheiro Lafaiete";BR;8;"2026-09-24 14:41:04";"2026-09-24 14:53:03";não
4341;1770778628;Congestionamento;3;Alto;94;1.6;7.540;319;0.319;4;"R. Edir Antônio Vieira de Rezende";"Conselheiro Lafaiete";BR;6;"2026-09-24 14:37:04";"2026-09-24 14:41:04";não
4339;1768742434;Congestionamento;3;Alto;105;1.8;4.430;160;0.16;8;"R. Vitor Eduardo Purri da Silva";"Conselheiro Lafaiete";BR;4;"2026-09-24 14:25:04";"2026-09-24 14:33:04";não
4335;1767986116;Congestionamento;3;Alto;92;1.5;5.630;195;0.195;0;"R. Tavares de Melo";"Conselheiro Lafaiete";BR;5;"2026-09-24 14:21:04";"2026-09-24 14:21:04";não
4334;1767167242;Congestionamento;3;Alto;111;1.9;11.410;598;0.598;4;"Av. Prof. Manoel Martins";"Conselheiro Lafaiete";BR;12;"2026-09-24 14:17:04";"2026-09-24 14:21:04";não
4332;1766119792;Congestionamento;3;Alto;88;1.5;5.800;195;0.195;0;"R. Tavares de Melo";"Conselheiro Lafaiete";BR;5;"2026-09-24 14:13:04";"2026-09-24 14:13:04";não
4331;1765694868;Congestionamento;3;Alto;88;1.5;6.150;209;0.209;0;"R. Tavares de Melo";"Conselheiro Lafaiete";BR;6;"2026-09-24 14:09:04";"2026-09-24 14:09:04";não
4327;1760535042;Congestionamento;3;Alto;93;1.6;7.300;247;0.247;0;"R. Barão de Pouso Alegre";"Conselheiro Lafaiete";BR;3;"2026-09-24 13:45:04";"2026-09-24 13:45:04";não
4320;1758306020;Congestionamento;3;Alto;175;2.9;3.980;238;0.238;8;"R. Santo Antônio de Pádua";"Conselheiro Lafaiete";BR;4;"2026-09-24 13:33:04";"2026-09-24 13:41:04";não
4316;1756952856;Congestionamento;4;"Muito alto";185;3.1;3.280;195;0.195;0;"R. Dr. Wenceslau Braz";"Conselheiro Lafaiete";BR;4;"2026-09-24 13:25:05";"2026-09-24 13:25:05";não
4317;1756878356;Congestionamento;4;"Muito alto";120;2;6.450;293;0.293;3;"R. Dr. Campolina";"Conselheiro Lafaiete";BR;8;"2026-09-24 13:25:05";"2026-09-24 13:29:04";não
4313;1756504724;Congestionamento;3;Alto;82;1.4;11.000;370;0.37;0;"Av. Monsenhor Moreira";"Conselheiro Lafaiete";BR;16;"2026-09-24 13:23:03";"2026-09-24 13:23:03";não
4315;1756245496;Congestionamento;4;"Muito alto";305;5.1;3.280;320;0.32;2;"Pç. São Sebastião";"Conselheiro Lafaiete";BR;12;"2026-09-24 13:23:03";"2026-09-24 13:25:05";não
4311;1755797418;Congestionamento;3;Alto;114;1.9;8.000;375;0.375;3;"R. Tavares de Melo";"Conselheiro Lafaiete";BR;7;"2026-09-24 13:19:04";"2026-09-24 13:23:03";não
4307;1755247260;Congestionamento;3;Alto;108;1.8;7.230;292;0.292;10;"R. Cel. Licínio Pereira Dutra";"Conselheiro Lafaiete";BR;7;"2026-09-24 13:15:05";"2026-09-24 13:25:05";não
4301;1752847936;Congestionamento;3;Alto;93;1.6;7.390;249;0.249;0;"Av. Ver. Mário Reis Carvalho";"Conselheiro Lafaiete";BR;6;"2026-09-24 13:03:04";"2026-09-24 13:03:04";não
4302;1752518472;Congestionamento;3;Alto;163;2.7;6.360;381;0.381;8;"R. Adolfo Siqueira";"Conselheiro Lafaiete";BR;12;"2026-09-24 13:03:04";"2026-09-24 13:11:04";não
4303;1752502728;Congestionamento;3;Alto;123;2.1;13.070;713;0.713;0;"R. Santa Matilde";"Conselheiro Lafaiete";BR;14;"2026-09-24 13:03:04";"2026-09-24 13:03:04";não
4295;1750334902;Congestionamento;3;Alto;112;1.9;5.420;242;0.242;8;"R. Da. Nhanha";"Conselheiro Lafaiete";BR;6;"2026-09-24 12:47:03";"2026-09-24 12:55:04";não
4293;1749750398;Congestionamento;3;Alto;363;6.1;6.320;467;0.467;0;"R. Duque de Caxias";"Conselheiro Lafaiete";BR;13;"2026-09-24 12:43:04";"2026-09-24 12:43:04";não
4294;1749432122;Congestionamento;3;Alto;94;1.6;5.290;188;0.188;6;"R. Edir Antônio Vieira de Rezende";"Conselheiro Lafaiete";BR;4;"2026-09-24 12:43:04";"2026-09-24 12:49:04";não
4289;1747221392;Congestionamento;3;Alto;121;2;10.880;598;0.598;10;"Av. Prof. Manoel Martins";"Conselheiro Lafaiete";BR;12;"2026-09-24 12:29:03";"2026-09-24 12:39:04";não
4288;1745854500;Congestionamento;3;Alto;123;2.1;3.470;176;0.176;0;"R. Melvin Jones";"Conselheiro Lafaiete";BR;4;"2026-09-24 12:19:04";"2026-09-24 12:19:04";não
4286;1745090370;Congestionamento;3;Alto;89;1.5;5.560;201;0.201;0;"R. José Nicolau de Queiroz";"Conselheiro Lafaiete";BR;2;"2026-09-24 12:15:04";"2026-09-24 12:15:04";não
4283;1744146702;Congestionamento;3;Alto;97;1.6;5.400;195;0.195;6;"R. João Franco Ribeiro";"Conselheiro Lafaiete";BR;4;"2026-09-24 12:09:03";"2026-09-24 12:15:04";não
4282;1743736700;Congestionamento;3;Alto;121;2;7.490;330;0.33;10;"R. Djalma Teodoro da Silva";"Conselheiro Lafaiete";BR;4;"2026-09-24 12:05:04";"2026-09-24 12:15:04";não
4280;1742667024;Congestionamento;3;Alto;81;1.4;8.170;284;0.284;0;"Av. Prof. Manoel Martins";"Conselheiro Lafaiete";BR;7;"2026-09-24 12:01:04";"2026-09-24 12:01:04";não
4281;1743212392;Congestionamento;3;Alto;120;2;3.760;165;0.165;11;"R. Dr. José Lopes de Assis";"Conselheiro Lafaiete";BR;6;"2026-09-24 12:01:04";"2026-09-24 12:13:03";não
4279;1742427930;Congestionamento;3;Alto;72;1.2;10.290;486;0.486;4;"R. Dr. Campolina";"Conselheiro Lafaiete";BR;8;"2026-09-24 11:57:04";"2026-09-24 12:01:04";não
4276;1741528792;Congestionamento;3;Alto;88;1.5;4.690;165;0.165;4;"R. Dr. José Lopes de Assis";"Conselheiro Lafaiete";BR;6;"2026-09-24 11:49:04";"2026-09-24 11:53:04";não
4274;1740290876;Congestionamento;3;Alto;117;2;8.740;388;0.388;2;"R. Nivaldo Ribeiro Lelis";"Conselheiro Lafaiete";BR;5;"2026-09-24 11:43:03";"2026-09-24 11:45:04";não
4275;1740624390;Congestionamento;3;Alto;98;1.6;6.290;234;0.234;0;"R. Barão de Suassuí";"Conselheiro Lafaiete";BR;5;"2026-09-24 11:43:03";"2026-09-24 11:43:03";não
4273;1739676934;Congestionamento;3;Alto;147;2.5;9.130;533;0.533;0;"R. Nivaldo Ribeiro Lelis";"Conselheiro Lafaiete";BR;6;"2026-09-24 11:39:04";"2026-09-24 11:39:04";não
4272;1739035056;Congestionamento;3;Alto;108;1.8;4.070;165;0.165;0;"R. Dr. José Lopes de Assis";"Conselheiro Lafaiete";BR;6;"2026-09-24 11:35:04";"2026-09-24 11:35:04";não
4270;1738271826;Congestionamento;3;Alto;101;1.7;4.990;236;0.236;4;"R. Pe. Cornélio";"Conselheiro Lafaiete";BR;6;"2026-09-24 11:31:04";"2026-09-24 11:35:04";não
4268;1738201800;Congestionamento;3;Alto;122;2;8.500;388;0.388;8;"R. Nivaldo Ribeiro Lelis";"Conselheiro Lafaiete";BR;5;"2026-09-24 11:27:04";"2026-09-24 11:35:04";não
4269;1738075788;Congestionamento;3;Alto;103;1.7;4.210;165;0.165;0;"R. Dr. José Lopes de Assis";"Conselheiro Lafaiete";BR;6;"2026-09-24 11:27:04";"2026-09-24 11:27:04";não
4267;1737533662;Congestionamento;3;Alto;130;2.2;9.900;533;0.533;6;"R. Nivaldo Ribeiro Lelis";"Conselheiro Lafaiete";BR;6;"2026-09-24 11:25:03";"2026-09-24 11:31:04";não
4264;1736699302;Congestionamento;3;Alto;171;2.9;8.170;533;0.533;2;"R. Nivaldo Ribeiro Lelis";"Conselheiro Lafaiete";BR;6;"2026-09-24 11:19:04";"2026-09-24 11:21:05";não
4262;1736105630;Congestionamento;3;Alto;126;2.1;7.280;333;0.333;4;"R. Nivaldo Ribeiro Lelis";"Conselheiro Lafaiete";BR;5;"2026-09-24 11:15:04";"2026-09-24 11:19:04";não
4259;1735236094;Congestionamento;3;Alto;95;1.6;10.140;388;0.388;4;"R. Nivaldo Ribeiro Lelis";"Conselheiro Lafaiete";BR;5;"2026-09-24 11:07:04";"2026-09-24 11:11:04";não
4260;1734978326;Congestionamento;4;"Muito alto";170;2.8;2.850;165;0.165;4;"R. Dr. José Lopes de Assis";"Conselheiro Lafaiete";BR;6;"2026-09-24 11:07:04";"2026-09-24 11:11:04";não
4258;1734904718;Congestionamento;3;Alto;140;2.3;6.760;365;0.365;12;"R. Tavares de Melo";"Conselheiro Lafaiete";BR;7;"2026-09-24 11:03:04";"2026-09-24 11:15:04";não
4257;1734298162;Congestionamento;3;Alto;111;1.9;7.270;301;0.301;8;"Av. Da. Rosa Dutra";"Conselheiro Lafaiete";BR;8;"2026-09-24 10:59:04";"2026-09-24 11:07:04";não
4254;1732470026;Congestionamento;3;Alto;87;1.5;10.730;470;0.47;6;"R. Amintas Junqueira";"Conselheiro Lafaiete";BR;17;"2026-09-24 10:49:04";"2026-09-24 10:55:04";não
4252;1732021574;Congestionamento;3;Alto;85;1.4;5.760;201;0.201;9;"R. Santo Antônio de Pádua";"Conselheiro Lafaiete";BR;6;"2026-09-24 10:43:04";"2026-09-24 10:53:03";não
4248;1727428422;Congestionamento;4;"Muito alto";156;2.6;3.840;199;0.199;4;"R. Amintas Junqueira";"Conselheiro Lafaiete";BR;11;"2026-09-24 10:07:03";"2026-09-24 10:11:04";não
4249;1727263978;Congestionamento;4;"Muito alto";100;1.7;7.460;254;0.254;2;"R. Alfredo Elias Mafuz";"Conselheiro Lafaiete";BR;5;"2026-09-24 10:07:03";"2026-09-24 10:09:03";não
4246;1727021014;Congestionamento;4;"Muito alto";209;3.5;3.460;249;0.249;5;;"Conselheiro Lafaiete";BR;19;"2026-09-24 10:03:04";"2026-09-24 10:09:03";não
4247;1726889398;Congestionamento;3;Alto;108;1.8;4.050;165;0.165;20;"R. Dr. José Lopes de Assis";"Conselheiro Lafaiete";BR;6;"2026-09-24 10:03:04";"2026-09-24 10:23:04";não
4245;1726651616;Congestionamento;3;Alto;100;1.7;5.150;194;0.194;7;"R. Santana";"Conselheiro Lafaiete";BR;5;"2026-09-24 09:59:04";"2026-09-24 10:07:03";não
4241;1685178588;Congestionamento;3;Alto;98;1.6;5.310;179;0.179;12;"R. Lopes Franco";"Conselheiro Lafaiete";BR;3;"2026-09-24 03:23:03";"2026-09-24 03:35:04";não
4235;1680067858;Congestionamento;4;"Muito alto";178;3;4.300;255;0.255;0;"R. Barão de Pouso Alegre";"Conselheiro Lafaiete";BR;3;"2026-09-24 01:25:06";"2026-09-24 01:25:06";não
4232;1679324148;Congestionamento;3;Alto;112;1.9;5.790;267;0.267;12;"R. Nascif Elias";"Conselheiro Lafaiete";BR;3;"2026-09-24 01:13:04";"2026-09-24 01:25:06";não
4231;1674675680;Congestionamento;3;Alto;250;4.2;5.900;563;0.563;0;"R. Cônego João Pio";"Conselheiro Lafaiete";BR;10;"2026-09-24 00:15:04";"2026-09-24 00:15:04";não
4229;1673871140;Congestionamento;4;"Muito alto";124;2.1;5.240;247;0.247;2;"R. Dr. Mário de Rezende Dutra";"Conselheiro Lafaiete";BR;8;"2026-09-24 00:09:03";"2026-09-24 00:11:04";não
4228;1673189602;Congestionamento;3;Alto;128;2.1;8.990;517;0.517;0;"R. Rodrigues Maia";"Conselheiro Lafaiete";BR;12;"2026-09-23 23:59:03";"2026-09-23 23:59:03";não
4225;1670669996;Congestionamento;3;Alto;112;1.9;4.170;170;0.17;0;"R. Aminthas Junqueira";"Conselheiro Lafaiete";BR;7;"2026-09-23 23:31:04";"2026-09-23 23:31:04";não
4223;1668513558;Congestionamento;3;Alto;226;3.8;5.520;428;0.428;0;"Av. Geraldo Plaza";"Conselheiro Lafaiete";BR;10;"2026-09-23 23:11:04";"2026-09-23 23:11:04";não
4220;1666751452;Congestionamento;3;Alto;114;1.9;10.010;454;0.454;2;"Av. Prof. Manoel Martins";"Conselheiro Lafaiete";BR;9;"2026-09-23 22:53:04";"2026-09-23 22:55:04";não
4216;1662742086;Congestionamento;3;Alto;112;1.9;12.110;598;0.598;3;"R. Pe. Lobo";"Conselheiro Lafaiete";BR;10;"2026-09-23 22:15:05";"2026-09-23 22:19:03";não
4215;1662668218;Congestionamento;3;Alto;100;1.7;5.040;177;0.177;10;"R. Prof. Manoel Lino";"Conselheiro Lafaiete";BR;2;"2026-09-23 22:11:04";"2026-09-23 22:21:04";não
4214;1661979184;Congestionamento;3;Alto;93;1.6;6.840;258;0.258;0;"R. Lopes Franco";"Conselheiro Lafaiete";BR;4;"2026-09-23 22:07:04";"2026-09-23 22:07:04";não
4209;1661663018;Congestionamento;3;Alto;130;2.2;7.220;336;0.336;8;"R. Ver. José Boaventura Celestino";"Conselheiro Lafaiete";BR;7;"2026-09-23 22:03:04";"2026-09-23 22:11:04";não
4210;1661615626;Congestionamento;3;Alto;95;1.6;6.170;208;0.208;4;"R. Adolfo Siqueira";"Conselheiro Lafaiete";BR;7;"2026-09-23 22:03:04";"2026-09-23 22:07:04";não
4211;1661359064;Congestionamento;3;Alto;75;1.3;13.310;444;0.444;0;"R. Benjamim Constant";"Conselheiro Lafaiete";BR;12;"2026-09-23 22:03:04";"2026-09-23 22:03:04";não
4204;1661289700;Congestionamento;4;"Muito alto";131;2.2;4.580;193;0.193;0;"R. Dias de Souza";"Conselheiro Lafaiete";BR;4;"2026-09-23 21:59:04";"2026-09-23 21:59:04";não
4206;1661180840;Congestionamento;3;Alto;84;1.4;9.630;344;0.344;8;"Pç. Barão de Queluz";"Conselheiro Lafaiete";BR;13;"2026-09-23 21:59:04";"2026-09-23 22:07:04";não
4208;1660916336;Congestionamento;4;"Muito alto";156;2.6;4.790;252;0.252;8;"R. Dias de Souza";"Conselheiro Lafaiete";BR;8;"2026-09-23 21:59:04";"2026-09-23 22:07:04";não
4203;1660463342;Congestionamento;3;Alto;117;2;5.700;253;0.253;6;"R. Joemy Faria";"Conselheiro Lafaiete";BR;8;"2026-09-23 21:53:04";"2026-09-23 21:59:04";não
4202;1659870486;Congestionamento;3;Alto;85;1.4;7.660;271;0.271;0;"R. Henrique Tolomelli";"Conselheiro Lafaiete";BR;5;"2026-09-23 21:49:04";"2026-09-23 21:49:04";não
4198;1659160034;Congestionamento;3;Alto;80;1.3;7.670;272;0.272;6;"R. Cornélio Granha";"Conselheiro Lafaiete";BR;4;"2026-09-23 21:43:04";"2026-09-23 21:49:04";não
4194;1658049084;Congestionamento;4;"Muito alto";128;2.1;5.340;227;0.227;12;"R. Dias de Souza";"Conselheiro Lafaiete";BR;6;"2026-09-23 21:33:03";"2026-09-23 21:45:06";não
4191;1657135372;Congestionamento;3;Alto;88;1.5;8.120;274;0.274;0;"R. Cefisa Viana";"Conselheiro Lafaiete";BR;4;"2026-09-23 21:29:04";"2026-09-23 21:29:04";não
4188;1656940102;Congestionamento;3;Alto;114;1.9;5.380;228;0.228;9;"R. Luiz Barboza Faria";"Conselheiro Lafaiete";BR;6;"2026-09-23 21:25:05";"2026-09-23 21:35:04";não
4189;1657034928;Congestionamento;4;"Muito alto";143;2.4;4.280;193;0.193;3;"R. Dias de Souza";"Conselheiro Lafaiete";BR;4;"2026-09-23 21:25:05";"2026-09-23 21:29:04";não
4190;1656941052;Congestionamento;3;Alto;171;2.9;5.760;349;0.349;3;"R. Brasil";"Conselheiro Lafaiete";BR;5;"2026-09-23 21:25:05";"2026-09-23 21:29:04";não
4182;1656178128;Congestionamento;3;Alto;97;1.6;4.450;166;0.166;2;"R. João Santos";"Conselheiro Lafaiete";BR;5;"2026-09-23 21:19:03";"2026-09-23 21:21:04";não
4184;1656224698;Congestionamento;3;Alto;104;1.7;7.160;274;0.274;2;"R. Cefisa Viana";"Conselheiro Lafaiete";BR;4;"2026-09-23 21:19:03";"2026-09-23 21:21:04";não
4181;1655932812;Congestionamento;3;Alto;119;2;10.960;598;0.598;17;"Av. Prof. Manoel Martins";"Conselheiro Lafaiete";BR;12;"2026-09-23 21:15:04";"2026-09-23 21:33:03";não
4175;1655733814;Congestionamento;3;Alto;96;1.6;6.760;227;0.227;0;"R. Dias de Souza";"Conselheiro Lafaiete";BR;6;"2026-09-23 21:13:03";"2026-09-23 21:13:03";não
4177;1655542784;Congestionamento;3;Alto;115;1.9;14.250;926;0.926;0;"Av. Geraldo Plaza";"Conselheiro Lafaiete";BR;24;"2026-09-23 21:13:03";"2026-09-23 21:13:03";não
4169;1655076516;Congestionamento;3;Alto;84;1.4;9.530;373;0.373;10;"R. Santa Efigênia";"Conselheiro Lafaiete";BR;9;"2026-09-23 21:09:03";"2026-09-23 21:19:03";não
4171;1654905074;Congestionamento;3;Alto;127;2.1;11.200;704;0.704;0;"R. Lopes Franco";"Conselheiro Lafaiete";BR;10;"2026-09-23 21:09:03";"2026-09-23 21:09:03";não
4172;1655099006;Congestionamento;4;"Muito alto";292;4.9;1.850;161;0.161;0;"R. Francisco Lourenço de Barros";"Conselheiro Lafaiete";BR;3;"2026-09-23 21:09:03";"2026-09-23 21:09:03";não
4163;1654338842;Congestionamento;4;"Muito alto";117;2;6.020;252;0.252;0;"R. Dias de Souza";"Conselheiro Lafaiete";BR;8;"2026-09-23 21:03:03";"2026-09-23 21:03:03";não
4164;1654463734;Congestionamento;3;Alto;62;1;12.280;422;0.422;2;"R. Santa Efigênia";"Conselheiro Lafaiete";BR;11;"2026-09-23 21:03:03";"2026-09-23 21:05:04";não
4160;1653995892;Congestionamento;3;Alto;87;1.5;8.170;274;0.274;12;"R. Cefisa Viana";"Conselheiro Lafaiete";BR;4;"2026-09-23 21:01:03";"2026-09-23 21:13:03";não
4157;1653123596;Congestionamento;3;Alto;100;1.7;6.720;290;0.29;10;"R. João Barbeiro";"Conselheiro Lafaiete";BR;5;"2026-09-23 20:55:03";"2026-09-23 21:05:04";não
4159;1653438946;Congestionamento;3;Alto;100;1.7;7.570;324;0.324;8;"R. João Franco Ribeiro";"Conselheiro Lafaiete";BR;7;"2026-09-23 20:55:03";"2026-09-23 21:03:03";não
4156;1652742166;Congestionamento;4;"Muito alto";206;3.4;2.460;157;0.157;0;"Pç. Monsenhor Hermenegildo Adami de Carvalho";"Conselheiro Lafaiete";BR;11;"2026-09-23 20:51:04";"2026-09-23 20:51:04";não
4154;1652462178;Congestionamento;4;"Muito alto";119;2;5.960;252;0.252;10;"R. Dias de Souza";"Conselheiro Lafaiete";BR;8;"2026-09-23 20:47:04";"2026-09-23 20:57:04";não
4149;1651554518;Congestionamento;3;Alto;83;1.4;7.300;303;0.303;4;"R. Aristides de Alencar";"Conselheiro Lafaiete";BR;7;"2026-09-23 20:39:04";"2026-09-23 20:43:04";não
4150;1651589886;Congestionamento;4;"Muito alto";142;2.4;3.450;168;0.168;0;"R. Sandoval Azevedo";"Conselheiro Lafaiete";BR;6;"2026-09-23 20:39:04";"2026-09-23 20:39:04";não
4144;1651119020;Congestionamento;3;Alto;87;1.5;9.640;325;0.325;0;"Av. Prefeito Mário Rodrigues Pereira";"Conselheiro Lafaiete";BR;12;"2026-09-23 20:35:04";"2026-09-23 20:35:04";não
4145;1651095662;Congestionamento;3;Alto;83;1.4;9.010;304;0.304;4;"R. Rodrigues Maia";"Conselheiro Lafaiete";BR;7;"2026-09-23 20:35:04";"2026-09-23 20:39:04";não
4146;1651197280;Congestionamento;4;"Muito alto";904;15.1;0.620;161;0.161;0;"R. Francisco Lourenço de Barros";"Conselheiro Lafaiete";BR;3;"2026-09-23 20:35:04";"2026-09-23 20:35:04";não
4143;1650866586;Congestionamento;3;Alto;98;1.6;5.740;200;0.2;10;"R. Valério Eugênio";"Conselheiro Lafaiete";BR;11;"2026-09-23 20:33:04";"2026-09-23 20:43:04";não
4139;1650424290;Congestionamento;4;"Muito alto";139;2.3;5.580;261;0.261;22;"Av. Monsenhor Moreira";"Conselheiro Lafaiete";BR;7;"2026-09-23 20:29:04";"2026-09-23 20:51:04";não
4140;1650590876;Congestionamento;3;Alto;100;1.7;12.960;578;0.578;0;"Av. Prefeito Mário Rodrigues Pereira";"Conselheiro Lafaiete";BR;20;"2026-09-23 20:29:04";"2026-09-23 20:29:04";não
4132;1649810968;Congestionamento;3;Alto;117;2;14.650;847;0.847;4;"R. Alfredo Elias Mafuz";"Conselheiro Lafaiete";BR;17;"2026-09-23 20:21:04";"2026-09-23 20:25:04";não
4133;1649834118;Congestionamento;3;Alto;98;1.6;13.110;584;0.584;4;"Av. Prefeito Telésforo Cândido Resende";"Conselheiro Lafaiete";BR;13;"2026-09-23 20:21:04";"2026-09-23 20:25:04";não
4134;1649830340;Congestionamento;3;Alto;105;1.8;7.050;274;0.274;18;"Av. Furtado";"Conselheiro Lafaiete";BR;6;"2026-09-23 20:21:04";"2026-09-23 20:39:04";não
4135;1649936686;Congestionamento;4;"Muito alto";129;2.2;5.460;248;0.248;4;"R. Valério Eugênio";"Conselheiro Lafaiete";BR;12;"2026-09-23 20:21:04";"2026-09-23 20:25:04";não
4136;1649765484;Congestionamento;4;"Muito alto";141;2.4;4.120;214;0.214;4;"R. Cataguases";"Conselheiro Lafaiete";BR;5;"2026-09-23 20:21:04";"2026-09-23 20:25:04";não
4130;1649275620;Congestionamento;3;Alto;143;2.4;5.260;289;0.289;6;"R. Comendador Nemézio";"Conselheiro Lafaiete";BR;5;"2026-09-23 20:19:03";"2026-09-23 20:25:04";não
4131;1649525320;Congestionamento;3;Alto;106;1.8;4.340;168;0.168;0;"R. Sandoval Azevedo";"Conselheiro Lafaiete";BR;6;"2026-09-23 20:19:03";"2026-09-23 20:19:03";não
4126;1649155912;Congestionamento;3;Alto;70;1.2;11.560;422;0.422;0;"R. Santa Efigênia";"Conselheiro Lafaiete";BR;11;"2026-09-23 20:15:04";"2026-09-23 20:15:04";não
4121;1648708078;Congestionamento;3;Alto;114;1.9;13.750;722;0.722;14;"Av. Prefeito Mário Rodrigues Pereira";"Conselheiro Lafaiete";BR;25;"2026-09-23 20:11:04";"2026-09-23 20:25:04";não
4123;1648876182;Congestionamento;4;"Muito alto";100;1.7;4.790;160;0.16;10;"Av. Monsenhor Moreira";"Conselheiro Lafaiete";BR;6;"2026-09-23 20:11:04";"2026-09-23 20:21:04";não
4124;1648754546;Congestionamento;3;Alto;109;1.8;4.030;165;0.165;7;"R. Dr. José Lopes de Assis";"Conselheiro Lafaiete";BR;6;"2026-09-23 20:11:04";"2026-09-23 20:19:03";não
4125;1648831420;Congestionamento;3;Alto;84;1.4;6.890;238;0.238;0;"R. Santo Antônio de Pádua";"Conselheiro Lafaiete";BR;4;"2026-09-23 20:11:04";"2026-09-23 20:11:04";não
4115;1648093160;Congestionamento;3;Alto;164;2.7;8.630;610;0.61;15;"R. Adolfo Siqueira";"Conselheiro Lafaiete";BR;14;"2026-09-23 20:03:04";"2026-09-23 20:19:03";não
4116;1648289018;Congestionamento;3;Alto;80;1.3;11.610;465;0.465;0;"R. Santa Efigênia";"Conselheiro Lafaiete";BR;14;"2026-09-23 20:03:04";"2026-09-23 20:03:04";não
4106;1647363752;Congestionamento;3;Alto;134;2.2;8.080;466;0.466;0;"R. Santa Efigênia";"Conselheiro Lafaiete";BR;13;"2026-09-23 19:55:04";"2026-09-23 19:55:04";não
4098;1646502438;Congestionamento;3;Alto;74;1.2;10.820;443;0.443;0;"R. João Franco Ribeiro";"Conselheiro Lafaiete";BR;9;"2026-09-23 19:43:04";"2026-09-23 19:43:04";não
4096;1646372576;Congestionamento;3;Alto;109;1.8;5.380;207;0.207;4;"R. Antônio Aureliano de Rezende";"Conselheiro Lafaiete";BR;5;"2026-09-23 19:39:04";"2026-09-23 19:43:04";não
4097;1646199018;Congestionamento;3;Alto;63;1.1;11.740;560;0.56;0;"R. Dr. Campolina";"Conselheiro Lafaiete";BR;11;"2026-09-23 19:39:04";"2026-09-23 19:39:04";não
4085;1644639978;Congestionamento;3;Alto;112;1.9;6.260;252;0.252;0;"R. Dias de Souza";"Conselheiro Lafaiete";BR;8;"2026-09-23 19:19:04";"2026-09-23 19:19:04";não
4087;1644694576;Congestionamento;3;Alto;164;2.7;6.690;405;0.405;0;"R. Amazonas";"Conselheiro Lafaiete";BR;6;"2026-09-23 19:19:04";"2026-09-23 19:19:04";não
4082;1644471568;Congestionamento;3;Alto;139;2.3;3.360;165;0.165;10;"R. Dr. José Lopes de Assis";"Conselheiro Lafaiete";BR;6;"2026-09-23 19:15:04";"2026-09-23 19:25:04";não
4073;1643465494;Congestionamento;3;Alto;104;1.7;6.100;248;0.248;7;"R. Santo Antônio de Pádua";"Conselheiro Lafaiete";BR;4;"2026-09-23 19:03:04";"2026-09-23 19:11:03";não
4074;1643657020;Congestionamento;3;Alto;95;1.6;4.460;165;0.165;0;"R. Dr. José Lopes de Assis";"Conselheiro Lafaiete";BR;6;"2026-09-23 19:03:04";"2026-09-23 19:03:04";não
4076;1643594652;Congestionamento;3;Alto;108;1.8;10.280;476;0.476;4;"R. Adolfo Siqueira";"Conselheiro Lafaiete";BR;8;"2026-09-23 19:03:04";"2026-09-23 19:07:04";não
4070;1642944210;Congestionamento;3;Alto;87;1.5;4.760;165;0.165;3;"R. Dr. José Lopes de Assis";"Conselheiro Lafaiete";BR;6;"2026-09-23 18:53:04";"2026-09-23 18:57:03";não
4068;1642633296;Congestionamento;3;Alto;86;1.4;12.170;444;0.444;180;"R. Benjamim Constant";"Conselheiro Lafaiete";BR;12;"2026-09-23 18:49:04";"2026-09-23 21:49:04";não
4065;1642222124;Congestionamento;4;"Muito alto";154;2.6;3.390;180;0.18;7;"R. Pe. Cornélio";"Conselheiro Lafaiete";BR;5;"2026-09-23 18:45:06";"2026-09-23 18:53:04";não
4059;1641616566;Congestionamento;3;Alto;101;1.7;12.070;598;0.598;14;"Av. Prof. Manoel Martins";"Conselheiro Lafaiete";BR;12;"2026-09-23 18:35:04";"2026-09-23 18:49:04";não
4054;1641385280;Congestionamento;3;Alto;138;2.3;4.400;217;0.217;10;"R. José Balbino Chaves";"Conselheiro Lafaiete";BR;3;"2026-09-23 18:33:04";"2026-09-23 18:43:04";não
4055;1641400906;Congestionamento;3;Alto;113;1.9;9.650;596;0.596;10;"R. Alfredo Elias Mafuz";"Conselheiro Lafaiete";BR;18;"2026-09-23 18:33:04";"2026-09-23 18:43:04";não
4056;1641277804;Congestionamento;3;Alto;166;2.8;10.830;758;0.758;6;"R. Dias de Souza";"Conselheiro Lafaiete";BR;16;"2026-09-23 18:33:04";"2026-09-23 18:39:04";não
4052;1640838956;Congestionamento;3;Alto;101;1.7;12.090;598;0.598;4;"Av. Prof. Manoel Martins";"Conselheiro Lafaiete";BR;12;"2026-09-23 18:29:04";"2026-09-23 18:33:04";não
4046;1639865594;Congestionamento;3;Alto;126;2.1;9.370;444;0.444;7;"R. Benjamim Constant";"Conselheiro Lafaiete";BR;12;"2026-09-23 18:15:04";"2026-09-23 18:23:03";não
4045;1639218314;Congestionamento;3;Alto;83;1.4;9.700;345;0.345;6;"Av. Da. Rosa Dutra";"Conselheiro Lafaiete";BR;10;"2026-09-23 18:09:04";"2026-09-23 18:15:04";não
4042;1639052870;Congestionamento;3;Alto;115;1.9;13.620;713;0.713;14;"R. Santa Matilde";"Conselheiro Lafaiete";BR;14;"2026-09-23 18:05:04";"2026-09-23 18:19:04";não
4037;1638572968;Congestionamento;4;"Muito alto";222;3.7;2.360;156;0.156;0;"R. Pe. Lobo";"Conselheiro Lafaiete";BR;3;"2026-09-23 17:59:04";"2026-09-23 17:59:04";não
4039;1638534180;Congestionamento;3;Alto;83;1.4;9.560;365;0.365;0;"R. Tavares de Melo";"Conselheiro Lafaiete";BR;7;"2026-09-23 17:59:04";"2026-09-23 17:59:04";não
4030;1637562024;Congestionamento;3;Alto;88;1.5;5.610;201;0.201;0;"R. José Nicolau de Queiroz";"Conselheiro Lafaiete";BR;2;"2026-09-23 17:49:04";"2026-09-23 17:49:04";não
4031;1637477094;Congestionamento;3;Alto;95;1.6;12.110;509;0.509;40;"Av. Prefeito Telésforo Cândido Resende";"Conselheiro Lafaiete";BR;11;"2026-09-23 17:49:04";"2026-09-23 18:29:04";não
4029;1636691754;Congestionamento;3;Alto;107;1.8;11.710;598;0.598;32;"Av. Prof. Manoel Martins";"Conselheiro Lafaiete";BR;12;"2026-09-23 17:43:03";"2026-09-23 18:15:04";não
4028;1636021074;Congestionamento;3;Alto;112;1.9;4.750;201;0.201;0;"R. José Nicolau de Queiroz";"Conselheiro Lafaiete";BR;2;"2026-09-23 17:35:04";"2026-09-23 17:35:04";não
4026;1635427332;Congestionamento;3;Alto;97;1.6;6.090;249;0.249;2;;"Conselheiro Lafaiete";BR;19;"2026-09-23 17:31:03";"2026-09-23 17:33:04";não
4023;1635117026;Congestionamento;3;Alto;66;1.1;12.110;621;0.621;0;"R. Dr. Campolina";"Conselheiro Lafaiete";BR;13;"2026-09-23 17:27:04";"2026-09-23 17:27:04";não
4020;1633177720;Congestionamento;3;Alto;135;2.3;5.480;306;0.306;0;"R. Bias Fortes";"Conselheiro Lafaiete";BR;5;"2026-09-23 17:15:04";"2026-09-23 17:15:04";não
4016;1632293706;Congestionamento;3;Alto;82;1.4;5.890;201;0.201;8;"R. José Nicolau de Queiroz";"Conselheiro Lafaiete";BR;2;"2026-09-23 17:07:03";"2026-09-23 17:15:04";não
4017;1632398970;Congestionamento;3;Alto;87;1.5;8.170;274;0.274;0;"R. Cefisa Viana";"Conselheiro Lafaiete";BR;4;"2026-09-23 17:07:03";"2026-09-23 17:07:03";não
4018;1632328070;Congestionamento;3;Alto;87;1.5;13.060;521;0.521;32;"Av. Prefeito Telésforo Cândido Resende";"Conselheiro Lafaiete";BR;12;"2026-09-23 17:07:03";"2026-09-23 17:39:04";não
4011;1630896448;Congestionamento;3;Alto;116;1.9;4.580;192;0.192;6;"R. Santo Antônio de Pádua";"Conselheiro Lafaiete";BR;6;"2026-09-23 16:57:03";"2026-09-23 17:03:04";não
4000;1627447756;Congestionamento;3;Alto;94;1.6;4.650;180;0.18;2;"R. Dr. Melo Viana";"Conselheiro Lafaiete";BR;8;"2026-09-23 16:37:03";"2026-09-23 16:39:04";não
3998;1627358076;Congestionamento;3;Alto;337;5.6;2.680;310;0.31;0;"R. Dudu Nascimento";"Conselheiro Lafaiete";BR;6;"2026-09-23 16:35:03";"2026-09-23 16:35:03";não
3995;1626780948;Congestionamento;3;Alto;105;1.8;6.330;244;0.244;14;"R. André Rodrigues da Silva";"Conselheiro Lafaiete";BR;8;"2026-09-23 16:31:04";"2026-09-23 16:45:04";não
3996;1626540998;Congestionamento;4;"Muito alto";192;3.2;3.980;247;0.247;0;"R. Amazonas";"Conselheiro Lafaiete";BR;4;"2026-09-23 16:31:04";"2026-09-23 16:31:04";não
3992;1624849634;Congestionamento;3;Alto;91;1.5;7.120;240;0.24;2;"R. Monsenhor Horta";"Conselheiro Lafaiete";BR;5;"2026-09-23 16:23:04";"2026-09-23 16:25:05";não
3988;1623899936;Congestionamento;3;Alto;89;1.5;8.070;274;0.274;11;"R. Cefisa Viana";"Conselheiro Lafaiete";BR;4;"2026-09-23 16:17:04";"2026-09-23 16:29:03";não
3986;1622853658;Congestionamento;3;Alto;95;1.6;6.870;259;0.259;8;"R. Francisco Lourenço de Barros";"Conselheiro Lafaiete";BR;6;"2026-09-23 16:11:03";"2026-09-23 16:19:04";não
3980;1622556178;Congestionamento;3;Alto;84;1.4;4.850;165;0.165;10;"R. Dr. José Lopes de Assis";"Conselheiro Lafaiete";BR;6;"2026-09-23 16:09:03";"2026-09-23 16:19:04";não
3982;1622542640;Congestionamento;4;"Muito alto";546;9.1;1.230;201;0.201;0;"R. José Nicolau de Queiroz";"Conselheiro Lafaiete";BR;2;"2026-09-23 16:09:03";"2026-09-23 16:09:03";não
3983;1622229180;Congestionamento;3;Alto;92;1.5;7.820;274;0.274;2;"R. Cefisa Viana";"Conselheiro Lafaiete";BR;4;"2026-09-23 16:09:03";"2026-09-23 16:11:03";não
3985;1622051120;Congestionamento;4;"Muito alto";145;2.4;3.500;161;0.161;10;"R. Francisco Lourenço de Barros";"Conselheiro Lafaiete";BR;3;"2026-09-23 16:09:03";"2026-09-23 16:19:04";não
3978;1621208896;Congestionamento;4;"Muito alto";232;3.9;2.530;191;0.191;0;"R. Santo Antônio de Pádua";"Conselheiro Lafaiete";BR;4;"2026-09-23 16:03:04";"2026-09-23 16:03:04";não
3975;1620733008;Congestionamento;4;"Muito alto";112;1.9;5.710;223;0.223;4;"R. Ruth de Souza";"Conselheiro Lafaiete";BR;8;"2026-09-23 15:59:04";"2026-09-23 16:03:04";não
3976;1620733002;Congestionamento;3;Alto;90;1.5;5.120;172;0.172;4;"R. Santo Antônio de Pádua";"Conselheiro Lafaiete";BR;5;"2026-09-23 15:59:04";"2026-09-23 16:03:04";não
3972;1619730950;Congestionamento;3;Alto;106;1.8;6.790;284;0.284;17;"Av. Prof. Manoel Martins";"Conselheiro Lafaiete";BR;7;"2026-09-23 15:55:05";"2026-09-23 16:13:04";não
3973;1619629872;Congestionamento;3;Alto;138;2.3;4.410;226;0.226;10;"R. Dom Silvério";"Conselheiro Lafaiete";BR;5;"2026-09-23 15:55:05";"2026-09-23 16:05:05";não
3971;1619168700;Congestionamento;3;Alto;96;1.6;6.460;223;0.223;2;"R. Ruth de Souza";"Conselheiro Lafaiete";BR;8;"2026-09-23 15:53:04";"2026-09-23 15:55:05";não
3966;1618194834;Congestionamento;3;Alto;77;1.3;12.520;418;0.418;16;"R. Pe. Lobo";"Conselheiro Lafaiete";BR;6;"2026-09-23 15:49:04";"2026-09-23 16:05:05";não
3967;1618258340;Congestionamento;3;Alto;99;1.7;9.060;333;0.333;14;"R. Benjamim Constant";"Conselheiro Lafaiete";BR;10;"2026-09-23 15:49:04";"2026-09-23 16:03:04";não
3968;1617954404;Congestionamento;4;"Muito alto";157;2.6;3.260;161;0.161;6;"R. Francisco Lourenço de Barros";"Conselheiro Lafaiete";BR;3;"2026-09-23 15:49:04";"2026-09-23 15:55:05";não
3970;1618147528;Congestionamento;3;Alto;87;1.5;8.190;274;0.274;14;"R. Cefisa Viana";"Conselheiro Lafaiete";BR;4;"2026-09-23 15:49:04";"2026-09-23 16:03:04";não
3965;1617631152;Congestionamento;4;"Muito alto";223;3.7;2.380;161;0.161;10;"R. Francisco Lourenço de Barros";"Conselheiro Lafaiete";BR;3;"2026-09-23 15:45:05";"2026-09-23 15:55:05";não
3958;1614418530;Congestionamento;3;Alto;108;1.8;5.220;208;0.208;8;"R. Tavares de Melo";"Conselheiro Lafaiete";BR;7;"2026-09-23 15:33:03";"2026-09-23 15:41:04";não
3955;1614268982;Congestionamento;3;Alto;133;2.2;9.280;553;0.553;30;"R. Santa Efigênia";"Conselheiro Lafaiete";BR;14;"2026-09-23 15:29:04";"2026-09-23 15:59:04";não
3949;1878352538;Congestionamento;3;Alto;91;1.5;9.250;367;0.367;6;"R. Quincas Alves";"Conselheiro Lafaiete";BR;5;"2026-09-23 15:09:04";"2026-09-23 15:15:04";não
3944;1873941752;Congestionamento;3;Alto;93;1.6;5.180;178;0.178;0;"R. Maria José";"Conselheiro Lafaiete";BR;4;"2026-09-23 14:49:04";"2026-09-23 14:49:04";não
3941;1873295042;Congestionamento;4;"Muito alto";139;2.3;3.120;201;0.201;7;"R. Dom Pedro I";"Conselheiro Lafaiete";BR;3;"2026-09-23 14:45:05";"2026-09-23 14:53:04";não
3939;1872124544;Congestionamento;3;Alto;93;1.6;7.720;277;0.277;0;"R. Alfredo Elias Mafuz";"Conselheiro Lafaiete";BR;8;"2026-09-23 14:39:03";"2026-09-23 14:39:03";não
3937;1869534918;Congestionamento;3;Alto;93;1.6;6.940;243;0.243;4;"R. Alfredo Elias Mafuz";"Conselheiro Lafaiete";BR;7;"2026-09-23 14:29:04";"2026-09-23 14:33:04";não
3932;1868274410;Congestionamento;4;"Muito alto";115;1.9;4.400;208;0.208;8;"R. Aquino Baêta Neves";"Conselheiro Lafaiete";BR;4;"2026-09-23 14:21:04";"2026-09-23 14:29:04";não
3933;1868238558;Congestionamento;3;Alto;96;1.6;5.630;199;0.199;2;"R. Alexandrina Nogueira de Queiroz";"Conselheiro Lafaiete";BR;4;"2026-09-23 14:21:04";"2026-09-23 14:23:04";não
3925;1866671456;Congestionamento;3;Alto;92;1.5;7.530;268;0.268;3;"R. André Rodrigues da Silva";"Conselheiro Lafaiete";BR;7;"2026-09-23 14:15:05";"2026-09-23 14:19:03";não
3922;1864634896;Congestionamento;4;"Muito alto";108;1.8;7.410;255;0.255;8;;"Conselheiro Lafaiete";BR;5;"2026-09-23 14:07:03";"2026-09-23 14:15:05";não
3918;1860659898;Congestionamento;3;Alto;96;1.6;10.070;423;0.423;0;"R. Afonso Pena";"Conselheiro Lafaiete";BR;7;"2026-09-23 13:45:04";"2026-09-23 13:45:04";não
3915;1859942346;Congestionamento;3;Alto;211;3.5;3.990;308;0.308;8;"R. Benedito Ribeiro Mendes";"Conselheiro Lafaiete";BR;5;"2026-09-23 13:41:03";"2026-09-23 13:49:04";não
3912;1858690048;Congestionamento;3;Alto;105;1.8;4.950;201;0.201;0;"R. José Nicolau de Queiroz";"Conselheiro Lafaiete";BR;2;"2026-09-23 13:35:04";"2026-09-23 13:35:04";não
3903;1854283198;Congestionamento;4;"Muito alto";145;2.4;4.860;237;0.237;4;"Av. Mal. Floriano Peixoto";"Conselheiro Lafaiete";BR;8;"2026-09-23 13:15:04";"2026-09-23 13:19:04";não
3899;1852910194;Congestionamento;3;Alto;99;1.7;5.180;194;0.194;13;"R. Santana";"Conselheiro Lafaiete";BR;5;"2026-09-23 13:05:05";"2026-09-23 13:19:04";não
3897;1852083996;Congestionamento;3;Alto;93;1.6;8.830;327;0.327;2;"R. José Matias Rodrigues";"Conselheiro Lafaiete";BR;11;"2026-09-23 13:03:04";"2026-09-23 13:05:05";não
3893;1849546190;Congestionamento;3;Alto;140;2.3;4.060;195;0.195;0;"R. João Franco Ribeiro";"Conselheiro Lafaiete";BR;4;"2026-09-23 12:49:04";"2026-09-23 12:49:04";não
3892;1849220338;Congestionamento;3;Alto;143;2.4;5.160;251;0.251;10;"R. Narciso Jr.";"Conselheiro Lafaiete";BR;7;"2026-09-23 12:45:04";"2026-09-23 12:55:04";não
3889;1848504666;Congestionamento;4;"Muito alto";230;3.8;3.820;283;0.283;0;"R. Ito Alves";"Conselheiro Lafaiete";BR;5;"2026-09-23 12:41:04";"2026-09-23 12:41:04";não
3884;1847268010;Congestionamento;3;Alto;99;1.7;7.370;277;0.277;0;"R. Alfredo Elias Mafuz";"Conselheiro Lafaiete";BR;8;"2026-09-23 12:35:06";"2026-09-23 12:35:06";não
3882;1846200388;Congestionamento;3;Alto;99;1.7;6.230;209;0.209;0;"Vd. Pe. Ermano José Ferreira";"Conselheiro Lafaiete";BR;6;"2026-09-23 12:29:04";"2026-09-23 12:29:04";não
3878;1845599238;Congestionamento;4;"Muito alto";393;6.6;1.400;176;0.176;0;"R. Melvin Jones";"Conselheiro Lafaiete";BR;4;"2026-09-23 12:25:04";"2026-09-23 12:25:04";não
3873;1844226452;Congestionamento;4;"Muito alto";205;3.4;2.910;191;0.191;6;"R. Geni Pires Pereira";"Conselheiro Lafaiete";BR;4;"2026-09-23 12:19:04";"2026-09-23 12:25:04";não
3871;1843889718;Congestionamento;4;"Muito alto";134;2.2;4.920;223;0.223;23;"R. Ruth de Souza";"Conselheiro Lafaiete";BR;8;"2026-09-23 12:15:04";"2026-09-23 12:39:03";não
3868;1843788316;Congestionamento;3;Alto;103;1.7;11.970;598;0.598;0;"Av. Prof. Manoel Martins";"Conselheiro Lafaiete";BR;12;"2026-09-23 12:13:03";"2026-09-23 12:13:03";não
3869;1843414634;Congestionamento;3;Alto;107;1.8;8.730;344;0.344;28;"R. Pe. Lobo";"Conselheiro Lafaiete";BR;4;"2026-09-23 12:13:03";"2026-09-23 12:41:04";não
3865;1842094142;Congestionamento;3;Alto;90;1.5;8.000;274;0.274;60;"R. Cefisa Viana";"Conselheiro Lafaiete";BR;4;"2026-09-23 12:05:04";"2026-09-23 13:05:05";não
3861;1841377002;Congestionamento;3;Alto;99;1.7;6.000;221;0.221;2;"R. Henrique Tolomelli";"Conselheiro Lafaiete";BR;4;"2026-09-23 11:59:03";"2026-09-23 12:01:04";não
3862;1841565162;Congestionamento;3;Alto;88;1.5;9.550;358;0.358;2;"R. Dias de Souza";"Conselheiro Lafaiete";BR;9;"2026-09-23 11:59:03";"2026-09-23 12:01:04";não
3858;1841068010;Congestionamento;3;Alto;82;1.4;10.010;358;0.358;0;"R. Dias de Souza";"Conselheiro Lafaiete";BR;9;"2026-09-23 11:57:03";"2026-09-23 11:57:03";não
3854;1840431270;Congestionamento;3;Alto;105;1.8;5.480;214;0.214;0;"R. São José";"Conselheiro Lafaiete";BR;4;"2026-09-23 11:53:04";"2026-09-23 11:53:04";não
3855;1840438810;Congestionamento;3;Alto;136;2.3;7.730;427;0.427;8;"R. Tavares de Melo";"Conselheiro Lafaiete";BR;8;"2026-09-23 11:53:04";"2026-09-23 12:01:04";não
3847;1836023480;Congestionamento;3;Alto;192;3.2;5.250;349;0.349;0;"R. Prof. Manoel Lino";"Conselheiro Lafaiete";BR;3;"2026-09-23 11:25:04";"2026-09-23 11:25:04";não
3845;1835515984;Congestionamento;3;Alto;126;2.1;3.610;165;0.165;8;"R. Dr. José Lopes de Assis";"Conselheiro Lafaiete";BR;6;"2026-09-23 11:21:04";"2026-09-23 11:29:04";não
3842;1835114984;Congestionamento;3;Alto;89;1.5;7.750;269;0.269;0;"R. Comendador Baeta Neves";"Conselheiro Lafaiete";BR;10;"2026-09-23 11:17:04";"2026-09-23 11:17:04";não
3844;1835177820;Congestionamento;4;"Muito alto";75;1.3;3.330;153;0.153;8;"R. Ver. João de Castro";"Conselheiro Lafaiete";BR;6;"2026-09-23 11:17:04";"2026-09-23 11:25:04";não
3840;1832971498;Congestionamento;4;"Muito alto";1081;18;0.570;180;0.18;0;"R. Dr. Melo Viana";"Conselheiro Lafaiete";BR;8;"2026-09-23 11:03:04";"2026-09-23 11:03:04";não
3838;1832391584;Congestionamento;4;"Muito alto";171;2.9;2.830;165;0.165;18;"R. Dr. José Lopes de Assis";"Conselheiro Lafaiete";BR;6;"2026-09-23 10:59:04";"2026-09-23 11:17:04";não
3835;1830112362;Congestionamento;3;Alto;94;1.6;4.350;164;0.164;12;"R. Galdino Esteves de Melo";"Conselheiro Lafaiete";BR;2;"2026-09-23 10:43:04";"2026-09-23 10:55:05";não
3832;1827569564;Congestionamento;3;Alto;97;1.6;5.410;195;0.195;0;"R. Tavares de Melo";"Conselheiro Lafaiete";BR;5;"2026-09-23 10:25:04";"2026-09-23 10:25:04";não
3833;1827498882;Congestionamento;3;Alto;133;2.2;10.080;532;0.532;4;"R. Santa Matilde";"Conselheiro Lafaiete";BR;11;"2026-09-23 10:25:04";"2026-09-23 10:29:04";não
3831;1826137362;Congestionamento;3;Alto;90;1.5;5.670;194;0.194;7;"Av. Prefeito Pedro Silva";"Conselheiro Lafaiete";BR;3;"2026-09-23 10:15:04";"2026-09-23 10:23:03";não
3830;1825755822;Congestionamento;3;Alto;110;1.8;4.000;165;0.165;6;"R. Dr. José Lopes de Assis";"Conselheiro Lafaiete";BR;6;"2026-09-23 10:13:04";"2026-09-23 10:19:04";não
3827;1825070872;Congestionamento;3;Alto;97;1.6;5.260;194;0.194;0;"R. Santana";"Conselheiro Lafaiete";BR;5;"2026-09-23 10:05:04";"2026-09-23 10:05:04";não
3828;1825072004;Congestionamento;3;Alto;117;2;5.920;259;0.259;0;"R. Francisco Lourenço de Barros";"Conselheiro Lafaiete";BR;6;"2026-09-23 10:05:04";"2026-09-23 10:05:04";não
3824;1824538272;Congestionamento;4;"Muito alto";182;3;2.700;165;0.165;4;"R. Dr. José Lopes de Assis";"Conselheiro Lafaiete";BR;6;"2026-09-23 10:01:04";"2026-09-23 10:05:04";não
3825;1824655858;Congestionamento;3;Alto;93;1.6;6.980;259;0.259;0;"R. Francisco Lourenço de Barros";"Conselheiro Lafaiete";BR;6;"2026-09-23 10:01:04";"2026-09-23 10:01:04";não
3821;1823319820;Congestionamento;3;Alto;77;1.3;10.880;388;0.388;0;"R. Alfredo Elias Mafuz";"Conselheiro Lafaiete";BR;7;"2026-09-23 09:49:04";"2026-09-23 09:49:04";não
3819;1821241554;Congestionamento;3;Alto;96;1.6;5.540;203;0.203;8;"R. Joemy Faria";"Conselheiro Lafaiete";BR;6;"2026-09-23 09:25:04";"2026-09-23 09:33:04";não
3816;1817160634;Congestionamento;3;Alto;117;2;4.360;172;0.172;8;"R. Antônio Aureliano de Rezende";"Conselheiro Lafaiete";BR;6;"2026-09-23 08:35:04";"2026-09-23 08:43:04";não
3811;1784338174;Congestionamento;3;Alto;122;2;6.560;279;0.279;4;MGC-482;"Conselheiro Lafaiete";BR;9;"2026-09-23 03:59:04";"2026-09-23 04:03:04";não
3810;1783726876;Congestionamento;3;Alto;66;1.1;4.480;196;0.196;6;"R. Dr. Paládio Albino";"Conselheiro Lafaiete";BR;4;"2026-09-23 03:37:04";"2026-09-23 03:43:04";não
3803;1781166078;Congestionamento;3;Alto;115;1.9;7.310;331;0.331;6;"R. Antônio Reis";"Conselheiro Lafaiete";BR;3;"2026-09-23 02:15:04";"2026-09-23 02:21:04";não
3804;1781181184;Congestionamento;3;Alto;106;1.8;4.800;175;0.175;0;"R. Antônio Reis";"Conselheiro Lafaiete";BR;2;"2026-09-23 02:15:04";"2026-09-23 02:15:04";não
3805;1781010246;Congestionamento;3;Alto;137;2.3;7.630;422;0.422;0;"R. Santa Efigênia";"Conselheiro Lafaiete";BR;11;"2026-09-23 02:15:04";"2026-09-23 02:15:04";não
3800;1779300984;Congestionamento;3;Alto;130;2.2;6.220;272;0.272;12;"Av. Mal. Floriano Peixoto";"Conselheiro Lafaiete";BR;3;"2026-09-23 01:33:04";"2026-09-23 01:45:05";não
3796;1778071186;Congestionamento;3;Alto;107;1.8;7.480;292;0.292;0;"R. Afonso Pena";"Conselheiro Lafaiete";BR;6;"2026-09-23 01:13:04";"2026-09-23 01:13:04";não
3795;1774743096;Congestionamento;3;Alto;88;1.5;6.550;219;0.219;0;"R. Antônio Reis";"Conselheiro Lafaiete";BR;3;"2026-09-23 00:29:04";"2026-09-23 00:29:04";não
3793;1773702400;Congestionamento;4;"Muito alto";154;2.6;6.400;317;0.317;10;"R. Santa Efigênia";"Conselheiro Lafaiete";BR;13;"2026-09-23 00:15:05";"2026-09-23 00:25:05";não
3791;1771957098;Congestionamento;3;Alto;113;1.9;6.180;252;0.252;0;"R. Dias de Souza";"Conselheiro Lafaiete";BR;8;"2026-09-22 23:55:04";"2026-09-22 23:55:04";não
3787;1768356430;Congestionamento;3;Alto;108;1.8;5.350;219;0.219;0;"Av. Da. Maninha Junqueira";"Conselheiro Lafaiete";BR;5;"2026-09-22 23:15:05";"2026-09-22 23:15:05";não
3786;1767912378;Congestionamento;3;Alto;91;1.5;11.750;444;0.444;10;"R. Benjamim Constant";"Conselheiro Lafaiete";BR;12;"2026-09-22 23:11:04";"2026-09-22 23:21:04";não
3782;1766082838;Congestionamento;4;"Muito alto";206;3.4;2.520;159;0.159;6;"R. Olegário Pinto";"Conselheiro Lafaiete";BR;4;"2026-09-22 22:51:04";"2026-09-22 22:57:04";não
3777;1764007862;Congestionamento;3;Alto;107;1.8;9.940;635;0.635;0;"R. Dr. Campolina";"Conselheiro Lafaiete";BR;11;"2026-09-22 22:29:03";"2026-09-22 22:29:03";não
3778;1764072928;Congestionamento;4;"Muito alto";155;2.6;4.810;252;0.252;2;"R. Dias de Souza";"Conselheiro Lafaiete";BR;8;"2026-09-22 22:29:03";"2026-09-22 22:31:04";não
3779;1763727402;Congestionamento;4;"Muito alto";1474;24.6;0.510;244;0.244;2;"R. Alex Milagre";"Conselheiro Lafaiete";BR;2;"2026-09-22 22:29:03";"2026-09-22 22:31:04";não
3772;1763290644;Congestionamento;3;Alto;822;13.7;0.820;244;0.244;0;"R. Alex Milagre";"Conselheiro Lafaiete";BR;2;"2026-09-22 22:23:04";"2026-09-22 22:23:04";não
3773;1763302506;Congestionamento;3;Alto;69;1.2;16.640;651;0.651;8;MGC-482;"Conselheiro Lafaiete";BR;7;"2026-09-22 22:23:04";"2026-09-22 22:31:04";não
3770;1762799638;Congestionamento;3;Alto;112;1.9;5.290;211;0.211;0;"Pç. São Sebastião";"Conselheiro Lafaiete";BR;6;"2026-09-22 22:15:05";"2026-09-22 22:15:05";não
3766;1762008416;Congestionamento;3;Alto;152;2.5;3.120;165;0.165;0;"R. Dr. José Lopes de Assis";"Conselheiro Lafaiete";BR;6;"2026-09-22 22:09:05";"2026-09-22 22:09:05";não
3767;1761658582;Congestionamento;3;Alto;214;3.6;14.630;1158;1.158;21;"MG-129 Rod. Eng. Ary Belisário";"Conselheiro Lafaiete";BR;17;"2026-09-22 22:09:05";"2026-09-22 22:31:04";não
3765;1761313210;Congestionamento;3;Alto;90;1.5;20.300;925;0.925;20;"BR-040 Rod. Pres. Juscelino Kubitschek";"Conselheiro Lafaiete";BR;16;"2026-09-22 22:05:05";"2026-09-22 22:25:05";não
3755;1761033212;Congestionamento;4;"Muito alto";148;2.5;4.110;206;0.206;6;"R. Monsenhor Barreto";"Conselheiro Lafaiete";BR;8;"2026-09-22 21:59:04";"2026-09-22 22:05:05";não
3756;1760835832;Congestionamento;3;Alto;150;2.5;13.900;878;0.878;32;"BR-040 S Rod. Pres. Juscelino Kubitschek";"Conselheiro Lafaiete";BR;12;"2026-09-22 21:59:04";"2026-09-22 22:31:04";não
3759;1760796606;Congestionamento;4;"Muito alto";274;4.6;2.190;191;0.191;0;"R. Dr. Mário de Rezende Dutra";"Conselheiro Lafaiete";BR;6;"2026-09-22 21:59:04";"2026-09-22 21:59:04";não
3761;1760636582;Congestionamento;3;Alto;84;1.4;7.940;317;0.317;0;"R. São Jorge";"Conselheiro Lafaiete";BR;5;"2026-09-22 21:59:04";"2026-09-22 21:59:04";não
3763;1760927594;Congestionamento;3;Alto;104;1.7;5.600;211;0.211;10;"Pç. São Sebastião";"Conselheiro Lafaiete";BR;6;"2026-09-22 21:59:04";"2026-09-22 22:09:05";não
3753;1760496334;Congestionamento;4;"Muito alto";130;2.2;9.970;418;0.418;0;"MG-129 Rod. Eng. Ary Belisário";"Conselheiro Lafaiete";BR;8;"2026-09-22 21:55:04";"2026-09-22 21:55:04";não
3746;1759900934;Congestionamento;4;"Muito alto";127;2.1;3.950;166;0.166;0;"Pç. São Sebastião";"Conselheiro Lafaiete";BR;5;"2026-09-22 21:51:04";"2026-09-22 21:51:04";não
3747;1759775200;Congestionamento;3;Alto;118;2;3.800;165;0.165;0;"R. Dr. José Lopes de Assis";"Conselheiro Lafaiete";BR;6;"2026-09-22 21:51:04";"2026-09-22 21:51:04";não
3752;1760052818;Congestionamento;3;Alto;87;1.5;8.520;361;0.361;4;"R. Pe. Teófilo Reyn";"Conselheiro Lafaiete";BR;7;"2026-09-22 21:51:04";"2026-09-22 21:55:04";não
3742;1759347922;Congestionamento;4;"Muito alto";102;1.7;4.510;153;0.153;0;"R. Adolfo Antunes";"Conselheiro Lafaiete";BR;2;"2026-09-22 21:47:04";"2026-09-22 21:47:04";não
3739;1759224136;Congestionamento;4;"Muito alto";112;1.9;4.270;157;0.157;0;"R. Gal. Mozart Andrade Souza";"Conselheiro Lafaiete";BR;3;"2026-09-22 21:43:04";"2026-09-22 21:43:04";não
3734;1758330536;Congestionamento;3;Alto;102;1.7;9.310;427;0.427;3;"R. Tavares de Melo";"Conselheiro Lafaiete";BR;8;"2026-09-22 21:37:05";"2026-09-22 21:41:04";não
3731;1758152290;Congestionamento;4;"Muito alto";205;3.4;3.200;233;0.233;6;"R. Benedito Gomes de Assis";"Conselheiro Lafaiete";BR;8;"2026-09-22 21:35:04";"2026-09-22 21:41:04";não
3732;1757801192;Congestionamento;3;Alto;113;1.9;8.070;379;0.379;0;"R. Tavares de Melo";"Conselheiro Lafaiete";BR;8;"2026-09-22 21:35:04";"2026-09-22 21:35:04";não
3725;1756680318;Congestionamento;4;"Muito alto";136;2.3;5.230;248;0.248;4;"R. Valério Eugênio";"Conselheiro Lafaiete";BR;12;"2026-09-22 21:23:04";"2026-09-22 21:27:04";não
3727;1756329492;Congestionamento;3;Alto;88;1.5;9.870;382;0.382;0;"R. Santa Efigênia";"Conselheiro Lafaiete";BR;13;"2026-09-22 21:23:04";"2026-09-22 21:23:04";não
3728;1756700046;Congestionamento;3;Alto;92;1.5;4.440;166;0.166;8;"R. João Santos";"Conselheiro Lafaiete";BR;5;"2026-09-22 21:23:04";"2026-09-22 21:31:04";não
3721;1756090768;Congestionamento;3;Alto;108;1.8;6.600;266;0.266;0;"R. Santa Efigênia";"Conselheiro Lafaiete";BR;8;"2026-09-22 21:19:04";"2026-09-22 21:19:04";não
3712;1755487206;Congestionamento;3;Alto;93;1.6;7.010;248;0.248;3;"R. Valério Eugênio";"Conselheiro Lafaiete";BR;12;"2026-09-22 21:15:05";"2026-09-22 21:19:04";não
3713;1755476804;Congestionamento;3;Alto;88;1.5;4.830;180;0.18;7;"R. Dr. Melo Viana";"Conselheiro Lafaiete";BR;8;"2026-09-22 21:15:05";"2026-09-22 21:23:04";não
3714;1755401870;Congestionamento;4;"Muito alto";101;1.7;4.720;159;0.159;0;"R. Olegário Pinto";"Conselheiro Lafaiete";BR;4;"2026-09-22 21:15:05";"2026-09-22 21:15:05";não
3710;1755188716;Congestionamento;3;Alto;106;1.8;6.390;258;0.258;8;"R. Benedito Ribeiro Mendes";"Conselheiro Lafaiete";BR;5;"2026-09-22 21:11:04";"2026-09-22 21:19:04";não
3711;1755082986;Congestionamento;4;"Muito alto";156;2.6;3.000;166;0.166;4;"R. João Santos";"Conselheiro Lafaiete";BR;5;"2026-09-22 21:11:04";"2026-09-22 21:15:05";não
3709;1754678892;Congestionamento;3;Alto;83;1.4;11.430;388;0.388;0;"R. Pe. Lobo";"Conselheiro Lafaiete";BR;5;"2026-09-22 21:07:04";"2026-09-22 21:07:04";não
3702;1753990754;Congestionamento;3;Alto;100;1.7;9.320;377;0.377;10;"Av. Mal. Floriano Peixoto";"Conselheiro Lafaiete";BR;7;"2026-09-22 21:01:04";"2026-09-22 21:11:04";não
3703;1754205556;Congestionamento;3;Alto;119;2;11.700;598;0.598;2;"R. Pe. Lobo";"Conselheiro Lafaiete";BR;10;"2026-09-22 21:01:04";"2026-09-22 21:03:05";não
3704;1753975060;Congestionamento;4;"Muito alto";110;1.8;1.570;53;0.053;10;"R. Maria Augusta";"Conselheiro Lafaiete";BR;2;"2026-09-22 21:01:04";"2026-09-22 21:11:04";não
3694;1753377568;Congestionamento;4;"Muito alto";268;4.5;2.340;201;0.201;0;"R. José Nicolau de Queiroz";"Conselheiro Lafaiete";BR;2;"2026-09-22 20:55:05";"2026-09-22 20:55:05";não
3695;1753354038;Congestionamento;3;Alto;176;2.9;7.440;460;0.46;0;"Av. Ver. Mário Reis Carvalho";"Conselheiro Lafaiete";BR;8;"2026-09-22 20:55:05";"2026-09-22 20:55:05";não
3689;1753144894;Congestionamento;3;Alto;168;2.8;11.030;771;0.771;12;"R. Duque de Caxias";"Conselheiro Lafaiete";BR;12;"2026-09-22 20:51:04";"2026-09-22 21:03:05";não
3690;1753044084;Congestionamento;3;Alto;101;1.7;4.280;165;0.165;7;"R. Dr. José Lopes de Assis";"Conselheiro Lafaiete";BR;6;"2026-09-22 20:51:04";"2026-09-22 20:59:03";não
3691;1753046418;Congestionamento;3;Alto;196;3.3;9.810;781;0.781;0;"R. Dias de Souza";"Conselheiro Lafaiete";BR;17;"2026-09-22 20:51:04";"2026-09-22 20:51:04";não
3686;1752622666;Congestionamento;3;Alto;86;1.4;7.000;250;0.25;4;"R. José Martins Simões";"Conselheiro Lafaiete";BR;5;"2026-09-22 20:47:04";"2026-09-22 20:51:04";não
3681;1752212432;Congestionamento;3;Alto;89;1.5;7.700;289;0.289;0;"R. Eurides Gonçalves da Cunha";"Conselheiro Lafaiete";BR;4;"2026-09-22 20:43:05";"2026-09-22 20:43:05";não
3683;1751921578;Congestionamento;3;Alto;132;2.2;5.640;268;0.268;3;"R. José de Freitas Pereira";"Conselheiro Lafaiete";BR;3;"2026-09-22 20:43:05";"2026-09-22 20:47:04";não
3676;1751875928;Congestionamento;3;Alto;88;1.5;6.780;243;0.243;0;"R. Bias Fortes";"Conselheiro Lafaiete";BR;4;"2026-09-22 20:39:04";"2026-09-22 20:39:04";não
3677;1751715258;Congestionamento;3;Alto;94;1.6;4.490;165;0.165;0;"R. Dr. José Lopes de Assis";"Conselheiro Lafaiete";BR;6;"2026-09-22 20:39:04";"2026-09-22 20:39:04";não
3678;1751726926;Congestionamento;4;"Muito alto";195;3.3;4.020;249;0.249;4;"Av. Ver. Mário Reis Carvalho";"Conselheiro Lafaiete";BR;6;"2026-09-22 20:39:04";"2026-09-22 20:43:05";não
3679;1751689024;Congestionamento;3;Alto;79;1.3;10.240;343;0.343;0;"R. Francisco Lobo";"Conselheiro Lafaiete";BR;7;"2026-09-22 20:39:04";"2026-09-22 20:39:04";não
3668;1750564364;Congestionamento;3;Alto;83;1.4;9.860;344;0.344;0;"Pç. Barão de Queluz";"Conselheiro Lafaiete";BR;13;"2026-09-22 20:27:04";"2026-09-22 20:27:04";não
3664;1750044358;Congestionamento;3;Alto;133;2.2;7.570;410;0.41;0;"R. Lopes Franco";"Conselheiro Lafaiete";BR;6;"2026-09-22 20:23:04";"2026-09-22 20:23:04";não
3659;1749726286;Congestionamento;3;Alto;118;2;8.110;344;0.344;4;"R. Pe. Lobo";"Conselheiro Lafaiete";BR;4;"2026-09-22 20:19:04";"2026-09-22 20:23:04";não
3661;1749610718;Congestionamento;3;Alto;100;1.7;8.700;344;0.344;4;"Pç. Barão de Queluz";"Conselheiro Lafaiete";BR;13;"2026-09-22 20:19:04";"2026-09-22 20:23:04";não
3662;1749714838;Congestionamento;4;"Muito alto";104;1.7;7.070;261;0.261;0;"Av. Monsenhor Moreira";"Conselheiro Lafaiete";BR;7;"2026-09-22 20:19:04";"2026-09-22 20:19:04";não
3652;1749433314;Congestionamento;3;Alto;124;2.1;5.910;279;0.279;3;"R. Lopes Franco";"Conselheiro Lafaiete";BR;5;"2026-09-22 20:15:05";"2026-09-22 20:19:04";não
3653;1749197706;Congestionamento;3;Alto;97;1.6;5.390;195;0.195;7;"R. Tavares de Melo";"Conselheiro Lafaiete";BR;5;"2026-09-22 20:15:05";"2026-09-22 20:23:04";não
3657;1749158960;Congestionamento;3;Alto;103;1.7;7.770;320;0.32;0;"Pç. São Sebastião";"Conselheiro Lafaiete";BR;12;"2026-09-22 20:15:05";"2026-09-22 20:15:05";não
3658;1749275572;Congestionamento;3;Alto;90;1.5;5.130;172;0.172;0;"R. Santo Antônio de Pádua";"Conselheiro Lafaiete";BR;5;"2026-09-22 20:15:05";"2026-09-22 20:15:05";não
3645;1749058944;Congestionamento;3;Alto;137;2.3;6.210;339;0.339;0;"R. Joemy Faria";"Conselheiro Lafaiete";BR;11;"2026-09-22 20:11:04";"2026-09-22 20:11:04";não
3647;1749043398;Congestionamento;3;Alto;179;3;5.120;357;0.357;12;"R. Alfredo Elias Mafuz";"Conselheiro Lafaiete";BR;11;"2026-09-22 20:11:04";"2026-09-22 20:23:04";não
3650;1748870276;Congestionamento;4;"Muito alto";110;1.8;5.770;223;0.223;0;"R. Ruth de Souza";"Conselheiro Lafaiete";BR;8;"2026-09-22 20:11:04";"2026-09-22 20:11:04";não
3651;1748897732;Congestionamento;3;Alto;121;2;13.300;781;0.781;16;"R. Dias de Souza";"Conselheiro Lafaiete";BR;17;"2026-09-22 20:11:04";"2026-09-22 20:27:04";não
3637;1748666356;Congestionamento;3;Alto;91;1.5;7.300;261;0.261;0;"R. Valério Eugênio";"Conselheiro Lafaiete";BR;13;"2026-09-22 20:07:04";"2026-09-22 20:07:04";não
3639;1748435238;Congestionamento;3;Alto;81;1.4;15.550;591;0.591;32;"R. Alfredo Elias Mafuz";"Conselheiro Lafaiete";BR;10;"2026-09-22 20:07:04";"2026-09-22 20:39:04";não
3641;1748717102;Congestionamento;3;Alto;106;1.8;7.220;345;0.345;0;"R. Dom Silvério";"Conselheiro Lafaiete";BR;6;"2026-09-22 20:07:04";"2026-09-22 20:07:04";não
3642;1748646850;Congestionamento;3;Alto;119;2;10.900;559;0.559;4;"R. Arthur Bernardes";"Conselheiro Lafaiete";BR;14;"2026-09-22 20:07:04";"2026-09-22 20:11:04";não
3643;1748662564;Congestionamento;4;"Muito alto";185;3.1;2.660;165;0.165;8;"R. Dr. José Lopes de Assis";"Conselheiro Lafaiete";BR;6;"2026-09-22 20:07:04";"2026-09-22 20:15:05";não
3634;1747943558;Congestionamento;3;Alto;124;2.1;11.280;625;0.625;0;"Av. Prefeito Telésforo Cândido Resende";"Conselheiro Lafaiete";BR;12;"2026-09-22 20:03:05";"2026-09-22 20:03:05";não
3635;1748370088;Congestionamento;4;"Muito alto";503;8.4;1.330;201;0.201;0;"R. José Nicolau de Queiroz";"Conselheiro Lafaiete";BR;2;"2026-09-22 20:03:05";"2026-09-22 20:03:05";não
3632;1748231480;Congestionamento;3;Alto;103;1.7;9.770;387;0.387;74;"R. Benjamim Constant";"Conselheiro Lafaiete";BR;11;"2026-09-22 20:01:04";"2026-09-22 21:15:05";não
3633;1748143516;Congestionamento;3;Alto;95;1.6;9.020;344;0.344;6;"Pç. Barão de Queluz";"Conselheiro Lafaiete";BR;13;"2026-09-22 20:01:04";"2026-09-22 20:07:04";não
3628;1748168346;Congestionamento;3;Alto;105;1.8;4.050;166;0.166;28;"R. João Santos";"Conselheiro Lafaiete";BR;5;"2026-09-22 19:59:03";"2026-09-22 20:27:04";não
3625;1747630028;Congestionamento;3;Alto;92;1.5;7.510;284;0.284;42;"Av. Prof. Manoel Martins";"Conselheiro Lafaiete";BR;7;"2026-09-22 19:53:04";"2026-09-22 20:35:06";não
3626;1747723652;Congestionamento;3;Alto;160;2.7;4.280;238;0.238;14;"R. Santo Antônio de Pádua";"Conselheiro Lafaiete";BR;4;"2026-09-22 19:53:04";"2026-09-22 20:07:04";não
3622;1747384724;Congestionamento;3;Alto;89;1.5;10.950;405;0.405;9;"Av. Prefeito Telésforo Cândido Resende";"Conselheiro Lafaiete";BR;9;"2026-09-22 19:49:04";"2026-09-22 19:59:03";não
3623;1747099162;Congestionamento;3;Alto;110;1.8;8.790;456;0.456;6;"R. Santo Antônio de Pádua";"Conselheiro Lafaiete";BR;9;"2026-09-22 19:49:04";"2026-09-22 19:55:05";não
3624;1747215034;Congestionamento;4;"Muito alto";110;1.8;4.820;171;0.171;0;"Av. Prof. Manoel Martins";"Conselheiro Lafaiete";BR;4;"2026-09-22 19:49:04";"2026-09-22 19:49:04";não
3620;1747065788;Congestionamento;4;"Muito alto";682;11.4;1.170;249;0.249;0;"Av. Alberto de Souza";"Conselheiro Lafaiete";BR;4;"2026-09-22 19:45:05";"2026-09-22 19:45:05";não
3615;1746547480;Congestionamento;3;Alto;108;1.8;9.310;407;0.407;4;"Av. Furtado";"Conselheiro Lafaiete";BR;7;"2026-09-22 19:39:04";"2026-09-22 19:43:04";não
3612;1746357054;Congestionamento;3;Alto;85;1.4;9.140;320;0.32;4;"R. Olegário Pinto";"Conselheiro Lafaiete";BR;8;"2026-09-22 19:35:04";"2026-09-22 19:39:04";não
3608;1745924878;Congestionamento;3;Alto;80;1.3;8.370;282;0.282;10;"R. Duque de Caxias";"Conselheiro Lafaiete";BR;4;"2026-09-22 19:29:04";"2026-09-22 19:39:04";não
3602;1745496654;Congestionamento;3;Alto;87;1.5;8.880;300;0.3;2;"Av. Furtado";"Conselheiro Lafaiete";BR;5;"2026-09-22 19:23:03";"2026-09-22 19:25:05";não
3601;1745005964;Congestionamento;3;Alto;100;1.7;8.730;379;0.379;6;"R. Tavares de Melo";"Conselheiro Lafaiete";BR;8;"2026-09-22 19:19:04";"2026-09-22 19:25:05";não
3592;1743814660;Congestionamento;3;Alto;88;1.5;7.450;252;0.252;2;"R. Dias de Souza";"Conselheiro Lafaiete";BR;8;"2026-09-22 19:03:04";"2026-09-22 19:05:05";não
3588;1743396166;Congestionamento;3;Alto;95;1.6;8.250;307;0.307;2;"R. Olegário Pinto";"Conselheiro Lafaiete";BR;7;"2026-09-22 18:53:04";"2026-09-22 18:55:05";não
3586;1742837800;Congestionamento;3;Alto;89;1.5;8.050;280;0.28;2;"R. Arthur Bernardes";"Conselheiro Lafaiete";BR;7;"2026-09-22 18:47:04";"2026-09-22 18:49:05";não
3585;1742645696;Congestionamento;3;Alto;72;1.2;9.030;303;0.303;0;"R. Mato Grosso";"Conselheiro Lafaiete";BR;5;"2026-09-22 18:43:04";"2026-09-22 18:43:04";não
3578;1741435052;Congestionamento;3;Alto;115;1.9;11.720;551;0.551;10;"R. Benjamim Constant";"Conselheiro Lafaiete";BR;15;"2026-09-22 18:29:04";"2026-09-22 18:39:04";não
3579;1741531004;Congestionamento;3;Alto;153;2.6;8.030;449;0.449;6;"Av. Prof. Manoel Martins";"Conselheiro Lafaiete";BR;7;"2026-09-22 18:29:04";"2026-09-22 18:35:06";não
3569;1738756310;Congestionamento;3;Alto;105;1.8;5.380;209;0.209;0;"R. Tavares de Melo";"Conselheiro Lafaiete";BR;6;"2026-09-22 17:55:05";"2026-09-22 17:55:05";não
3568;1738166966;Congestionamento;3;Alto;118;2;3.790;152;0.152;12;"R. Ermelinda Jesus Chaves";"Conselheiro Lafaiete";BR;4;"2026-09-22 17:51:04";"2026-09-22 18:03:04";não
3565;1737816006;Congestionamento;3;Alto;105;1.8;11.800;598;0.598;10;"Av. Prof. Manoel Martins";"Conselheiro Lafaiete";BR;12;"2026-09-22 17:45:04";"2026-09-22 17:55:05";não
3564;1737380952;Congestionamento;3;Alto;112;1.9;4.560;191;0.191;0;"R. Dr. Mário de Rezende Dutra";"Conselheiro Lafaiete";BR;6;"2026-09-22 17:43:04";"2026-09-22 17:43:04";não
3563;1736965258;Congestionamento;3;Alto;137;2.3;10.290;592;0.592;6;"Av. Mal. Floriano Peixoto";"Conselheiro Lafaiete";BR;7;"2026-09-22 17:39:04";"2026-09-22 17:45:04";não
3562;1736546082;Congestionamento;4;"Muito alto";356;5.9;3.910;460;0.46;0;"R. Narciso Jr.";"Conselheiro Lafaiete";BR;11;"2026-09-22 17:35:05";"2026-09-22 17:35:05";não
3561;1736516344;Congestionamento;3;Alto;95;1.6;6.220;225;0.225;0;"R. dos Incofidentes";"Conselheiro Lafaiete";BR;8;"2026-09-22 17:33:04";"2026-09-22 17:33:04";não
3556;1735595654;Congestionamento;3;Alto;136;2.3;6.430;363;0.363;0;"R. Antônio Amaral";"Conselheiro Lafaiete";BR;8;"2026-09-22 17:25:05";"2026-09-22 17:25:05";não
3558;1735465742;Congestionamento;4;"Muito alto";155;2.6;3.730;186;0.186;10;"Av. Mal. Floriano Peixoto";"Conselheiro Lafaiete";BR;3;"2026-09-22 17:25:05";"2026-09-22 17:35:05";não
3550;1734313262;Congestionamento;4;"Muito alto";109;1.8;6.080;227;0.227;0;"R. Dias de Souza";"Conselheiro Lafaiete";BR;6;"2026-09-22 17:17:04";"2026-09-22 17:17:04";não
3551;1734609632;Congestionamento;3;Alto;102;1.7;5.480;209;0.209;0;"R. Narciso Jr.";"Conselheiro Lafaiete";BR;5;"2026-09-22 17:17:04";"2026-09-22 17:17:04";não
3552;1734530518;Congestionamento;3;Alto;98;1.6;4.520;180;0.18;8;"R. Dr. Melo Viana";"Conselheiro Lafaiete";BR;8;"2026-09-22 17:17:04";"2026-09-22 17:25:05";não
3547;1734227962;Congestionamento;3;Alto;115;1.9;4.020;180;0.18;0;"R. Dr. Melo Viana";"Conselheiro Lafaiete";BR;8;"2026-09-22 17:13:05";"2026-09-22 17:13:05";não
3533;1728898556;Congestionamento;3;Alto;95;1.6;9.780;366;0.366;9;"R. Santa Matilde";"Conselheiro Lafaiete";BR;7;"2026-09-22 16:39:05";"2026-09-22 16:49:04";não
3534;1728852740;Congestionamento;3;Alto;107;1.8;4.090;165;0.165;0;"R. Dr. José Lopes de Assis";"Conselheiro Lafaiete";BR;6;"2026-09-22 16:39:05";"2026-09-22 16:39:05";não
3528;1727142672;Congestionamento;3;Alto;71;1.2;7.520;255;0.255;0;"R. Jacinto Siqueira";"Conselheiro Lafaiete";BR;5;"2026-09-22 16:29:04";"2026-09-22 16:29:04";não
3525;1725736176;Congestionamento;3;Alto;66;1.1;9.380;424;0.424;5;"R. Melvin Jones";"Conselheiro Lafaiete";BR;7;"2026-09-22 16:23:05";"2026-09-22 16:29:04";não
3522;1724760018;Congestionamento;3;Alto;95;1.6;4.600;180;0.18;0;"R. Dr. Melo Viana";"Conselheiro Lafaiete";BR;8;"2026-09-22 16:15:04";"2026-09-22 16:15:04";não
3520;1722591864;Congestionamento;4;"Muito alto";100;1.7;5.380;188;0.188;0;"R. Quincas Alves";"Conselheiro Lafaiete";BR;3;"2026-09-22 16:05:05";"2026-09-22 16:05:05";não
3519;1721697040;Congestionamento;4;"Muito alto";156;2.6;4.760;259;0.259;18;"R. Francisco Lourenço de Barros";"Conselheiro Lafaiete";BR;6;"2026-09-22 16:01:04";"2026-09-22 16:19:06";não
3514;1721536410;Congestionamento;3;Alto;90;1.5;8.060;302;0.302;2;"R. Horácio de Queiroz";"Conselheiro Lafaiete";BR;5;"2026-09-22 15:59:03";"2026-09-22 16:01:04";não
3512;1720057956;Congestionamento;3;Alto;133;2.2;4.950;229;0.229;3;"Av. Mal. Floriano Peixoto";"Conselheiro Lafaiete";BR;4;"2026-09-22 15:55:06";"2026-09-22 15:59:03";não
3513;1720010760;Congestionamento;3;Alto;69;1.2;9.490;385;0.385;5;"R. Aristides de Alencar";"Conselheiro Lafaiete";BR;8;"2026-09-22 15:55:06";"2026-09-22 16:01:04";não
3509;1719731680;Congestionamento;3;Alto;79;1.3;8.960;302;0.302;4;"R. Nossa Sra. da Paz";"Conselheiro Lafaiete";BR;5;"2026-09-22 15:51:05";"2026-09-22 15:55:06";não
3505;1718769280;Congestionamento;3;Alto;119;2;5.400;259;0.259;0;"R. Francisco Lourenço de Barros";"Conselheiro Lafaiete";BR;6;"2026-09-22 15:47:04";"2026-09-22 15:47:04";não
3507;1718150162;Congestionamento;3;Alto;86;1.4;4.790;165;0.165;18;"R. Dr. José Lopes de Assis";"Conselheiro Lafaiete";BR;6;"2026-09-22 15:47:04";"2026-09-22 16:05:05";não
3501;1717401876;Congestionamento;4;"Muito alto";116;1.9;6.310;243;0.243;0;;"Conselheiro Lafaiete";BR;6;"2026-09-22 15:43:05";"2026-09-22 15:43:05";não
3495;1716463014;Congestionamento;3;Alto;121;2;10.860;598;0.598;2;"Av. Prof. Manoel Martins";"Conselheiro Lafaiete";BR;12;"2026-09-22 15:37:04";"2026-09-22 15:39:04";não
3497;1716077494;Congestionamento;3;Alto;133;2.2;4.060;217;0.217;6;"R. Santa Maria";"Conselheiro Lafaiete";BR;3;"2026-09-22 15:37:04";"2026-09-22 15:43:05";não
3498;1716069590;Congestionamento;3;Alto;158;2.6;6.920;422;0.422;14;"R. Santa Efigênia";"Conselheiro Lafaiete";BR;11;"2026-09-22 15:37:04";"2026-09-22 15:51:05";não
3493;1714930548;Congestionamento;3;Alto;80;1.3;11.570;465;0.465;14;"R. Santa Efigênia";"Conselheiro Lafaiete";BR;14;"2026-09-22 15:33:04";"2026-09-22 15:47:04";não
3490;1711531762;Congestionamento;3;Alto;147;2.5;5.000;267;0.267;3;"R. Augusto Getúlio Vieira";"Conselheiro Lafaiete";BR;4;"2026-09-22 15:15:06";"2026-09-22 15:19:04";não
3487;1711240140;Congestionamento;3;Alto;97;1.6;8.470;339;0.339;8;"R. Alexandrina Nogueira de Queiroz";"Conselheiro Lafaiete";BR;6;"2026-09-22 15:11:04";"2026-09-22 15:19:04";não
3489;1710349898;Congestionamento;4;"Muito alto";103;1.7;4.650;159;0.159;4;"R. Maria das Graças Simões de Resende";"Conselheiro Lafaiete";BR;2;"2026-09-22 15:11:04";"2026-09-22 15:15:06";não
3486;1707653104;Congestionamento;3;Alto;155;2.6;9.060;532;0.532;3;"R. Santa Matilde";"Conselheiro Lafaiete";BR;11;"2026-09-22 14:55:05";"2026-09-22 14:59:04";não
3485;1706491642;Congestionamento;3;Alto;139;2.3;5.420;340;0.34;6;"R. Melvin Jones";"Conselheiro Lafaiete";BR;6;"2026-09-22 14:49:04";"2026-09-22 14:55:05";não
3482;1704262570;Congestionamento;4;"Muito alto";216;3.6;2.710;180;0.18;0;"R. Pe. Lobo";"Conselheiro Lafaiete";BR;5;"2026-09-22 14:39:04";"2026-09-22 14:39:04";não
3473;1700442622;Congestionamento;3;Alto;106;1.8;5.890;232;0.232;8;"R. Eurides Gonçalves da Cunha";"Conselheiro Lafaiete";BR;7;"2026-09-22 14:21:04";"2026-09-22 14:29:04";não
3469;1698940404;Congestionamento;3;Alto;90;1.5;7.180;248;0.248;0;"R. Brasil";"Conselheiro Lafaiete";BR;4;"2026-09-22 14:11:04";"2026-09-22 14:11:04";não
3467;1697858570;Congestionamento;3;Alto;76;1.3;7.820;267;0.267;2;"R. Cel. Licínio Pereira Dutra";"Conselheiro Lafaiete";BR;7;"2026-09-22 14:09:03";"2026-09-22 14:11:04";não
3464;1697009486;Congestionamento;3;Alto;131;2.2;4.360;193;0.193;5;"Pç. Monsenhor Hermenegildo Adami de Carvalho";"Conselheiro Lafaiete";BR;10;"2026-09-22 14:03:04";"2026-09-22 14:09:03";não
3461;1694909242;Congestionamento;3;Alto;114;1.9;6.600;276;0.276;3;"R. José Dias";"Conselheiro Lafaiete";BR;11;"2026-09-22 13:51:05";"2026-09-22 13:55:04";não
3459;1694217568;Congestionamento;3;Alto;167;2.8;8.270;550;0.55;2;"R. José Matias Rodrigues";"Conselheiro Lafaiete";BR;11;"2026-09-22 13:49:04";"2026-09-22 13:51:05";não
3457;1693190682;Congestionamento;4;"Muito alto";367;6.1;1.560;180;0.18;0;"R. Dr. Melo Viana";"Conselheiro Lafaiete";BR;8;"2026-09-22 13:43:04";"2026-09-22 13:43:04";não
3455;1692671946;Congestionamento;4;"Muito alto";141;2.4;3.590;181;0.181;0;"R. Bias Fortes";"Conselheiro Lafaiete";BR;4;"2026-09-22 13:39:05";"2026-09-22 13:39:05";não
3453;1691245582;Congestionamento;3;Alto;102;1.7;8.280;324;0.324;2;"R. Sílvio Rosa de Lima";"Conselheiro Lafaiete";BR;8;"2026-09-22 13:33:04";"2026-09-22 13:35:05";não
3452;1690435118;Congestionamento;3;Alto;100;1.7;7.280;256;0.256;0;"R. Sílvio Rosa de Lima";"Conselheiro Lafaiete";BR;6;"2026-09-22 13:29:04";"2026-09-22 13:29:04";não
3443;1687699316;Congestionamento;4;"Muito alto";1640;27.3;0.540;251;0.251;6;"R. Narciso Jr.";"Conselheiro Lafaiete";BR;7;"2026-09-22 13:15:04";"2026-09-22 13:21:04";não
3438;1686592964;Congestionamento;3;Alto;102;1.7;4.980;191;0.191;0;"R. Professora Maise de Carvalho Gonçalves Mendes";"Conselheiro Lafaiete";BR;3;"2026-09-22 13:07:04";"2026-09-22 13:07:04";não
3435;1684677502;Congestionamento;3;Alto;93;1.6;7.410;249;0.249;4;"Av. Ver. Mário Reis Carvalho";"Conselheiro Lafaiete";BR;6;"2026-09-22 12:57:04";"2026-09-22 13:01:04";não
3430;1681315218;Congestionamento;4;"Muito alto";183;3.1;3.250;195;0.195;0;"R. Tavares de Melo";"Conselheiro Lafaiete";BR;5;"2026-09-22 12:35:04";"2026-09-22 12:35:04";não
3431;1681073024;Congestionamento;3;Alto;110;1.8;5.880;228;0.228;4;"R. Murilo Augusto de Rezende";"Conselheiro Lafaiete";BR;4;"2026-09-22 12:35:04";"2026-09-22 12:39:04";não
3428;1680511290;Congestionamento;3;Alto;108;1.8;5.760;238;0.238;4;"R. Santo Antônio de Pádua";"Conselheiro Lafaiete";BR;4;"2026-09-22 12:31:04";"2026-09-22 12:35:04";não
3429;1680629206;Congestionamento;3;Alto;124;2.1;10.680;598;0.598;26;"Av. Prof. Manoel Martins";"Conselheiro Lafaiete";BR;12;"2026-09-22 12:31:04";"2026-09-22 12:57:04";não
3426;1680214252;Congestionamento;3;Alto;78;1.3;8.830;303;0.303;0;"R. Valério Eugênio";"Conselheiro Lafaiete";BR;14;"2026-09-22 12:27:05";"2026-09-22 12:27:05";não
3421;1677716468;Congestionamento;3;Alto;88;1.5;7.640;307;0.307;0;"R. São Jorge";"Conselheiro Lafaiete";BR;4;"2026-09-22 12:11:03";"2026-09-22 12:11:03";não
3423;1677659392;Congestionamento;3;Alto;123;2.1;7.120;371;0.371;8;"R. João Franco Ribeiro";"Conselheiro Lafaiete";BR;8;"2026-09-22 12:11:03";"2026-09-22 12:19:04";não
3418;1676599076;Congestionamento;4;"Muito alto";158;2.6;4.750;252;0.252;3;"R. Dias de Souza";"Conselheiro Lafaiete";BR;8;"2026-09-22 12:07:04";"2026-09-22 12:11:03";não
3408;1674542924;Congestionamento;4;"Muito alto";146;2.4;5.050;252;0.252;8;"R. Dias de Souza";"Conselheiro Lafaiete";BR;8;"2026-09-22 11:51:04";"2026-09-22 11:59:04";não
3406;1673931132;Congestionamento;3;Alto;60;1;9.530;320;0.32;0;"R. Tereza Cristina Marzano Franco";"Conselheiro Lafaiete";BR;8;"2026-09-22 11:47:04";"2026-09-22 11:47:04";não
3405;1672972962;Congestionamento;3;Alto;151;2.5;3.650;217;0.217;4;"R. Conselheiro Lafaiete";"Conselheiro Lafaiete";BR;6;"2026-09-22 11:43:04";"2026-09-22 11:47:04";não
3403;1671342820;Congestionamento;3;Alto;114;1.9;11.210;532;0.532;12;"R. Santa Matilde";"Conselheiro Lafaiete";BR;11;"2026-09-22 11:31:04";"2026-09-22 11:43:04";não
3400;1670544890;Congestionamento;3;Alto;134;2.2;4.840;230;0.23;4;"R. São Jorge";"Conselheiro Lafaiete";BR;3;"2026-09-22 11:27:04";"2026-09-22 11:31:04";não
3392;1667128420;Congestionamento;3;Alto;81;1.4;10.090;358;0.358;2;"R. Dias de Souza";"Conselheiro Lafaiete";BR;9;"2026-09-22 11:03:04";"2026-09-22 11:05:05";não
3393;1666830244;Congestionamento;3;Alto;146;2.4;6.320;330;0.33;6;"R. Geraldo Francisco da Silva";"Conselheiro Lafaiete";BR;7;"2026-09-22 11:03:04";"2026-09-22 11:09:04";não
3385;1663693366;Congestionamento;3;Alto;125;2.1;6.220;267;0.267;6;"R. Dr. Mário de Rezende Dutra";"Conselheiro Lafaiete";BR;5;"2026-09-22 10:43:03";"2026-09-22 10:49:04";não
3374;1659259858;Congestionamento;3;Alto;121;2;7.140;317;0.317;4;"R. Ver. João de Castro";"Conselheiro Lafaiete";BR;5;"2026-09-22 10:11:04";"2026-09-22 10:15:04";não
3375;1659018036;Congestionamento;3;Alto;98;1.6;6.730;259;0.259;4;"R. Francisco Lourenço de Barros";"Conselheiro Lafaiete";BR;6;"2026-09-22 10:11:04";"2026-09-22 10:15:04";não
3371;1658371010;Congestionamento;3;Alto;82;1.4;10.550;422;0.422;0;"R. Santa Efigênia";"Conselheiro Lafaiete";BR;11;"2026-09-22 10:07:04";"2026-09-22 10:07:04";não
3367;1658080836;Congestionamento;3;Alto;95;1.6;5.680;202;0.202;4;"R. Benjamin Granha Senra";"Conselheiro Lafaiete";BR;4;"2026-09-22 10:03:04";"2026-09-22 10:07:04";não
3370;1658009996;Congestionamento;3;Alto;110;1.8;5.210;219;0.219;0;"R. José Antônio Lara";"Conselheiro Lafaiete";BR;6;"2026-09-22 10:03:04";"2026-09-22 10:03:04";não
3366;1654184334;Congestionamento;3;Alto;101;1.7;4.180;154;0.154;12;"R. Oswaldo Bastos";"Conselheiro Lafaiete";BR;2;"2026-09-22 09:23:04";"2026-09-22 09:35:04";não
3365;1654045240;Congestionamento;3;Alto;89;1.5;6.150;220;0.22;6;"Av. Geraldo Plaza";"Conselheiro Lafaiete";BR;6;"2026-09-22 09:19:04";"2026-09-22 09:25:05";não
3364;1652685320;Congestionamento;3;Alto;316;5.3;12.070;408;0.408;4;MGC-482;"Conselheiro Lafaiete";BR;5;"2026-09-22 09:03:04";"2026-09-22 09:07:04";não
3363;1651769438;Congestionamento;3;Alto;93;1.6;6.950;233;0.233;5;"R. Santa Matilde";"Conselheiro Lafaiete";BR;5;"2026-09-22 08:53:04";"2026-09-22 08:59:03";não
3361;1651373294;Congestionamento;3;Alto;85;1.4;8.310;278;0.278;0;"R. Olegário Pinto";"Conselheiro Lafaiete";BR;7;"2026-09-22 08:47:04";"2026-09-22 08:47:04";não
3358;1610846404;Congestionamento;3;Alto;105;1.8;6.750;259;0.259;10;"R. Dr. Henrique de Abreu";"Conselheiro Lafaiete";BR;6;"2026-09-22 04:13:03";"2026-09-22 04:23:03";não
3357;1341971808;Congestionamento;3;Alto;123;2.1;11.820;684;0.684;4;MGC-482;"Conselheiro Lafaiete";BR;14;"2026-09-22 04:01:04";"2026-09-22 04:05:04";não
3356;1341124510;Congestionamento;3;Alto;85;1.4;9.220;312;0.312;0;"Av. Mal. Floriano Peixoto";"Conselheiro Lafaiete";BR;4;"2026-09-22 03:31:04";"2026-09-22 03:31:04";não
3353;1340214886;Congestionamento;4;"Muito alto";193;3.2;4.090;252;0.252;8;"R. Afonso Pena";"Conselheiro Lafaiete";BR;5;"2026-09-22 03:01:04";"2026-09-22 03:09:04";não
3352;1337256218;Congestionamento;3;Alto;101;1.7;6.200;223;0.223;0;"R. Ruth de Souza";"Conselheiro Lafaiete";BR;8;"2026-09-22 01:41:04";"2026-09-22 01:41:04";não
3351;1335655276;Congestionamento;3;Alto;122;2;4.510;211;0.211;4;"R. Dr. Vitorino Santos Ribeiro";"Conselheiro Lafaiete";BR;4;"2026-09-22 01:13:04";"2026-09-22 01:17:04";não
3350;1334485804;Congestionamento;3;Alto;104;1.7;4.760;177;0.177;8;"R. Horácio de Queiroz";"Conselheiro Lafaiete";BR;5;"2026-09-22 00:57:04";"2026-09-22 01:05:04";não
3348;1331764086;Congestionamento;4;"Muito alto";126;2.1;3.710;156;0.156;6;"R. Aimorés";"Conselheiro Lafaiete";BR;4;"2026-09-22 00:23:04";"2026-09-22 00:29:04";não
3346;1328027700;Congestionamento;3;Alto;133;2.2;7.500;389;0.389;4;"R. Cel. Albino";"Conselheiro Lafaiete";BR;8;"2026-09-21 23:35:04";"2026-09-21 23:39:04";não
3345;1327797800;Congestionamento;3;Alto;147;2.5;6.300;371;0.371;2;"R. João Franco Ribeiro";"Conselheiro Lafaiete";BR;8;"2026-09-21 23:33:04";"2026-09-21 23:35:04";não
3344;1327602230;Congestionamento;3;Alto;179;3;6.340;411;0.411;6;"R. João Evangelista";"Conselheiro Lafaiete";BR;4;"2026-09-21 23:29:04";"2026-09-21 23:35:04";não
3341;1327284122;Congestionamento;3;Alto;122;2;6.120;261;0.261;0;"R. João Evangelista";"Conselheiro Lafaiete";BR;4;"2026-09-21 23:25:06";"2026-09-21 23:25:06";não
3342;1327387572;Congestionamento;4;"Muito alto";108;1.8;4.210;152;0.152;7;"R. Barão de Pouso Alegre";"Conselheiro Lafaiete";BR;2;"2026-09-21 23:25:06";"2026-09-21 23:33:04";não
3336;1325524018;Congestionamento;3;Alto;134;2.2;14.500;911;0.911;0;"R. Francisco Lobo";"Conselheiro Lafaiete";BR;23;"2026-09-21 23:03:04";"2026-09-21 23:03:04";não
3334;1325417588;Congestionamento;4;"Muito alto";129;2.2;5.470;267;0.267;8;"R. Cel. Licínio Pereira Dutra";"Conselheiro Lafaiete";BR;7;"2026-09-21 22:59:04";"2026-09-21 23:07:04";não
3331;1324653956;Congestionamento;3;Alto;96;1.6;8.870;345;0.345;10;"R. Dionisio Pinto de Resende";"Conselheiro Lafaiete";BR;4;"2026-09-21 22:49:03";"2026-09-21 22:59:04";não
3329;1324240616;Congestionamento;3;Alto;88;1.5;6.630;221;0.221;2;"Av. Geraldo Marques";"Conselheiro Lafaiete";BR;6;"2026-09-21 22:43:04";"2026-09-21 22:45:04";não
3328;1323732908;Congestionamento;3;Alto;117;2;4.070;164;0.164;6;"R. Professora Júlia Miranda";"Conselheiro Lafaiete";BR;4;"2026-09-21 22:39:04";"2026-09-21 22:45:04";não
3327;1323125502;Congestionamento;4;"Muito alto";197;3.3;4.310;278;0.278;2;"R. Olegário Pinto";"Conselheiro Lafaiete";BR;7;"2026-09-21 22:29:03";"2026-09-21 22:31:04";não
3325;1321894578;Congestionamento;4;"Muito alto";196;3.3;2.530;165;0.165;13;"R. Dr. José Lopes de Assis";"Conselheiro Lafaiete";BR;6;"2026-09-21 22:15:05";"2026-09-21 22:29:03";não
3324;1321440712;Congestionamento;3;Alto;132;2.2;7.430;708;0.708;10;"R. Marilia Bernadina Lobo";"Conselheiro Lafaiete";BR;13;"2026-09-21 22:09:04";"2026-09-21 22:19:04";não
3322;1320920728;Congestionamento;3;Alto;180;3;16.250;1158;1.158;10;"MG-129 Rod. Eng. Ary Belisário";"Conselheiro Lafaiete";BR;17;"2026-09-21 22:05:04";"2026-09-21 22:15:05";não
3321;1320765382;Congestionamento;3;Alto;112;1.9;4.610;194;0.194;8;"R. Rodolfo Carmo";"Conselheiro Lafaiete";BR;3;"2026-09-21 22:01:04";"2026-09-21 22:09:04";não
3312;1319839820;Congestionamento;4;"Muito alto";112;1.9;9.450;386;0.386;0;"MG-129 Rod. Eng. Ary Belisário";"Conselheiro Lafaiete";BR;7;"2026-09-21 21:53:05";"2026-09-21 21:53:05";não
3314;1319946336;Congestionamento;3;Alto;93;1.6;5.290;179;0.179;2;"R. São Camilo";"Conselheiro Lafaiete";BR;4;"2026-09-21 21:53:05";"2026-09-21 21:55:06";não
3315;1320014684;Congestionamento;4;"Muito alto";200;3.3;3.120;202;0.202;15;"R. Benjamin Granha Senra";"Conselheiro Lafaiete";BR;4;"2026-09-21 21:53:05";"2026-09-21 22:09:04";não
3316;1320057616;Congestionamento;3;Alto;86;1.4;5.710;201;0.201;2;"R. José Nicolau de Queiroz";"Conselheiro Lafaiete";BR;2;"2026-09-21 21:53:05";"2026-09-21 21:55:06";não
3308;1319865098;Congestionamento;3;Alto;107;1.8;6.890;264;0.264;4;"R. Moacir de Souza Júnior";"Conselheiro Lafaiete";BR;5;"2026-09-21 21:51:04";"2026-09-21 21:55:06";não
3311;1319841494;Congestionamento;4;"Muito alto";216;3.6;2.780;201;0.201;0;"R. Santo Antônio de Pádua";"Conselheiro Lafaiete";BR;6;"2026-09-21 21:51:04";"2026-09-21 21:51:04";não
3306;1319609586;Congestionamento;3;Alto;95;1.6;8.990;343;0.343;4;"R. Francisco Lobo";"Conselheiro Lafaiete";BR;7;"2026-09-21 21:49:04";"2026-09-21 21:53:05";não
3305;1319465854;Congestionamento;3;Alto;89;1.5;5.980;202;0.202;0;"R. Benjamin Granha Senra";"Conselheiro Lafaiete";BR;4;"2026-09-21 21:47:04";"2026-09-21 21:47:04";não
3299;1319033118;Congestionamento;3;Alto;82;1.4;9.290;345;0.345;0;"R. Josefina Martins";"Conselheiro Lafaiete";BR;10;"2026-09-21 21:43:05";"2026-09-21 21:43:05";não
3298;1318563510;Congestionamento;4;"Muito alto";349;5.8;2.390;259;0.259;6;"R. Francisco Lourenço de Barros";"Conselheiro Lafaiete";BR;6;"2026-09-21 21:41:04";"2026-09-21 21:47:04";não
3296;1318596624;Congestionamento;3;Alto;89;1.5;5.220;214;0.214;10;"R. Dr. Moreira";"Conselheiro Lafaiete";BR;4;"2026-09-21 21:37:04";"2026-09-21 21:47:04";não
3294;1318220750;Congestionamento;3;Alto;106;1.8;5.860;259;0.259;8;"R. Francisco Lourenço de Barros";"Conselheiro Lafaiete";BR;6;"2026-09-21 21:35:04";"2026-09-21 21:43:05";não
3291;1317949134;Congestionamento;3;Alto;122;2;4.250;188;0.188;12;"R. Narcisa Queiroz";"Conselheiro Lafaiete";BR;3;"2026-09-21 21:31:04";"2026-09-21 21:43:05";não
3293;1317944986;Congestionamento;3;Alto;119;2;3.920;159;0.159;12;"R. Narcisa Queiroz";"Conselheiro Lafaiete";BR;2;"2026-09-21 21:31:04";"2026-09-21 21:43:05";não
3289;1317069674;Congestionamento;3;Alto;108;1.8;5.620;218;0.218;12;"R. Izidoro Cardoso";"Conselheiro Lafaiete";BR;6;"2026-09-21 21:23:04";"2026-09-21 21:35:04";não
3283;1316662840;Congestionamento;3;Alto;70;1.2;14.300;482;0.482;0;"Av. Prefeito Mário Rodrigues Pereira";"Conselheiro Lafaiete";BR;16;"2026-09-21 21:19:06";"2026-09-21 21:19:06";não
3284;1316604598;Congestionamento;4;"Muito alto";241;4;2.200;168;0.168;3;"R. Sandoval Azevedo";"Conselheiro Lafaiete";BR;6;"2026-09-21 21:19:06";"2026-09-21 21:23:04";não
3288;1316868262;Congestionamento;3;Alto;108;1.8;6.130;227;0.227;23;"R. Dias de Souza";"Conselheiro Lafaiete";BR;6;"2026-09-21 21:19:06";"2026-09-21 21:43:05";não
3278;1316170650;Congestionamento;3;Alto;121;2;4.290;191;0.191;6;"R. Santo Antônio de Pádua";"Conselheiro Lafaiete";BR;4;"2026-09-21 21:13:03";"2026-09-21 21:19:06";não
3279;1316111694;Congestionamento;4;"Muito alto";98;1.6;7.060;244;0.244;0;"Av. Prefeito Mário Rodrigues Pereira";"Conselheiro Lafaiete";BR;9;"2026-09-21 21:13:03";"2026-09-21 21:13:03";não
3273;1315238724;Congestionamento;4;"Muito alto";139;2.3;4.100;176;0.176;0;"Av. Ver. Mário Reis Carvalho";"Conselheiro Lafaiete";BR;2;"2026-09-21 21:05:05";"2026-09-21 21:05:05";não
3271;1315126700;Congestionamento;4;"Muito alto";117;2;3.470;134;0.134;18;"R. Antônio Francisco Neves";"Conselheiro Lafaiete";BR;4;"2026-09-21 21:01:05";"2026-09-21 21:19:06";não
3269;1314473388;Congestionamento;3;Alto;164;2.7;4.970;283;0.283;0;"R. Samuel Vieira Rezende Paula";"Conselheiro Lafaiete";BR;5;"2026-09-21 20:57:04";"2026-09-21 20:57:04";não
3270;1314670660;Congestionamento;3;Alto;84;1.4;7.710;261;0.261;0;"R. Valério Eugênio";"Conselheiro Lafaiete";BR;13;"2026-09-21 20:57:04";"2026-09-21 20:57:04";não
3265;1314318430;Congestionamento;3;Alto;189;3.2;7.260;505;0.505;4;"R. Arthur Bernardes";"Conselheiro Lafaiete";BR;12;"2026-09-21 20:53:04";"2026-09-21 20:57:04";não
3263;1314186770;Congestionamento;3;Alto;81;1.4;4.830;166;0.166;6;"R. João Santos";"Conselheiro Lafaiete";BR;5;"2026-09-21 20:51:04";"2026-09-21 20:57:04";não
3257;1313754026;Congestionamento;3;Alto;113;1.9;6.230;261;0.261;2;"R. Valério Eugênio";"Conselheiro Lafaiete";BR;13;"2026-09-21 20:49:03";"2026-09-21 20:51:04";não
3261;1313885678;Congestionamento;4;"Muito alto";106;1.8;4.560;160;0.16;4;"Av. Monsenhor Moreira";"Conselheiro Lafaiete";BR;6;"2026-09-21 20:49:03";"2026-09-21 20:53:04";não
3249;1313367136;Congestionamento;3;Alto;112;1.9;3.850;166;0.166;5;"R. João Santos";"Conselheiro Lafaiete";BR;5;"2026-09-21 20:43:04";"2026-09-21 20:49:03";não
3250;1313355556;Congestionamento;3;Alto;102;1.7;4.230;165;0.165;14;"R. Dr. José Lopes de Assis";"Conselheiro Lafaiete";BR;6;"2026-09-21 20:43:04";"2026-09-21 20:57:04";não
3251;1313274032;Congestionamento;4;"Muito alto";124;2.1;6.720;273;0.273;0;"MG-129 Rod. Eng. Ary Belisário";"Conselheiro Lafaiete";BR;7;"2026-09-21 20:43:04";"2026-09-21 20:43:04";não
3254;1313270298;Congestionamento;3;Alto;78;1.3;5.830;198;0.198;2;"R. Cel. Licínio Pereira Dutra";"Conselheiro Lafaiete";BR;5;"2026-09-21 20:43:04";"2026-09-21 20:45:05";não
3246;1312634458;Congestionamento;3;Alto;69;1.2;11.430;382;0.382;51;"R. Santa Efigênia";"Conselheiro Lafaiete";BR;13;"2026-09-21 20:35:05";"2026-09-21 21:27:04";não
3247;1312608406;Congestionamento;3;Alto;156;2.6;5.620;357;0.357;13;"R. Alfredo Elias Mafuz";"Conselheiro Lafaiete";BR;11;"2026-09-21 20:35:05";"2026-09-21 20:49:03";não
3245;1312504456;Congestionamento;3;Alto;76;1.3;9.500;324;0.324;0;"R. Santa Efigênia";"Conselheiro Lafaiete";BR;9;"2026-09-21 20:31:06";"2026-09-21 20:31:06";não
3236;1311566350;Congestionamento;3;Alto;111;1.9;6.340;244;0.244;8;"R. Francisco Lobo";"Conselheiro Lafaiete";BR;6;"2026-09-21 20:23:05";"2026-09-21 20:31:06";não
3237;1311746852;Congestionamento;3;Alto;95;1.6;5.890;200;0.2;0;"R. Valério Eugênio";"Conselheiro Lafaiete";BR;11;"2026-09-21 20:23:05";"2026-09-21 20:23:05";não
3238;1311643294;Congestionamento;3;Alto;131;2.2;9.760;565;0.565;12;"R. Adolfo Siqueira";"Conselheiro Lafaiete";BR;14;"2026-09-21 20:23:05";"2026-09-21 20:35:05";não
3239;1311627838;Congestionamento;4;"Muito alto";118;2;5.720;227;0.227;12;"R. Dias de Souza";"Conselheiro Lafaiete";BR;6;"2026-09-21 20:23:05";"2026-09-21 20:35:05";não
3241;1311605882;Congestionamento;4;"Muito alto";164;2.7;4.880;254;0.254;0;"R. Alfredo Elias Mafuz";"Conselheiro Lafaiete";BR;5;"2026-09-21 20:23:05";"2026-09-21 20:23:05";não
3229;1311351592;Congestionamento;3;Alto;112;1.9;4.210;164;0.164;0;"R. Melvin Jones";"Conselheiro Lafaiete";BR;3;"2026-09-21 20:19:04";"2026-09-21 20:19:04";não
3233;1311367074;Congestionamento;3;Alto;80;1.3;10.110;344;0.344;0;"Pç. Barão de Queluz";"Conselheiro Lafaiete";BR;13;"2026-09-21 20:19:04";"2026-09-21 20:19:04";não
3225;1311075438;Congestionamento;3;Alto;83;1.4;7.250;253;0.253;3;"R. Joemy Faria";"Conselheiro Lafaiete";BR;8;"2026-09-21 20:15:05";"2026-09-21 20:19:04";não
3226;1311025962;Congestionamento;3;Alto;88;1.5;9.500;344;0.344;0;"Pç. Barão de Queluz";"Conselheiro Lafaiete";BR;13;"2026-09-21 20:15:05";"2026-09-21 20:15:05";não
3227;1311112210;Congestionamento;4;"Muito alto";176;2.9;5.600;333;0.333;3;"R. Dias de Souza";"Conselheiro Lafaiete";BR;7;"2026-09-21 20:15:05";"2026-09-21 20:19:04";não
3228;1311114778;Congestionamento;3;Alto;91;1.5;6.480;219;0.219;3;"Av. Furtado";"Conselheiro Lafaiete";BR;5;"2026-09-21 20:15:05";"2026-09-21 20:19:04";não
3222;1310896416;Congestionamento;3;Alto;87;1.5;4.590;166;0.166;0;"R. João Santos";"Conselheiro Lafaiete";BR;5;"2026-09-21 20:11:06";"2026-09-21 20:11:06";não
3223;1310823182;Congestionamento;3;Alto;106;1.8;17.290;878;0.878;41;"BR-040 S Rod. Pres. Juscelino Kubitschek";"Conselheiro Lafaiete";BR;12;"2026-09-21 20:11:06";"2026-09-21 20:53:04";não
3224;1310819064;Congestionamento;4;"Muito alto";233;3.9;3.220;248;0.248;7;"R. João Franco Ribeiro";"Conselheiro Lafaiete";BR;6;"2026-09-21 20:11:06";"2026-09-21 20:19:04";não
3216;1310379308;Congestionamento;3;Alto;156;2.6;3.060;165;0.165;13;"R. Dr. José Lopes de Assis";"Conselheiro Lafaiete";BR;6;"2026-09-21 20:05:06";"2026-09-21 20:19:04";não
3213;1310154630;Congestionamento;3;Alto;103;1.7;6.550;246;0.246;0;"R. Lopes Franco";"Conselheiro Lafaiete";BR;4;"2026-09-21 20:01:06";"2026-09-21 20:01:06";não
3214;1310078674;Congestionamento;3;Alto;122;2;6.700;337;0.337;7;"R. Joemy Faria";"Conselheiro Lafaiete";BR;10;"2026-09-21 20:01:06";"2026-09-21 20:09:04";não
3211;1309875818;Congestionamento;3;Alto;93;1.6;7.000;268;0.268;8;"R. Eng. Nelson Teixeira";"Conselheiro Lafaiete";BR;6;"2026-09-21 19:57:03";"2026-09-21 20:05:06";não
3212;1309894846;Congestionamento;4;"Muito alto";1037;17.3;0.560;169;0.169;0;"R. Luiz Radamés de Araújo";"Conselheiro Lafaiete";BR;5;"2026-09-21 19:57:03";"2026-09-21 19:57:03";não
3210;1309556934;Congestionamento;4;"Muito alto";144;2.4;3.560;166;0.166;8;"Av. Furtado";"Conselheiro Lafaiete";BR;4;"2026-09-21 19:53:05";"2026-09-21 20:01:06";não
3208;1309385294;Congestionamento;4;"Muito alto";316;5.3;2.620;270;0.27;0;"R. Luiz Radamés de Araújo";"Conselheiro Lafaiete";BR;6;"2026-09-21 19:49:05";"2026-09-21 19:49:05";não
3209;1309307828;Congestionamento;3;Alto;84;1.4;9.010;371;0.371;0;"R. João Franco Ribeiro";"Conselheiro Lafaiete";BR;8;"2026-09-21 19:49:05";"2026-09-21 19:49:05";não
3205;1309233216;Congestionamento;3;Alto;84;1.4;5.860;197;0.197;2;"R. Dr. Moreira";"Conselheiro Lafaiete";BR;4;"2026-09-21 19:47:04";"2026-09-21 19:49:05";não
3204;1308750020;Congestionamento;4;"Muito alto";178;3;4.230;246;0.246;0;"R. Francisco Lobo";"Conselheiro Lafaiete";BR;5;"2026-09-21 19:41:03";"2026-09-21 19:41:03";não
3200;1308498662;Congestionamento;4;"Muito alto";126;2.1;4.810;199;0.199;8;"Av. Mal. Floriano Peixoto";"Conselheiro Lafaiete";BR;6;"2026-09-21 19:35:04";"2026-09-21 19:43:05";não
3201;1308552720;Congestionamento;3;Alto;138;2.3;3.380;160;0.16;8;"R. José Pinto Figueiredo";"Conselheiro Lafaiete";BR;2;"2026-09-21 19:35:04";"2026-09-21 19:43:05";não
3202;1308331092;Congestionamento;3;Alto;114;1.9;11.750;551;0.551;8;"R. Benjamim Constant";"Conselheiro Lafaiete";BR;15;"2026-09-21 19:35:04";"2026-09-21 19:43:05";não
3197;1307867578;Congestionamento;3;Alto;100;1.7;9.430;397;0.397;6;"Av. Furtado";"Conselheiro Lafaiete";BR;8;"2026-09-21 19:25:06";"2026-09-21 19:31:06";não
3195;1307596612;Congestionamento;3;Alto;117;2;11.560;551;0.551;10;"R. Benjamim Constant";"Conselheiro Lafaiete";BR;15;"2026-09-21 19:19:04";"2026-09-21 19:29:04";não
3191;1306958888;Congestionamento;3;Alto;125;2.1;5.420;232;0.232;0;"R. Adolfo Siqueira";"Conselheiro Lafaiete";BR;3;"2026-09-21 19:09:04";"2026-09-21 19:09:04";não
3188;1306717526;Congestionamento;4;"Muito alto";99;1.7;5.730;204;0.204;7;"R. Dr. Campolina";"Conselheiro Lafaiete";BR;5;"2026-09-21 19:05:07";"2026-09-21 19:13:06";não
3184;1306369562;Congestionamento;3;Alto;136;2.3;6.920;365;0.365;3;"R. Tavares de Melo";"Conselheiro Lafaiete";BR;7;"2026-09-21 18:59:05";"2026-09-21 19:03:04";não
3183;1306087644;Congestionamento;3;Alto;91;1.5;5.950;215;0.215;4;"R. Assis Andrade";"Conselheiro Lafaiete";BR;5;"2026-09-21 18:55:05";"2026-09-21 18:59:05";não
3180;1305988826;Congestionamento;3;Alto;88;1.5;10.930;439;0.439;4;"R. Afonso Pena";"Conselheiro Lafaiete";BR;8;"2026-09-21 18:51:04";"2026-09-21 18:55:05";não
3181;1305812072;Congestionamento;3;Alto;92;1.5;6.720;251;0.251;12;"R. Narciso Jr.";"Conselheiro Lafaiete";BR;7;"2026-09-21 18:51:04";"2026-09-21 19:03:04";não
3176;1305423644;Congestionamento;3;Alto;80;1.3;9.760;365;0.365;0;"R. Tavares de Melo";"Conselheiro Lafaiete";BR;7;"2026-09-21 18:45:06";"2026-09-21 18:45:06";não
3177;1305596612;Congestionamento;3;Alto;96;1.6;10.360;439;0.439;0;"R. Afonso Pena";"Conselheiro Lafaiete";BR;8;"2026-09-21 18:45:06";"2026-09-21 18:45:06";não
3173;1305128780;Congestionamento;3;Alto;93;1.6;12.810;532;0.532;0;"R. Santa Matilde";"Conselheiro Lafaiete";BR;11;"2026-09-21 18:39:06";"2026-09-21 18:39:06";não
3170;1304390514;Congestionamento;3;Alto;237;4;5.550;481;0.481;0;"R. Antônio Reis";"Conselheiro Lafaiete";BR;8;"2026-09-21 18:31:05";"2026-09-21 18:31:05";não
3168;1304267678;Congestionamento;4;"Muito alto";191;3.2;3.760;229;0.229;8;"R. José Matias Rodrigues";"Conselheiro Lafaiete";BR;4;"2026-09-21 18:27:04";"2026-09-21 18:35:06";não
3164;1302877718;Congestionamento;3;Alto;107;1.8;4.050;156;0.156;0;"R. Antônio Reis";"Conselheiro Lafaiete";BR;2;"2026-09-21 18:07:04";"2026-09-21 18:07:04";não
3161;1302254502;Congestionamento;3;Alto;113;1.9;8.030;378;0.378;0;"R. Tavares de Melo";"Conselheiro Lafaiete";BR;9;"2026-09-21 17:57:04";"2026-09-21 17:57:04";não
3158;1302139544;Congestionamento;3;Alto;81;1.4;5.530;214;0.214;0;"R. Dr. Moreira";"Conselheiro Lafaiete";BR;4;"2026-09-21 17:55:04";"2026-09-21 17:55:04";não
3155;1301608060;Congestionamento;3;Alto;127;2.1;5.460;244;0.244;6;"R. André Rodrigues da Silva";"Conselheiro Lafaiete";BR;8;"2026-09-21 17:51:04";"2026-09-21 17:57:04";não
3152;1301661270;Congestionamento;3;Alto;129;2.2;4.730;210;0.21;0;"Av. Mal. Floriano Peixoto";"Conselheiro Lafaiete";BR;2;"2026-09-21 17:47:04";"2026-09-21 17:47:04";não
3153;1301665014;Congestionamento;3;Alto;85;1.4;5.350;214;0.214;0;"R. Dr. Moreira";"Conselheiro Lafaiete";BR;4;"2026-09-21 17:47:04";"2026-09-21 17:47:04";não
3149;1300973300;Congestionamento;3;Alto;94;1.6;6.680;238;0.238;4;"R. Monsenhor Barreto";"Conselheiro Lafaiete";BR;6;"2026-09-21 17:39:04";"2026-09-21 17:43:04";não
3146;1300588176;Congestionamento;4;"Muito alto";119;2;5.940;252;0.252;0;"R. Dias de Souza";"Conselheiro Lafaiete";BR;8;"2026-09-21 17:35:05";"2026-09-21 17:35:05";não
3147;1300525544;Congestionamento;3;Alto;159;2.7;11.240;783;0.783;7;"Av. Mal. Floriano Peixoto";"Conselheiro Lafaiete";BR;11;"2026-09-21 17:35:05";"2026-09-21 17:43:04";não
3144;1299897076;Congestionamento;3;Alto;96;1.6;6.990;252;0.252;0;"R. Dias de Souza";"Conselheiro Lafaiete";BR;8;"2026-09-21 17:29:04";"2026-09-21 17:29:04";não
3143;1299657354;Congestionamento;4;"Muito alto";147;2.5;3.360;164;0.164;0;"R. Melvin Jones";"Conselheiro Lafaiete";BR;3;"2026-09-21 17:25:07";"2026-09-21 17:25:07";não
3140;1299456884;Congestionamento;3;Alto;105;1.8;6.910;252;0.252;2;"R. Francisco Lobo";"Conselheiro Lafaiete";BR;7;"2026-09-21 17:23:03";"2026-09-21 17:25:07";não
3141;1299580858;Congestionamento;3;Alto;89;1.5;7.430;252;0.252;0;"R. Dias de Souza";"Conselheiro Lafaiete";BR;8;"2026-09-21 17:23:03";"2026-09-21 17:23:03";não
3136;1299260160;Congestionamento;4;"Muito alto";241;4;3.260;247;0.247;6;"R. Amazonas";"Conselheiro Lafaiete";BR;4;"2026-09-21 17:19:05";"2026-09-21 17:25:07";não
3135;1298767930;Congestionamento;3;Alto;198;3.3;5.810;411;0.411;0;"R. João Evangelista";"Conselheiro Lafaiete";BR;4;"2026-09-21 17:15:07";"2026-09-21 17:15:07";não
3126;1297314252;Congestionamento;3;Alto;143;2.4;9.460;408;0.408;0;MGC-482;"Conselheiro Lafaiete";BR;5;"2026-09-21 17:01:08";"2026-09-21 17:01:08";não
3122;1296075134;Congestionamento;4;"Muito alto";176;2.9;3.140;178;0.178;4;"R. Josefina Martins";"Conselheiro Lafaiete";BR;6;"2026-09-21 16:51:04";"2026-09-21 16:55:06";não
3120;1295257440;Congestionamento;3;Alto;127;2.1;6.810;424;0.424;5;"R. Melvin Jones";"Conselheiro Lafaiete";BR;7;"2026-09-21 16:43:04";"2026-09-21 16:49:03";não
3116;1293991112;Congestionamento;4;"Muito alto";598;10;1.180;208;0.208;0;"R. Tavares de Melo";"Conselheiro Lafaiete";BR;7;"2026-09-21 16:35:05";"2026-09-21 16:35:05";não
3115;1293885872;Congestionamento;3;Alto;82;1.4;7.860;271;0.271;2;"R. Henrique Tolomelli";"Conselheiro Lafaiete";BR;5;"2026-09-21 16:33:03";"2026-09-21 16:35:05";não
3108;1291695458;Congestionamento;4;"Muito alto";341;5.7;4.040;214;0.214;0;"R. Belo Vale";"Conselheiro Lafaiete";BR;6;"2026-09-21 16:19:04";"2026-09-21 16:19:04";não
3103;1290115524;Congestionamento;3;Alto;88;1.5;4.710;165;0.165;0;"R. Dr. José Lopes de Assis";"Conselheiro Lafaiete";BR;6;"2026-09-21 16:09:05";"2026-09-21 16:09:05";não
3102;1289366906;Congestionamento;3;Alto;102;1.7;5.840;211;0.211;0;"Av. Furtado";"Conselheiro Lafaiete";BR;5;"2026-09-21 16:05:05";"2026-09-21 16:05:05";não
3097;1288573806;Congestionamento;4;"Muito alto";114;1.9;4.690;201;0.201;0;"R. Dom Pedro I";"Conselheiro Lafaiete";BR;3;"2026-09-21 15:59:04";"2026-09-21 15:59:04";não
3098;1288244394;Congestionamento;3;Alto;117;2;11.070;598;0.598;0;"Av. Prof. Manoel Martins";"Conselheiro Lafaiete";BR;12;"2026-09-21 15:59:04";"2026-09-21 15:59:04";não
3096;1287587006;Congestionamento;3;Alto;74;1.2;7.300;259;0.259;0;"R. Francisco Lourenço de Barros";"Conselheiro Lafaiete";BR;6;"2026-09-21 15:55:04";"2026-09-21 15:55:04";não
3092;1286926676;Congestionamento;3;Alto;155;2.6;5.290;290;0.29;6;"R. Santa Efigênia";"Conselheiro Lafaiete";BR;8;"2026-09-21 15:53:04";"2026-09-21 15:59:04";não
3093;1287323720;Congestionamento;3;Alto;172;2.9;3.390;201;0.201;2;"R. José Nicolau de Queiroz";"Conselheiro Lafaiete";BR;2;"2026-09-21 15:53:04";"2026-09-21 15:55:04";não
3091;1286900350;Congestionamento;3;Alto;67;1.1;7.760;259;0.259;4;"R. Francisco Lourenço de Barros";"Conselheiro Lafaiete";BR;6;"2026-09-21 15:49:04";"2026-09-21 15:53:04";não
3088;1285953062;Congestionamento;3;Alto;82;1.4;7.860;263;0.263;2;"R. Manoel Fonseca de Rezende";"Conselheiro Lafaiete";BR;4;"2026-09-21 15:47:03";"2026-09-21 15:49:04";não
3089;1286153296;Congestionamento;3;Alto;66;1.1;5.150;322;0.322;0;"R. Expedicionário Rubens de Souza";"Conselheiro Lafaiete";BR;4;"2026-09-21 15:47:03";"2026-09-21 15:47:03";não
3082;1284918746;Congestionamento;4;"Muito alto";214;3.6;3.670;259;0.259;20;"R. Francisco Lourenço de Barros";"Conselheiro Lafaiete";BR;6;"2026-09-21 15:39:04";"2026-09-21 15:59:04";não
3084;1284595810;Congestionamento;3;Alto;85;1.4;8.600;294;0.294;0;"R. Lopes Franco";"Conselheiro Lafaiete";BR;5;"2026-09-21 15:39:04";"2026-09-21 15:39:04";não
3085;1284494106;Congestionamento;3;Alto;146;2.4;5.660;294;0.294;0;"R. Lopes Franco";"Conselheiro Lafaiete";BR;5;"2026-09-21 15:39:04";"2026-09-21 15:39:04";não
3086;1284584010;Congestionamento;3;Alto;104;1.7;11.220;533;0.533;0;"R. Francisco Lobo";"Conselheiro Lafaiete";BR;11;"2026-09-21 15:39:04";"2026-09-21 15:39:04";não
3077;1284049962;Congestionamento;3;Alto;97;1.6;7.580;261;0.261;8;"R. Francisco Lobo";"Conselheiro Lafaiete";BR;6;"2026-09-21 15:35:04";"2026-09-21 15:43:05";não
3079;1283667844;Congestionamento;3;Alto;109;1.8;4.030;165;0.165;4;"R. Dr. José Lopes de Assis";"Conselheiro Lafaiete";BR;6;"2026-09-21 15:35:04";"2026-09-21 15:39:04";não
3080;1283435734;Congestionamento;4;"Muito alto";340;5.7;3.800;462;0.462;0;"R. Expedicionário Rubens de Souza";"Conselheiro Lafaiete";BR;6;"2026-09-21 15:35:04";"2026-09-21 15:35:04";não
3076;1283306628;Congestionamento;4;"Muito alto";180;3;3.470;208;0.208;0;"R. Tavares de Melo";"Conselheiro Lafaiete";BR;7;"2026-09-21 15:31:05";"2026-09-21 15:31:05";não
3075;1282039792;Congestionamento;3;Alto;90;1.5;4.620;165;0.165;0;"R. Dr. José Lopes de Assis";"Conselheiro Lafaiete";BR;6;"2026-09-21 15:25:04";"2026-09-21 15:25:04";não
3070;1280232664;Congestionamento;3;Alto;90;1.5;5.530;201;0.201;10;"R. José Nicolau de Queiroz";"Conselheiro Lafaiete";BR;2;"2026-09-21 15:13:04";"2026-09-21 15:23:04";não
3071;1279586990;Congestionamento;3;Alto;80;1.3;9.060;303;0.303;0;"R. Adolfo Siqueira";"Conselheiro Lafaiete";BR;6;"2026-09-21 15:13:04";"2026-09-21 15:13:04";não
3065;1279372212;Congestionamento;3;Alto;108;1.8;9.610;444;0.444;0;"R. Silvio Augusto Soares";"Conselheiro Lafaiete";BR;5;"2026-09-21 15:09:04";"2026-09-21 15:09:04";não
3067;1279257716;Congestionamento;4;"Muito alto";103;1.7;6.240;217;0.217;10;"Av. Ver. Mário Reis Carvalho";"Conselheiro Lafaiete";BR;4;"2026-09-21 15:09:04";"2026-09-21 15:19:04";não
3063;1278460814;Congestionamento;3;Alto;130;2.2;8.690;455;0.455;6;MGC-482;"Conselheiro Lafaiete";BR;11;"2026-09-21 15:03:04";"2026-09-21 15:09:04";não
3059;1275199076;Congestionamento;4;"Muito alto";135;2.3;8.890;396;0.396;4;;"Conselheiro Lafaiete";BR;6;"2026-09-21 14:49:04";"2026-09-21 14:53:04";não
3056;1275030364;Congestionamento;3;Alto;95;1.6;9.150;336;0.336;7;"R. Ver. José Boaventura Celestino";"Conselheiro Lafaiete";BR;7;"2026-09-21 14:45:05";"2026-09-21 14:53:04";não
3054;1273179336;Congestionamento;3;Alto;99;1.7;8.550;365;0.365;0;"R. Tavares de Melo";"Conselheiro Lafaiete";BR;7;"2026-09-21 14:35:05";"2026-09-21 14:35:05";não
3052;1272677208;Congestionamento;3;Alto;99;1.7;4.460;176;0.176;8;"R. José Apolinário Sobrinho";"Conselheiro Lafaiete";BR;3;"2026-09-21 14:33:04";"2026-09-21 14:41:04";não
3053;1272499778;Congestionamento;4;"Muito alto";186;3.1;4.860;305;0.305;0;"R. Monsenhor Horta";"Conselheiro Lafaiete";BR;7;"2026-09-21 14:33:04";"2026-09-21 14:33:04";não
3049;1272114454;Congestionamento;3;Alto;128;2.1;6.100;318;0.318;9;"R. Santo Antônio de Pádua";"Conselheiro Lafaiete";BR;8;"2026-09-21 14:29:04";"2026-09-21 14:39:03";não
3048;1271359310;Congestionamento;3;Alto;111;1.9;5.350;199;0.199;0;"R. Cristovão de Sena";"Conselheiro Lafaiete";BR;2;"2026-09-21 14:25:04";"2026-09-21 14:25:04";não
3046;1270618210;Congestionamento;4;"Muito alto";346;5.8;1.650;180;0.18;0;"R. Dr. Melo Viana";"Conselheiro Lafaiete";BR;8;"2026-09-21 14:21:04";"2026-09-21 14:21:04";não
3044;1269403748;Congestionamento;4;"Muito alto";351;5.9;1.630;180;0.18;0;"R. Dr. Melo Viana";"Conselheiro Lafaiete";BR;8;"2026-09-21 14:15:05";"2026-09-21 14:15:05";não
3041;1269106158;Congestionamento;4;"Muito alto";418;7;4.280;586;0.586;12;"Av. Elias Egídio Sírio";"Conselheiro Lafaiete";BR;11;"2026-09-21 14:13:04";"2026-09-21 14:25:04";não
3042;1268826812;Congestionamento;3;Alto;119;2;8.710;507;0.507;2;"R. Ver. José Boaventura Celestino";"Conselheiro Lafaiete";BR;11;"2026-09-21 14:13:04";"2026-09-21 14:15:05";não
3035;1267100000;Congestionamento;3;Alto;98;1.6;5.270;176;0.176;2;"R. Fuad Nascif";"Conselheiro Lafaiete";BR;5;"2026-09-21 14:03:04";"2026-09-21 14:05:04";não
3026;1262146758;Congestionamento;3;Alto;99;1.7;6.390;226;0.226;0;"Pç. Barão de Queluz";"Conselheiro Lafaiete";BR;10;"2026-09-21 13:33:05";"2026-09-21 13:33:05";não
3022;1260495682;Congestionamento;3;Alto;146;2.4;6.020;310;0.31;2;"R. Aristides de Alencar";"Conselheiro Lafaiete";BR;7;"2026-09-21 13:23:04";"2026-09-21 13:25:05";não
3016;1258398898;Congestionamento;3;Alto;147;2.5;6.820;344;0.344;2;"R. Pe. Lobo";"Conselheiro Lafaiete";BR;4;"2026-09-21 13:09:04";"2026-09-21 13:11:05";não
3010;1255539718;Congestionamento;3;Alto;139;2.3;3.870;191;0.191;6;"R. Santo Antônio de Pádua";"Conselheiro Lafaiete";BR;4;"2026-09-21 12:49:03";"2026-09-21 12:55:05";não
3011;1255461390;Congestionamento;3;Alto;105;1.8;5.020;183;0.183;0;"R. Adolfo Siqueira";"Conselheiro Lafaiete";BR;5;"2026-09-21 12:49:03";"2026-09-21 12:49:03";não
3003;1253614110;Congestionamento;3;Alto;82;1.4;9.640;365;0.365;0;"R. Tavares de Melo";"Conselheiro Lafaiete";BR;7;"2026-09-21 12:41:04";"2026-09-21 12:41:04";não
2999;1253789800;Congestionamento;3;Alto;164;2.7;3.280;194;0.194;8;"R. Maria Eulália";"Conselheiro Lafaiete";BR;3;"2026-09-21 12:37:03";"2026-09-21 12:45:04";não
2996;1252359020;Congestionamento;3;Alto;112;1.9;8.890;424;0.424;4;"R. Adolfo Siqueira";"Conselheiro Lafaiete";BR;10;"2026-09-21 12:29:04";"2026-09-21 12:33:04";não
2989;1250820482;Congestionamento;3;Alto;109;1.8;4.050;160;0.16;3;"R. José Pinto Figueiredo";"Conselheiro Lafaiete";BR;2;"2026-09-21 12:15:05";"2026-09-21 12:19:04";não
2985;1249879128;Congestionamento;3;Alto;143;2.4;5.970;357;0.357;42;"R. Alfredo Elias Mafuz";"Conselheiro Lafaiete";BR;11;"2026-09-21 12:09:04";"2026-09-21 12:51:04";não
2983;1249406824;Congestionamento;3;Alto;91;1.5;7.300;252;0.252;3;"R. Dias de Souza";"Conselheiro Lafaiete";BR;8;"2026-09-21 12:05:05";"2026-09-21 12:09:04";não
2977;1247782316;Congestionamento;3;Alto;96;1.6;11.120;534;0.534;0;"R. Dr. Mário de Rezende Dutra";"Conselheiro Lafaiete";BR;12;"2026-09-21 11:53:04";"2026-09-21 11:53:04";não
2974;1244789208;Congestionamento;3;Alto;83;1.4;4.840;162;0.162;4;"R. Santa Matilde";"Conselheiro Lafaiete";BR;4;"2026-09-21 11:31:05";"2026-09-21 11:35:05";não
2975;1245014446;Congestionamento;4;"Muito alto";255;4.3;2.870;244;0.244;0;"R. Lais Costa Francisco";"Conselheiro Lafaiete";BR;4;"2026-09-21 11:31:05";"2026-09-21 11:31:05";não
2967;1242164678;Congestionamento;3;Alto;161;2.7;5.810;357;0.357;4;"R. Miguel Garcia";"Conselheiro Lafaiete";BR;12;"2026-09-21 11:09:04";"2026-09-21 11:13:04";não
2964;1239486218;Congestionamento;3;Alto;87;1.5;11.950;449;0.449;0;"Av. Prof. Manoel Martins";"Conselheiro Lafaiete";BR;7;"2026-09-21 10:49:04";"2026-09-21 10:49:04";não
2962;1237879636;Congestionamento;3;Alto;97;1.6;7.010;396;0.396;8;"R. Moacir Dias de Souza";"Conselheiro Lafaiete";BR;6;"2026-09-21 10:37:04";"2026-09-21 10:45:04";não
2960;1237446702;Congestionamento;4;"Muito alto";155;2.6;5.110;254;0.254;0;"R. Alfredo Elias Mafuz";"Conselheiro Lafaiete";BR;5;"2026-09-21 10:33:04";"2026-09-21 10:33:04";não
2958;1235918976;Congestionamento;4;"Muito alto";253;4.2;2.880;229;0.229;0;"R. Alexandrina Nogueira de Queiroz";"Conselheiro Lafaiete";BR;4;"2026-09-21 10:21:04";"2026-09-21 10:21:04";não
2955;1235542244;Congestionamento;3;Alto;101;1.7;7.180;283;0.283;0;"R. Samuel Vieira Rezende Paula";"Conselheiro Lafaiete";BR;5;"2026-09-21 10:17:04";"2026-09-21 10:17:04";não
2956;1235530416;Congestionamento;3;Alto;89;1.5;4.650;165;0.165;4;"R. Dr. José Lopes de Assis";"Conselheiro Lafaiete";BR;6;"2026-09-21 10:17:04";"2026-09-21 10:21:04";não
2957;1235266104;Congestionamento;3;Alto;81;1.4;4.820;162;0.162;4;"R. Almerinda Barbosa Neto";"Conselheiro Lafaiete";BR;4;"2026-09-21 10:17:04";"2026-09-21 10:21:04";não
2951;1234479780;Congestionamento;3;Alto;155;2.6;3.080;165;0.165;4;"R. Dr. José Lopes de Assis";"Conselheiro Lafaiete";BR;6;"2026-09-21 10:09:04";"2026-09-21 10:13:04";não
2952;1234650978;Congestionamento;3;Alto;90;1.5;5.550;194;0.194;0;"R. Santana";"Conselheiro Lafaiete";BR;5;"2026-09-21 10:09:04";"2026-09-21 10:09:04";não
2953;1234632328;Congestionamento;3;Alto;109;1.8;3.990;156;0.156;4;"R. Ceará";"Conselheiro Lafaiete";BR;3;"2026-09-21 10:09:04";"2026-09-21 10:13:04";não
2950;1234228908;Congestionamento;4;"Muito alto";188;3.1;4.070;259;0.259;7;"R. Francisco Lourenço de Barros";"Conselheiro Lafaiete";BR;6;"2026-09-21 10:05:05";"2026-09-21 10:13:04";não
2947;1233394284;Congestionamento;3;Alto;89;1.5;6.200;237;0.237;0;;"Conselheiro Lafaiete";BR;19;"2026-09-21 09:57:04";"2026-09-21 09:57:04";não
2948;1233146526;Congestionamento;3;Alto;85;1.4;7.430;259;0.259;4;"R. Francisco Lourenço de Barros";"Conselheiro Lafaiete";BR;6;"2026-09-21 09:57:04";"2026-09-21 10:01:04";não
2946;1233046488;Congestionamento;3;Alto;97;1.6;5.790;221;0.221;8;"R. Sen. Milton Campos";"Conselheiro Lafaiete";BR;3;"2026-09-21 09:53:04";"2026-09-21 10:01:04";não
2945;1230083810;Congestionamento;3;Alto;107;1.8;7.330;283;0.283;10;"Av. Prof. Manoel Martins";"Conselheiro Lafaiete";BR;6;"2026-09-21 09:19:03";"2026-09-21 09:29:03";não
2935;1191891042;Congestionamento;3;Alto;101;1.7;4.820;175;0.175;0;"R. Antônio Reis";"Conselheiro Lafaiete";BR;2;"2026-09-21 03:13:04";"2026-09-21 03:13:04";não
2934;1187774274;Congestionamento;3;Alto;133;2.2;5.420;247;0.247;4;"R. Amazonas";"Conselheiro Lafaiete";BR;4;"2026-09-21 01:19:04";"2026-09-21 01:23:04";não
2932;1186778942;Congestionamento;3;Alto;94;1.6;14.270;627;0.627;4;"R. Francisco Lobo";"Conselheiro Lafaiete";BR;14;"2026-09-21 00:59:04";"2026-09-21 01:03:04";não
2929;1185713750;Congestionamento;3;Alto;115;1.9;9.980;407;0.407;0;;"Conselheiro Lafaiete";BR;7;"2026-09-21 00:43:04";"2026-09-21 00:43:04";não
2928;1185285768;Congestionamento;3;Alto;117;2;5.890;242;0.242;10;"R. Joemy Faria";"Conselheiro Lafaiete";BR;8;"2026-09-21 00:33:04";"2026-09-21 00:43:04";não
2926;1183244780;Congestionamento;4;"Muito alto";419;7;4.580;631;0.631;0;"R. Lopes Franco";"Conselheiro Lafaiete";BR;8;"2026-09-21 00:01:03";"2026-09-21 00:01:03";não
2922;1182481038;Congestionamento;3;Alto;138;2.3;5.950;312;0.312;6;"R. Ver. Léo Franco";"Conselheiro Lafaiete";BR;3;"2026-09-20 23:49:04";"2026-09-20 23:55:04";não
2919;1182078166;Congestionamento;3;Alto;93;1.6;5.580;209;0.209;7;"R. Narciso Jr.";"Conselheiro Lafaiete";BR;5;"2026-09-20 23:45:04";"2026-09-20 23:53:03";não
2920;1182218938;Congestionamento;3;Alto;114;1.9;7.580;360;0.36;4;"R. Monsenhor Barreto";"Conselheiro Lafaiete";BR;8;"2026-09-20 23:45:04";"2026-09-20 23:49:04";não
2918;1181835208;Congestionamento;3;Alto;99;1.7;6.840;252;0.252;0;"R. Dias de Souza";"Conselheiro Lafaiete";BR;8;"2026-09-20 23:39:03";"2026-09-20 23:39:03";não
2916;1181288822;Congestionamento;3;Alto;75;1.3;9.530;318;0.318;0;"R. Expedicionário José de Oliveira";"Conselheiro Lafaiete";BR;3;"2026-09-20 23:31:03";"2026-09-20 23:31:03";não
2915;1179922580;Congestionamento;3;Alto;97;1.6;5.110;182;0.182;0;"R. Santa Efigênia";"Conselheiro Lafaiete";BR;6;"2026-09-20 23:09:03";"2026-09-20 23:09:03";não
2914;1179346050;Congestionamento;4;"Muito alto";170;2.8;3.920;215;0.215;4;"R. Rodrigues Maia";"Conselheiro Lafaiete";BR;5;"2026-09-20 23:01:04";"2026-09-20 23:05:04";não
2913;1179087630;Congestionamento;4;"Muito alto";117;2;4.540;176;0.176;4;"R. Fuad Nascif";"Conselheiro Lafaiete";BR;5;"2026-09-20 22:57:04";"2026-09-20 23:01:04";não
2912;1177759356;Congestionamento;3;Alto;102;1.7;4.210;180;0.18;10;"R. Sete de Setembro";"Conselheiro Lafaiete";BR;3;"2026-09-20 22:35:04";"2026-09-20 22:45:04";não
2911;1176672494;Congestionamento;3;Alto;105;1.8;6.930;300;0.3;2;"R. Quinze de Novembro";"Conselheiro Lafaiete";BR;7;"2026-09-20 22:17:03";"2026-09-20 22:19:04";não
2909;1176006876;Congestionamento;3;Alto;137;2.3;6.230;305;0.305;7;"R. Ney Franco";"Conselheiro Lafaiete";BR;6;"2026-09-20 22:09:04";"2026-09-20 22:17:03";não
2904;1174693574;Congestionamento;3;Alto;192;3.2;8.910;649;0.649;0;"R. Barão de Pouso Alegre";"Conselheiro Lafaiete";BR;9;"2026-09-20 21:45:04";"2026-09-20 21:45:04";não
2905;1174682214;Congestionamento;3;Alto;109;1.8;7.490;350;0.35;10;"R. Alfredo Zebral";"Conselheiro Lafaiete";BR;7;"2026-09-20 21:45:04";"2026-09-20 21:55:05";não
2902;1174217444;Congestionamento;3;Alto;96;1.6;5.810;221;0.221;4;"R. Sen. Milton Campos";"Conselheiro Lafaiete";BR;3;"2026-09-20 21:39:04";"2026-09-20 21:43:04";não
2900;1173449486;Congestionamento;3;Alto;83;1.4;4.890;165;0.165;0;"R. Dr. José Lopes de Assis";"Conselheiro Lafaiete";BR;6;"2026-09-20 21:29:04";"2026-09-20 21:29:04";não
2895;1172901518;Congestionamento;3;Alto;100;1.7;4.400;163;0.163;0;"R. Amadeu Correa";"Conselheiro Lafaiete";BR;4;"2026-09-20 21:17:03";"2026-09-20 21:17:03";não
2896;1172775262;Congestionamento;4;"Muito alto";139;2.3;5.300;247;0.247;2;"R. Barão de Pouso Alegre";"Conselheiro Lafaiete";BR;3;"2026-09-20 21:17:03";"2026-09-20 21:19:04";não
2894;1172124046;Congestionamento;3;Alto;138;2.3;6.870;344;0.344;16;"Pç. Barão de Queluz";"Conselheiro Lafaiete";BR;13;"2026-09-20 21:09:04";"2026-09-20 21:25:04";não
2891;1171409098;Congestionamento;3;Alto;73;1.2;9.430;323;0.323;8;"R. Etelvina de Lima";"Conselheiro Lafaiete";BR;3;"2026-09-20 20:57:03";"2026-09-20 21:05:05";não
2886;1168263588;Congestionamento;4;"Muito alto";223;3.7;3.590;260;0.26;4;"Av. Prefeito Pedro Silva";"Conselheiro Lafaiete";BR;4;"2026-09-20 20:11:04";"2026-09-20 20:15:05";não
2882;1166344842;Congestionamento;4;"Muito alto";264;4.4;3.080;259;0.259;7;"R. Nossa Senhora da Conceição";"Conselheiro Lafaiete";BR;3;"2026-09-20 19:39:04";"2026-09-20 19:47:03";não
2881;1166103084;Congestionamento;4;"Muito alto";131;2.2;3.920;166;0.166;2;"R. Melvin Jones";"Conselheiro Lafaiete";BR;2;"2026-09-20 19:37:03";"2026-09-20 19:39:04";não
2880;1163642532;Congestionamento;3;Alto;86;1.4;6.010;211;0.211;9;"R. Jaime Morais";"Conselheiro Lafaiete";BR;3;"2026-09-20 19:03:04";"2026-09-20 19:13:03";não
2879;1163205572;Congestionamento;3;Alto;104;1.7;5.910;229;0.229;0;"R. André Rodrigues da Silva";"Conselheiro Lafaiete";BR;6;"2026-09-20 18:59:04";"2026-09-20 18:59:04";não
2877;1162848034;Congestionamento;4;"Muito alto";136;2.3;3.890;179;0.179;8;"R. Silvio Augusto Soares";"Conselheiro Lafaiete";BR;4;"2026-09-20 18:55:04";"2026-09-20 19:03:04";não
2875;1161798448;Congestionamento;4;"Muito alto";163;2.7;4.840;268;0.268;12;"R. André Rodrigues da Silva";"Conselheiro Lafaiete";BR;7;"2026-09-20 18:43:04";"2026-09-20 18:55:04";não
2874;1161309818;Congestionamento;3;Alto;65;1.1;9.300;317;0.317;0;"R. São Jorge";"Conselheiro Lafaiete";BR;5;"2026-09-20 18:35:05";"2026-09-20 18:35:05";não
2873;1161001728;Congestionamento;4;"Muito alto";129;2.2;3.690;156;0.156;6;"R. Monsenhor Barreto";"Conselheiro Lafaiete";BR;5;"2026-09-20 18:33:04";"2026-09-20 18:39:04";não
2871;1160542090;Congestionamento;3;Alto;89;1.5;7.360;252;0.252;6;"R. Dias de Souza";"Conselheiro Lafaiete";BR;8;"2026-09-20 18:27:04";"2026-09-20 18:33:04";não
2872;1160642816;Congestionamento;3;Alto;66;1.1;9.180;317;0.317;2;"R. São Jorge";"Conselheiro Lafaiete";BR;5;"2026-09-20 18:27:04";"2026-09-20 18:29:04";não
2870;1160326442;Congestionamento;4;"Muito alto";158;2.6;3.110;182;0.182;6;"R. Ernani José Nunes";"Conselheiro Lafaiete";BR;6;"2026-09-20 18:23:04";"2026-09-20 18:29:04";não
2865;1158375872;Congestionamento;3;Alto;93;1.6;6.430;229;0.229;8;"R. André Rodrigues da Silva";"Conselheiro Lafaiete";BR;6;"2026-09-20 18:05:04";"2026-09-20 18:13:04";não
2864;1158069496;Congestionamento;3;Alto;113;1.9;5.850;318;0.318;0;"R. Manoel Cardoso";"Conselheiro Lafaiete";BR;5;"2026-09-20 18:03:04";"2026-09-20 18:03:04";não
2857;1148226628;Congestionamento;3;Alto;115;1.9;5.540;228;0.228;10;"Est. União Indústria";"Conselheiro Lafaiete";BR;7;"2026-09-20 16:41:04";"2026-09-20 16:51:04";não
2855;1146807856;Congestionamento;3;Alto;85;1.4;13.440;458;0.458;4;"R. Milton Pereira Lemos";"Conselheiro Lafaiete";BR;6;"2026-09-20 16:31:03";"2026-09-20 16:35:05";não
2853;1146523086;Congestionamento;3;Alto;107;1.8;6.410;247;0.247;0;"R. Amazonas";"Conselheiro Lafaiete";BR;4;"2026-09-20 16:29:03";"2026-09-20 16:29:03";não
2848;1143307570;Congestionamento;3;Alto;154;2.6;5.680;357;0.357;0;"R. Alfredo Elias Mafuz";"Conselheiro Lafaiete";BR;11;"2026-09-20 16:05:04";"2026-09-20 16:05:04";não
2844;1142622056;Congestionamento;3;Alto;106;1.8;6.940;270;0.27;2;"R. Amazonas";"Conselheiro Lafaiete";BR;5;"2026-09-20 15:59:04";"2026-09-20 16:01:05";não
2841;1141889582;Congestionamento;3;Alto;200;3.3;5.800;454;0.454;10;"R. João Franco Ribeiro";"Conselheiro Lafaiete";BR;10;"2026-09-20 15:51:03";"2026-09-20 16:01:05";não
2840;1140568062;Congestionamento;3;Alto;82;1.4;6.460;221;0.221;4;"R. Sen. Milton Campos";"Conselheiro Lafaiete";BR;3;"2026-09-20 15:43:04";"2026-09-20 15:47:04";não
2838;1139812094;Congestionamento;4;"Muito alto";131;2.2;5.740;264;0.264;0;"Pç. Barão de Queluz";"Conselheiro Lafaiete";BR;12;"2026-09-20 15:35:05";"2026-09-20 15:35:05";não
2834;1136340424;Congestionamento;3;Alto;89;1.5;6.130;221;0.221;6;"R. Sen. Milton Campos";"Conselheiro Lafaiete";BR;3;"2026-09-20 15:03:04";"2026-09-20 15:09:04";não
2832;1135835946;Congestionamento;3;Alto;104;1.7;5.390;215;0.215;4;"R. Assis Andrade";"Conselheiro Lafaiete";BR;5;"2026-09-20 14:59:04";"2026-09-20 15:03:04";não
2831;1134115966;Congestionamento;3;Alto;93;1.6;4.140;153;0.153;0;"R. Lais Franco";"Conselheiro Lafaiete";BR;4;"2026-09-20 14:41:04";"2026-09-20 14:41:04";não
2830;1133561996;Congestionamento;3;Alto;118;2;6.240;264;0.264;17;"Pç. Barão de Queluz";"Conselheiro Lafaiete";BR;12;"2026-09-20 14:35:05";"2026-09-20 14:53:04";não
2827;1133076778;Congestionamento;4;"Muito alto";146;2.4;3.200;157;0.157;0;"Pç. Monsenhor Hermenegildo Adami de Carvalho";"Conselheiro Lafaiete";BR;11;"2026-09-20 14:27:04";"2026-09-20 14:27:04";não
2828;1133079184;Congestionamento;3;Alto;101;1.7;7.070;318;0.318;8;"R. Santo Antônio de Pádua";"Conselheiro Lafaiete";BR;8;"2026-09-20 14:27:04";"2026-09-20 14:35:05";não
2824;1132280326;Congestionamento;4;"Muito alto";274;4.6;3.370;305;0.305;12;"R. Amintas Junqueira";"Conselheiro Lafaiete";BR;7;"2026-09-20 14:19:04";"2026-09-20 14:31:04";não
2822;1131772422;Congestionamento;4;"Muito alto";215;3.6;2.970;199;0.199;0;"Av. Mal. Floriano Peixoto";"Conselheiro Lafaiete";BR;6;"2026-09-20 14:13:03";"2026-09-20 14:13:03";não
2821;1131688500;Congestionamento;3;Alto;207;3.5;16.620;1351;1.351;0;"MG-129 Rod. Eng. Ary Belisário";"Conselheiro Lafaiete";BR;19;"2026-09-20 14:09:04";"2026-09-20 14:09:04";não
2815;1129003616;Congestionamento;4;"Muito alto";88;1.5;10.040;418;0.418;6;"MG-129 Rod. Eng. Ary Belisário";"Conselheiro Lafaiete";BR;7;"2026-09-20 13:37:03";"2026-09-20 13:43:04";não
2813;1128445908;Congestionamento;3;Alto;101;1.7;5.230;245;0.245;7;"R. Cônego José Antônio Henriques";"Conselheiro Lafaiete";BR;3;"2026-09-20 13:29:04";"2026-09-20 13:37:03";não
2809;1127274698;Congestionamento;4;"Muito alto";148;2.5;3.880;186;0.186;2;"Av. Mal. Floriano Peixoto";"Conselheiro Lafaiete";BR;3;"2026-09-20 13:15:03";"2026-09-20 13:17:04";não
2810;1127205972;Congestionamento;3;Alto;99;1.7;6.420;228;0.228;6;"R. Murilo Augusto de Rezende";"Conselheiro Lafaiete";BR;4;"2026-09-20 13:15:03";"2026-09-20 13:21:04";não
2808;1127080900;Congestionamento;3;Alto;204;3.4;18.470;965;0.965;25;"MG-129 Rod. Eng. Ary Belisário";"Conselheiro Lafaiete";BR;16;"2026-09-20 13:11:04";"2026-09-20 13:37:03";não
2807;1126442670;Congestionamento;4;"Muito alto";267;4.5;2.280;190;0.19;8;"R. Santa Efigênia";"Conselheiro Lafaiete";BR;4;"2026-09-20 13:03:04";"2026-09-20 13:11:04";não
2806;1126054200;Congestionamento;4;"Muito alto";131;2.2;4.640;208;0.208;3;"R. Santa Efigênia";"Conselheiro Lafaiete";BR;5;"2026-09-20 12:57:04";"2026-09-20 13:01:03";não
2805;1124972020;Congestionamento;4;"Muito alto";124;2.1;4.070;167;0.167;0;"R. Josefina Martins";"Conselheiro Lafaiete";BR;5;"2026-09-20 12:45:04";"2026-09-20 12:45:04";não
2800;1121980984;Congestionamento;3;Alto;106;1.8;4.390;157;0.157;7;"R. Joemy Faria";"Conselheiro Lafaiete";BR;6;"2026-09-20 11:59:04";"2026-09-20 12:07:03";não
2798;1121510390;Congestionamento;3;Alto;128;2.1;11.630;668;0.668;8;"Av. Geraldo Marques";"Conselheiro Lafaiete";BR;14;"2026-09-20 11:51:03";"2026-09-20 11:59:04";não
2797;1121104400;Congestionamento;3;Alto;132;2.2;11.550;668;0.668;0;"Av. Geraldo Marques";"Conselheiro Lafaiete";BR;14;"2026-09-20 11:47:04";"2026-09-20 11:47:04";não
2796;1120746414;Congestionamento;3;Alto;144;2.4;11.850;717;0.717;4;"R. Mauro Dutra Segundo";"Conselheiro Lafaiete";BR;13;"2026-09-20 11:43:04";"2026-09-20 11:47:04";não
2792;1118883746;Congestionamento;3;Alto;128;2.1;8.110;367;0.367;6;"R. Francisco Lobo";"Conselheiro Lafaiete";BR;9;"2026-09-20 11:13:03";"2026-09-20 11:19:03";não
2791;1117855332;Congestionamento;3;Alto;97;1.6;8.250;324;0.324;8;"R. Amazonas";"Conselheiro Lafaiete";BR;5;"2026-09-20 10:59:03";"2026-09-20 11:07:04";não
2790;1114658774;Congestionamento;3;Alto;157;2.6;5.580;304;0.304;4;"R. Adolfo Siqueira";"Conselheiro Lafaiete";BR;4;"2026-09-20 10:05:04";"2026-09-20 10:09:04";não
2789;1113661302;Congestionamento;4;"Muito alto";121;2;4.460;194;0.194;4;"R. Santana";"Conselheiro Lafaiete";BR;5;"2026-09-20 09:43:04";"2026-09-20 09:47:04";não
2788;1113410092;Congestionamento;3;Alto;120;2;8.560;409;0.409;4;"R. Dr. Henrique de Abreu";"Conselheiro Lafaiete";BR;8;"2026-09-20 09:39:04";"2026-09-20 09:43:04";não
2785;1107893300;Congestionamento;4;"Muito alto";175;2.9;4.270;236;0.236;0;"R. Lopes Franco";"Conselheiro Lafaiete";BR;2;"2026-09-20 07:19:04";"2026-09-20 07:19:04";não
2783;1105780120;Congestionamento;3;Alto;101;1.7;8.430;381;0.381;8;"R. Leibenitez dos Anjos";"Conselheiro Lafaiete";BR;7;"2026-09-20 05:59:03";"2026-09-20 06:07:04";não
2780;1104608686;Congestionamento;4;"Muito alto";170;2.8;3.050;187;0.187;10;"R. Dudu Nacimento";"Conselheiro Lafaiete";BR;6;"2026-09-20 05:09:04";"2026-09-20 05:19:04";não
2779;1104173424;Congestionamento;3;Alto;68;1.1;6.300;280;0.28;6;"R. Tamoios";"Conselheiro Lafaiete";BR;3;"2026-09-20 04:53:03";"2026-09-20 04:59:04";não
2773;1102524644;Congestionamento;3;Alto;137;2.3;8.680;448;0.448;4;"Av. Prefeito Telésforo Cândido Resende";"Conselheiro Lafaiete";BR;9;"2026-09-20 03:49:04";"2026-09-20 03:53:04";não
2772;1102427410;Congestionamento;4;"Muito alto";161;2.7;3.180;187;0.187;8;"R. Dudu Nacimento";"Conselheiro Lafaiete";BR;6;"2026-09-20 03:45:04";"2026-09-20 03:53:04";não
2770;1101832144;Congestionamento;3;Alto;172;2.9;4.460;310;0.31;0;"R. Dudu Nascimento";"Conselheiro Lafaiete";BR;6;"2026-09-20 03:23:03";"2026-09-20 03:23:03";não
2762;1099596478;"Interdição antiga";5;Parado;;;0.000;133;0.133;7212;;"Conselheiro Lafaiete";BR;4;"2026-09-20 02:17:04";"2026-09-25 02:29:04";não
2763;1099596480;"Interdição antiga";5;Parado;;;0.000;133;0.133;7212;;"Conselheiro Lafaiete";BR;4;"2026-09-20 02:17:04";"2026-09-25 02:29:04";não
2764;1099593124;"Interdição ativa";5;Parado;;;0.000;156;0.156;11432;"R. Valério Eugênio";"Conselheiro Lafaiete";BR;4;"2026-09-20 02:17:04";"2026-09-28 00:49:11";sim
2761;1099218182;Congestionamento;4;"Muito alto";85;1.4;6.870;247;0.247;3;"R. Dr. Mário de Rezende Dutra";"Conselheiro Lafaiete";BR;8;"2026-09-20 02:11:04";"2026-09-20 02:15:03";não
2759;1097874398;Congestionamento;4;"Muito alto";163;2.7;4.560;258;0.258;0;"R. Lopes Franco";"Conselheiro Lafaiete";BR;4;"2026-09-20 01:39:04";"2026-09-20 01:39:04";não
2758;1097625018;Congestionamento;3;Alto;115;1.9;5.750;243;0.243;2;"R. Bias Fortes";"Conselheiro Lafaiete";BR;4;"2026-09-20 01:33:03";"2026-09-20 01:35:05";não
2754;1096677392;Congestionamento;3;Alto;113;1.9;5.210;233;0.233;0;"R. Benedito Alves Vieira";"Conselheiro Lafaiete";BR;4;"2026-09-20 01:11:03";"2026-09-20 01:11:03";não
2753;1096534580;Congestionamento;3;Alto;140;2.3;8.190;463;0.463;2;"R. Prof. Manoel Lino";"Conselheiro Lafaiete";BR;5;"2026-09-20 01:09:03";"2026-09-20 01:11:03";não
2751;1096167494;Congestionamento;4;"Muito alto";174;2.9;4.290;251;0.251;9;"R. João Cunha";"Conselheiro Lafaiete";BR;5;"2026-09-20 01:01:04";"2026-09-20 01:11:03";não
2750;1095679820;Congestionamento;3;Alto;109;1.8;7.480;336;0.336;2;"R. Da. Isabel";"Conselheiro Lafaiete";BR;7;"2026-09-20 00:51:03";"2026-09-20 00:53:04";não
2749;1095563324;Congestionamento;4;"Muito alto";92;1.5;4.630;186;0.186;8;"R. Tabajaras";"Conselheiro Lafaiete";BR;3;"2026-09-20 00:49:03";"2026-09-20 00:57:04";não
2745;1094154354;Congestionamento;3;Alto;109;1.8;6.350;252;0.252;10;"R. Dias de Souza";"Conselheiro Lafaiete";BR;8;"2026-09-20 00:21:04";"2026-09-20 00:31:05";não
2743;1093799530;Congestionamento;4;"Muito alto";143;2.4;5.130;252;0.252;0;"R. Dias de Souza";"Conselheiro Lafaiete";BR;8;"2026-09-20 00:17:04";"2026-09-20 00:17:04";não
2741;1092850544;Congestionamento;3;Alto;110;1.8;5.910;228;0.228;0;"R. Aristides de Alencar";"Conselheiro Lafaiete";BR;6;"2026-09-19 23:57:04";"2026-09-19 23:57:04";não
2742;1092896588;Congestionamento;3;Alto;97;1.6;6.900;252;0.252;0;"R. Dias de Souza";"Conselheiro Lafaiete";BR;8;"2026-09-19 23:57:04";"2026-09-19 23:57:04";não
2734;1090788702;Congestionamento;3;Alto;95;1.6;4.840;194;0.194;6;"R. Maria Eulália";"Conselheiro Lafaiete";BR;3;"2026-09-19 23:23:04";"2026-09-19 23:29:04";não
2731;1090293292;Congestionamento;3;Alto;83;1.4;7.760;288;0.288;6;"R. Narciso Jr.";"Conselheiro Lafaiete";BR;9;"2026-09-19 23:13:03";"2026-09-19 23:19:04";não
2729;1089795834;Congestionamento;3;Alto;100;1.7;11.450;565;0.565;2;"R. Adolfo Siqueira";"Conselheiro Lafaiete";BR;14;"2026-09-19 23:07:03";"2026-09-19 23:09:04";não
2727;1089343028;Congestionamento;4;"Muito alto";113;1.9;4.360;162;0.162;0;"R. Olegário Pinto";"Conselheiro Lafaiete";BR;4;"2026-09-19 22:59:04";"2026-09-19 22:59:04";não
2726;1089038582;Congestionamento;3;Alto;122;2;7.910;402;0.402;7;"R. Ocílio Ferreira Gonçalves";"Conselheiro Lafaiete";BR;7;"2026-09-19 22:55:05";"2026-09-19 23:03:04";não
2724;1088316158;Congestionamento;3;Alto;89;1.5;6.120;205;0.205;0;"R. Da. Mariana Guimarães";"Conselheiro Lafaiete";BR;4;"2026-09-19 22:43:03";"2026-09-19 22:43:03";não
2721;1086773098;"Interdição antiga";5;Parado;;;0.000;125;0.125;56;"Pç. Tiradentes";"Conselheiro Lafaiete";BR;2;"2026-09-19 22:23:03";"2026-09-19 23:19:04";não
2722;1086812472;Congestionamento;3;Alto;114;1.9;8.690;481;0.481;2;"R. Alfredo Zebral";"Conselheiro Lafaiete";BR;11;"2026-09-19 22:23:03";"2026-09-19 22:25:04";não
2719;1086573984;Congestionamento;3;Alto;118;2;6.220;264;0.264;0;"Pç. Barão de Queluz";"Conselheiro Lafaiete";BR;12;"2026-09-19 22:19:04";"2026-09-19 22:19:04";não
2715;1085547304;Congestionamento;3;Alto;72;1.2;8.730;317;0.317;2;"R. São Jorge";"Conselheiro Lafaiete";BR;5;"2026-09-19 22:05:04";"2026-09-19 22:07:04";não
2713;1083783854;Congestionamento;3;Alto;76;1.3;5.940;205;0.205;4;"R. Odília Vieira de Oliveira";"Conselheiro Lafaiete";BR;3;"2026-09-19 21:45:04";"2026-09-19 21:49:04";não
2711;1083001146;Congestionamento;3;Alto;97;1.6;6.940;275;0.275;6;"R. Cônego João Pio";"Conselheiro Lafaiete";BR;4;"2026-09-19 21:31:03";"2026-09-19 21:37:04";não
2708;1081777946;Congestionamento;3;Alto;101;1.7;5.580;208;0.208;8;"R. Monsenhor Barreto";"Conselheiro Lafaiete";BR;5;"2026-09-19 21:15:04";"2026-09-19 21:23:04";não
2706;1081315310;Congestionamento;4;"Muito alto";144;2.4;3.610;166;0.166;0;"R. Melvin Jones";"Conselheiro Lafaiete";BR;2;"2026-09-19 21:07:04";"2026-09-19 21:07:04";não
2707;1081196876;Congestionamento;3;Alto;80;1.3;6.070;204;0.204;4;"R. Cel. José Joaquim Queirós Jr.";"Conselheiro Lafaiete";BR;4;"2026-09-19 21:07:04";"2026-09-19 21:11:04";não
2705;1080875234;Congestionamento;3;Alto;208;3.5;12.470;965;0.965;0;"MG-129 Rod. Eng. Ary Belisário";"Conselheiro Lafaiete";BR;16;"2026-09-19 21:03:04";"2026-09-19 21:03:04";não
2703;1080691022;Congestionamento;4;"Muito alto";125;2.1;4.130;202;0.202;4;"R. Aprígio Andrade";"Conselheiro Lafaiete";BR;6;"2026-09-19 20:59:04";"2026-09-19 21:03:04";não
2696;1078643976;Congestionamento;3;Alto;92;1.5;7.070;324;0.324;8;"R. Maria José de Souza";"Conselheiro Lafaiete";BR;7;"2026-09-19 20:33:04";"2026-09-19 20:41:04";não
2697;1078921626;Congestionamento;3;Alto;94;1.6;5.040;171;0.171;4;"R. João Augusto de Oliveira";"Conselheiro Lafaiete";BR;4;"2026-09-19 20:33:04";"2026-09-19 20:37:04";não
2694;1077900840;Congestionamento;4;"Muito alto";197;3.3;3.030;201;0.201;0;"R. Santo Antônio de Pádua";"Conselheiro Lafaiete";BR;6;"2026-09-19 20:21:04";"2026-09-19 20:21:04";não
2688;1076771414;Congestionamento;3;Alto;118;2;6.810;306;0.306;6;"R. André Rodrigues da Silva";"Conselheiro Lafaiete";BR;11;"2026-09-19 20:09:04";"2026-09-19 20:15:05";não
2687;1076753260;Congestionamento;3;Alto;96;1.6;5.360;191;0.191;0;"R. Joemy Faria";"Conselheiro Lafaiete";BR;7;"2026-09-19 20:05:04";"2026-09-19 20:05:04";não
2684;1076492894;Congestionamento;3;Alto;83;1.4;8.260;276;0.276;0;"R. Dias de Souza";"Conselheiro Lafaiete";BR;10;"2026-09-19 20:03:04";"2026-09-19 20:03:04";não
2682;1075942144;Congestionamento;3;Alto;120;2;17.650;836;0.836;4;"MG-129 Rod. Eng. Ary Belisário";"Conselheiro Lafaiete";BR;8;"2026-09-19 19:55:04";"2026-09-19 19:59:04";não
2681;1075616546;Congestionamento;3;Alto;271;4.5;13.540;1385;1.385;0;"MG-129 Rod. Eng. Ary Belisário";"Conselheiro Lafaiete";BR;20;"2026-09-19 19:51:04";"2026-09-19 19:51:04";não
2680;1074963978;Congestionamento;4;"Muito alto";136;2.3;3.940;177;0.177;6;"R. Prof. Manoel Lino";"Conselheiro Lafaiete";BR;2;"2026-09-19 19:45:04";"2026-09-19 19:51:04";não
2678;1074160846;Congestionamento;3;Alto;120;2;4.980;207;0.207;4;"R. Josefina Martins";"Conselheiro Lafaiete";BR;6;"2026-09-19 19:33:04";"2026-09-19 19:37:04";não
2675;1340849820;Congestionamento;3;Alto;176;2.9;18.470;1351;1.351;0;"MG-129 Rod. Eng. Ary Belisário";"Conselheiro Lafaiete";BR;19;"2026-09-19 19:15:05";"2026-09-19 19:15:05";não
2676;1341136446;Congestionamento;4;"Muito alto";127;2.1;5.230;248;0.248;10;"R. João Franco Ribeiro";"Conselheiro Lafaiete";BR;6;"2026-09-19 19:15:05";"2026-09-19 19:25:05";não
2672;1340112988;Congestionamento;3;Alto;87;1.5;7.810;264;0.264;0;"Pç. Barão de Queluz";"Conselheiro Lafaiete";BR;12;"2026-09-19 19:05:04";"2026-09-19 19:05:04";não
2673;1339953762;Congestionamento;3;Alto;105;1.8;6.020;251;0.251;0;"R. Santana";"Conselheiro Lafaiete";BR;7;"2026-09-19 19:05:04";"2026-09-19 19:05:04";não
2669;1339861480;Congestionamento;3;Alto;132;2.2;14.200;806;0.806;0;"MG-129 Rod. Eng. Ary Belisário";"Conselheiro Lafaiete";BR;15;"2026-09-19 19:01:05";"2026-09-19 19:01:05";não
2667;1338428144;Congestionamento;4;"Muito alto";327;5.5;1.910;201;0.201;0;"R. José Nicolau de Queiroz";"Conselheiro Lafaiete";BR;2;"2026-09-19 18:45:05";"2026-09-19 18:45:05";não
2665;1338058912;Congestionamento;3;Alto;116;1.9;3.920;155;0.155;2;"R. Santo Antônio de Pádua";"Conselheiro Lafaiete";BR;4;"2026-09-19 18:43:03";"2026-09-19 18:45:05";não
2662;1337232322;Congestionamento;3;Alto;77;1.3;9.370;355;0.355;0;"R. São Jorge";"Conselheiro Lafaiete";BR;7;"2026-09-19 18:35:04";"2026-09-19 18:35:04";não
2657;1334673992;Congestionamento;3;Alto;102;1.7;6.290;253;0.253;2;"R. Joemy Faria";"Conselheiro Lafaiete";BR;8;"2026-09-19 18:09:03";"2026-09-19 18:11:03";não
2648;1331047476;Congestionamento;3;Alto;121;2;6.810;319;0.319;4;"R. Alexandrina Nogueira de Queiroz";"Conselheiro Lafaiete";BR;4;"2026-09-19 17:37:04";"2026-09-19 17:41:04";não
2645;1328659544;Congestionamento;3;Alto;92;1.5;6.360;225;0.225;0;"R. João Cunha";"Conselheiro Lafaiete";BR;5;"2026-09-19 17:13:04";"2026-09-19 17:13:04";não
2643;1327556908;Congestionamento;3;Alto;125;2.1;7.680;446;0.446;6;"R. São Jorge";"Conselheiro Lafaiete";BR;6;"2026-09-19 17:03:03";"2026-09-19 17:09:04";não
2641;1327288630;Congestionamento;3;Alto;97;1.6;5.650;191;0.191;10;"Av. Mal. Floriano Peixoto";"Conselheiro Lafaiete";BR;5;"2026-09-19 16:59:04";"2026-09-19 17:09:04";não
2642;1327186100;Congestionamento;3;Alto;90;1.5;7.230;288;0.288;0;"R. Aristides Francisco Pinto";"Conselheiro Lafaiete";BR;4;"2026-09-19 16:59:04";"2026-09-19 16:59:04";não
2635;1324760200;Congestionamento;3;Alto;95;1.6;5.400;191;0.191;8;"R. Joemy Faria";"Conselheiro Lafaiete";BR;7;"2026-09-19 16:37:04";"2026-09-19 16:45:05";não
2633;1324273320;Congestionamento;4;"Muito alto";60;1;4.670;174;0.174;3;"R. José Felício Cardoso";"Conselheiro Lafaiete";BR;5;"2026-09-19 16:33:05";"2026-09-19 16:37:04";não
2632;1323899258;Congestionamento;3;Alto;90;1.5;6.650;248;0.248;0;"R. João Franco Ribeiro";"Conselheiro Lafaiete";BR;6;"2026-09-19 16:31:04";"2026-09-19 16:31:04";não
2629;1321820606;Congestionamento;3;Alto;111;1.9;8.400;336;0.336;8;"R. Ver. José Boaventura Celestino";"Conselheiro Lafaiete";BR;7;"2026-09-19 16:09:04";"2026-09-19 16:17:04";não
2626;1321360986;Congestionamento;3;Alto;100;1.7;4.510;154;0.154;0;"Av. Geraldo Marques";"Conselheiro Lafaiete";BR;3;"2026-09-19 16:05:04";"2026-09-19 16:05:04";não
2622;1319482814;Congestionamento;3;Alto;92;1.5;5.270;191;0.191;0;"R. Dr. Mário de Rezende Dutra";"Conselheiro Lafaiete";BR;6;"2026-09-19 15:49:04";"2026-09-19 15:49:04";não
2620;1319145192;Congestionamento;4;"Muito alto";174;2.9;3.550;201;0.201;8;"R. José Geraldo Filho";"Conselheiro Lafaiete";BR;3;"2026-09-19 15:45:04";"2026-09-19 15:53:04";não
2621;1318739554;Congestionamento;3;Alto;94;1.6;7.200;285;0.285;0;"R. Horácio de Queiroz";"Conselheiro Lafaiete";BR;5;"2026-09-19 15:45:04";"2026-09-19 15:45:04";não
2618;1318374714;Congestionamento;3;Alto;87;1.5;9.170;332;0.332;4;"Av. Geraldo Plaza";"Conselheiro Lafaiete";BR;6;"2026-09-19 15:41:04";"2026-09-19 15:45:04";não
2617;1318011730;Congestionamento;3;Alto;88;1.5;10.900;387;0.387;4;"R. Benjamim Constant";"Conselheiro Lafaiete";BR;11;"2026-09-19 15:37:04";"2026-09-19 15:41:04";não
2609;1317359876;Congestionamento;3;Alto;84;1.4;4.850;165;0.165;16;"R. Dr. José Lopes de Assis";"Conselheiro Lafaiete";BR;6;"2026-09-19 15:29:04";"2026-09-19 15:45:04";não
2610;1317137432;Congestionamento;3;Alto;207;3.5;9.250;796;0.796;16;"R. Francisco Lobo";"Conselheiro Lafaiete";BR;16;"2026-09-19 15:29:04";"2026-09-19 15:45:04";não
2607;1317095900;Congestionamento;4;"Muito alto";158;2.6;4.730;252;0.252;8;"R. Dias de Souza";"Conselheiro Lafaiete";BR;8;"2026-09-19 15:25:04";"2026-09-19 15:33:04";não
2605;1316714214;Congestionamento;3;Alto;128;2.1;9.570;491;0.491;0;"R. Dias de Souza";"Conselheiro Lafaiete";BR;10;"2026-09-19 15:23:03";"2026-09-19 15:23:03";não
2603;1316129106;Congestionamento;3;Alto;142;2.4;12.070;781;0.781;0;"R. Dias de Souza";"Conselheiro Lafaiete";BR;17;"2026-09-19 15:19:04";"2026-09-19 15:19:04";não
2604;1316392980;Congestionamento;4;"Muito alto";245;4.1;3.810;330;0.33;0;"R. José Nicolau de Queiroz";"Conselheiro Lafaiete";BR;3;"2026-09-19 15:19:04";"2026-09-19 15:19:04";não
2602;1315776464;Congestionamento;3;Alto;117;2;3.840;165;0.165;6;"R. Dr. José Lopes de Assis";"Conselheiro Lafaiete";BR;6;"2026-09-19 15:13:03";"2026-09-19 15:19:04";não
2598;1315227468;Congestionamento;4;"Muito alto";187;3.1;7.070;419;0.419;10;"R. Dr. Manoel de Assis Martins";"Conselheiro Lafaiete";BR;4;"2026-09-19 15:09:04";"2026-09-19 15:19:04";não
2599;1315380398;Congestionamento;3;Alto;85;1.4;6.220;208;0.208;0;"R. Pará";"Conselheiro Lafaiete";BR;3;"2026-09-19 15:09:04";"2026-09-19 15:09:04";não
2596;1314346414;Congestionamento;3;Alto;102;1.7;7.720;339;0.339;0;"R. Joemy Faria";"Conselheiro Lafaiete";BR;11;"2026-09-19 15:03:03";"2026-09-19 15:03:03";não
2591;1314228166;Congestionamento;3;Alto;98;1.6;6.590;227;0.227;10;"R. Dias de Souza";"Conselheiro Lafaiete";BR;6;"2026-09-19 14:59:04";"2026-09-19 15:09:04";não
2581;1313288582;Congestionamento;3;Alto;101;1.7;4.250;165;0.165;14;"R. Dr. José Lopes de Assis";"Conselheiro Lafaiete";BR;6;"2026-09-19 14:51:04";"2026-09-19 15:05:05";não
2582;1313423034;Congestionamento;3;Alto;138;2.3;6.840;344;0.344;54;"Pç. Barão de Queluz";"Conselheiro Lafaiete";BR;13;"2026-09-19 14:51:04";"2026-09-19 15:45:04";não
2584;1313414946;Congestionamento;4;"Muito alto";339;5.7;2.930;330;0.33;21;"R. José Nicolau de Queiroz";"Conselheiro Lafaiete";BR;3;"2026-09-19 14:51:04";"2026-09-19 15:13:03";não
2585;1313411314;Congestionamento;3;Alto;103;1.7;8.810;379;0.379;0;"R. Tavares de Melo";"Conselheiro Lafaiete";BR;8;"2026-09-19 14:51:04";"2026-09-19 14:51:04";não
2579;1312957960;Congestionamento;3;Alto;113;1.9;3.930;165;0.165;0;"R. Dr. José Lopes de Assis";"Conselheiro Lafaiete";BR;6;"2026-09-19 14:47:04";"2026-09-19 14:47:04";não
2580;1312747156;Congestionamento;3;Alto;113;1.9;5.430;218;0.218;0;"R. Antônio Aureliano de Rezende";"Conselheiro Lafaiete";BR;6;"2026-09-19 14:47:04";"2026-09-19 14:47:04";não
2577;1312060556;Congestionamento;3;Alto;134;2.2;5.360;267;0.267;0;"R. Augusto Getúlio Vieira";"Conselheiro Lafaiete";BR;4;"2026-09-19 14:39:04";"2026-09-19 14:39:04";não
2570;1310914022;Congestionamento;3;Alto;226;3.8;2.610;201;0.201;18;"R. José Nicolau de Queiroz";"Conselheiro Lafaiete";BR;2;"2026-09-19 14:29:04";"2026-09-19 14:47:04";não
2571;1310949618;Congestionamento;4;"Muito alto";125;2.1;3.350;166;0.166;0;"R. Dr. Campolina";"Conselheiro Lafaiete";BR;7;"2026-09-19 14:29:04";"2026-09-19 14:29:04";não
2572;1310925808;Congestionamento;3;Alto;124;2.1;3.670;165;0.165;14;"R. Dr. José Lopes de Assis";"Conselheiro Lafaiete";BR;6;"2026-09-19 14:29:04";"2026-09-19 14:43:04";não
2573;1311228786;Congestionamento;3;Alto;113;1.9;4.120;169;0.169;0;"R. Luiz Radamés de Araújo";"Conselheiro Lafaiete";BR;5;"2026-09-19 14:29:04";"2026-09-19 14:29:04";não
2574;1310965242;Congestionamento;3;Alto;102;1.7;5.030;186;0.186;0;"R. Sidney Moreira Dias";"Conselheiro Lafaiete";BR;5;"2026-09-19 14:29:04";"2026-09-19 14:29:04";não
2566;1310480906;Congestionamento;3;Alto;107;1.8;4.500;186;0.186;6;"Tv. João José de Faria";"Conselheiro Lafaiete";BR;7;"2026-09-19 14:23:04";"2026-09-19 14:29:04";não
2567;1310333574;Congestionamento;3;Alto;136;2.3;3.770;182;0.182;6;"R. José Batista Fernandes";"Conselheiro Lafaiete";BR;4;"2026-09-19 14:23:04";"2026-09-19 14:29:04";não
2569;1310414724;Congestionamento;3;Alto;93;1.6;4.760;169;0.169;6;"R. Luiz Radamés de Araújo";"Conselheiro Lafaiete";BR;5;"2026-09-19 14:23:04";"2026-09-19 14:29:04";não
2561;1309776532;Congestionamento;3;Alto;85;1.4;11.270;394;0.394;0;"Av. Monsenhor Moreira";"Conselheiro Lafaiete";BR;13;"2026-09-19 14:15:04";"2026-09-19 14:15:04";não
2562;1309729112;Congestionamento;3;Alto;84;1.4;10.900;474;0.474;0;"R. Ver. João de Castro";"Conselheiro Lafaiete";BR;10;"2026-09-19 14:15:04";"2026-09-19 14:15:04";não
2564;1309628894;Congestionamento;4;"Muito alto";1626;27.1;2.080;1021;1.021;0;"R. José Felisberto";"Conselheiro Lafaiete";BR;8;"2026-09-19 14:15:04";"2026-09-19 14:15:04";não
2559;1309406800;Congestionamento;4;"Muito alto";137;2.3;5.280;252;0.252;4;"R. Dias de Souza";"Conselheiro Lafaiete";BR;8;"2026-09-19 14:11:04";"2026-09-19 14:15:04";não
2556;1309120960;Congestionamento;3;Alto;97;1.6;10.250;394;0.394;4;"Av. Monsenhor Moreira";"Conselheiro Lafaiete";BR;13;"2026-09-19 14:07:04";"2026-09-19 14:11:04";não
2557;1308958574;Congestionamento;3;Alto;86;1.4;5.060;169;0.169;4;"R. Luiz Radamés de Araújo";"Conselheiro Lafaiete";BR;5;"2026-09-19 14:07:04";"2026-09-19 14:11:04";não
2549;1308432668;Congestionamento;3;Alto;149;2.5;11.120;732;0.732;32;"Av. Prefeito Telésforo Cândido Resende";"Conselheiro Lafaiete";BR;14;"2026-09-19 14:03:04";"2026-09-19 14:35:05";não
2550;1308625388;Congestionamento;3;Alto;69;1.2;7.880;293;0.293;8;"R. Dr. Campolina";"Conselheiro Lafaiete";BR;8;"2026-09-19 14:03:04";"2026-09-19 14:11:04";não
2551;1308551148;Congestionamento;3;Alto;93;1.6;7.620;276;0.276;4;"R. Dias de Souza";"Conselheiro Lafaiete";BR;10;"2026-09-19 14:03:04";"2026-09-19 14:07:04";não
2553;1308633466;Congestionamento;4;"Muito alto";97;1.6;4.970;166;0.166;0;"Pç. São Sebastião";"Conselheiro Lafaiete";BR;5;"2026-09-19 14:03:04";"2026-09-19 14:03:04";não
2548;1308070806;Congestionamento;4;"Muito alto";139;2.3;5.100;248;0.248;0;"R. Valério Eugênio";"Conselheiro Lafaiete";BR;12;"2026-09-19 13:59:04";"2026-09-19 13:59:04";não
2543;1307727026;Congestionamento;4;"Muito alto";232;3.9;3.980;330;0.33;19;"R. José Nicolau de Queiroz";"Conselheiro Lafaiete";BR;3;"2026-09-19 13:55:05";"2026-09-19 14:15:04";não
2544;1307742530;Congestionamento;4;"Muito alto";106;1.8;4.600;157;0.157;7;"R. Ver. Alfredo Mafuz";"Conselheiro Lafaiete";BR;5;"2026-09-19 13:55:05";"2026-09-19 14:03:04";não
2546;1307858894;Congestionamento;3;Alto;69;1.2;7.910;293;0.293;3;"R. Dr. Campolina";"Conselheiro Lafaiete";BR;8;"2026-09-19 13:55:05";"2026-09-19 13:59:04";não
2541;1307748264;Congestionamento;4;"Muito alto";108;1.8;1.780;60;0.06;14;"R. Benjamin Granha Senra";"Conselheiro Lafaiete";BR;2;"2026-09-19 13:53:04";"2026-09-19 14:07:04";não
2540;1307256948;Congestionamento;3;Alto;102;1.7;6.910;244;0.244;0;"R. Francisco Lobo";"Conselheiro Lafaiete";BR;6;"2026-09-19 13:49:04";"2026-09-19 13:49:04";não
2537;1306965858;Congestionamento;3;Alto;109;1.8;6.750;330;0.33;3;"R. José Nicolau de Queiroz";"Conselheiro Lafaiete";BR;3;"2026-09-19 13:45:05";"2026-09-19 13:49:04";não
2538;1306800494;Congestionamento;3;Alto;96;1.6;6.720;227;0.227;0;"R. Dias de Souza";"Conselheiro Lafaiete";BR;6;"2026-09-19 13:45:05";"2026-09-19 13:45:05";não
2532;1306592324;Congestionamento;3;Alto;128;2.1;6.110;330;0.33;0;"R. José Nicolau de Queiroz";"Conselheiro Lafaiete";BR;3;"2026-09-19 13:41:04";"2026-09-19 13:41:04";não
2534;1306553134;Congestionamento;3;Alto;93;1.6;10.330;400;0.4;0;"Av. Prof. Manoel Martins";"Conselheiro Lafaiete";BR;9;"2026-09-19 13:41:04";"2026-09-19 13:41:04";não
2531;1306069454;Congestionamento;4;"Muito alto";587;9.8;1.510;270;0.27;4;"R. Luiz Radamés de Araújo";"Conselheiro Lafaiete";BR;6;"2026-09-19 13:37:04";"2026-09-19 13:41:04";não
2526;1305609940;Congestionamento;3;Alto;126;2.1;7.470;365;0.365;4;"R. Tavares de Melo";"Conselheiro Lafaiete";BR;7;"2026-09-19 13:33:04";"2026-09-19 13:37:04";não
2528;1305833896;Congestionamento;4;"Muito alto";238;4;2.280;180;0.18;0;"R. Dr. Melo Viana";"Conselheiro Lafaiete";BR;8;"2026-09-19 13:33:04";"2026-09-19 13:33:04";não
2524;1305269662;Congestionamento;3;Alto;142;2.4;3.450;169;0.169;8;"R. Luiz Radamés de Araújo";"Conselheiro Lafaiete";BR;5;"2026-09-19 13:29:04";"2026-09-19 13:37:04";não
2520;1304798792;Congestionamento;3;Alto;100;1.7;4.290;165;0.165;0;"R. Dr. José Lopes de Assis";"Conselheiro Lafaiete";BR;6;"2026-09-19 13:25:04";"2026-09-19 13:25:04";não
2521;1305104696;Congestionamento;3;Alto;83;1.4;10.770;427;0.427;0;"Av. Prof. Manoel Martins";"Conselheiro Lafaiete";BR;9;"2026-09-19 13:25:04";"2026-09-19 13:25:04";não
2522;1304833882;Congestionamento;3;Alto;117;2;5.670;270;0.27;8;"R. Luiz Radamés de Araújo";"Conselheiro Lafaiete";BR;6;"2026-09-19 13:25:04";"2026-09-19 13:33:04";não
2517;1304451108;Congestionamento;3;Alto;113;1.9;7.480;302;0.302;0;"R. Barão de Pouso Alegre";"Conselheiro Lafaiete";BR;7;"2026-09-19 13:19:03";"2026-09-19 13:19:03";não
2518;1304600068;Congestionamento;4;"Muito alto";122;2;5.550;227;0.227;14;"R. Dias de Souza";"Conselheiro Lafaiete";BR;6;"2026-09-19 13:19:03";"2026-09-19 13:33:04";não
2513;1303250842;Congestionamento;3;Alto;60;1;9.330;330;0.33;0;"R. José Nicolau de Queiroz";"Conselheiro Lafaiete";BR;3;"2026-09-19 13:07:04";"2026-09-19 13:07:04";não
2509;1303186094;Congestionamento;3;Alto;110;1.8;11.140;521;0.521;178;"Av. Prefeito Telésforo Cândido Resende";"Conselheiro Lafaiete";BR;12;"2026-09-19 13:03:04";"2026-09-19 16:01:04";não
2510;1303232976;Congestionamento;4;"Muito alto";165;2.8;3.050;169;0.169;12;"R. Luiz Radamés de Araújo";"Conselheiro Lafaiete";BR;5;"2026-09-19 13:03:04";"2026-09-19 13:15:04";não
2511;1303093590;Congestionamento;3;Alto;158;2.6;8.310;516;0.516;0;"R. Dias de Souza";"Conselheiro Lafaiete";BR;12;"2026-09-19 13:03:04";"2026-09-19 13:03:04";não
2506;1302805052;Congestionamento;3;Alto;168;2.8;5.350;357;0.357;26;"R. Alfredo Elias Mafuz";"Conselheiro Lafaiete";BR;11;"2026-09-19 12:59:04";"2026-09-19 13:25:04";não
2504;1302438170;Congestionamento;3;Alto;95;1.6;4.330;166;0.166;0;"R. João Santos";"Conselheiro Lafaiete";BR;5;"2026-09-19 12:55:04";"2026-09-19 12:55:04";não
2502;1302247582;Congestionamento;3;Alto;99;1.7;7.150;330;0.33;0;"R. José Nicolau de Queiroz";"Conselheiro Lafaiete";BR;3;"2026-09-19 12:53:03";"2026-09-19 12:53:03";não
2498;1301507144;Congestionamento;4;"Muito alto";206;3.4;4.340;330;0.33;0;"R. José Nicolau de Queiroz";"Conselheiro Lafaiete";BR;3;"2026-09-19 12:45:04";"2026-09-19 12:45:04";não
2499;1301507164;Congestionamento;3;Alto;109;1.8;4.230;169;0.169;0;"R. Luiz Radamés de Araújo";"Conselheiro Lafaiete";BR;5;"2026-09-19 12:45:04";"2026-09-19 12:45:04";não
2497;1301451618;Congestionamento;3;Alto;169;2.8;3.290;201;0.201;0;"R. José Nicolau de Queiroz";"Conselheiro Lafaiete";BR;2;"2026-09-19 12:43:03";"2026-09-19 12:43:03";não
2495;1301053414;Congestionamento;3;Alto;177;3;3.170;201;0.201;0;"R. José Nicolau de Queiroz";"Conselheiro Lafaiete";BR;2;"2026-09-19 12:39:04";"2026-09-19 12:39:04";não
2491;1300133118;Congestionamento;3;Alto;107;1.8;4.250;180;0.18;6;"R. Dr. Melo Viana";"Conselheiro Lafaiete";BR;8;"2026-09-19 12:29:03";"2026-09-19 12:35:04";não
2492;1300079698;Congestionamento;3;Alto;92;1.5;6.560;259;0.259;6;"R. João Franco Ribeiro";"Conselheiro Lafaiete";BR;7;"2026-09-19 12:29:03";"2026-09-19 12:35:04";não
2485;1298735738;Congestionamento;4;"Muito alto";137;2.3;4.920;248;0.248;4;"R. João Franco Ribeiro";"Conselheiro Lafaiete";BR;6;"2026-09-19 12:11:04";"2026-09-19 12:15:04";não
2486;1298537744;Congestionamento;3;Alto;101;1.7;5.410;195;0.195;0;"R. Tavares de Melo";"Conselheiro Lafaiete";BR;5;"2026-09-19 12:11:04";"2026-09-19 12:11:04";não
2484;1298276848;Congestionamento;3;Alto;179;3;7.870;538;0.538;45;"R. Dias de Souza";"Conselheiro Lafaiete";BR;13;"2026-09-19 12:07:04";"2026-09-19 12:53:03";não
2482;1297988136;Congestionamento;4;"Muito alto";172;2.9;3.740;203;0.203;0;"R. Francisco Carvalho";"Conselheiro Lafaiete";BR;3;"2026-09-19 12:03:04";"2026-09-19 12:03:04";não
2478;1296907122;Congestionamento;3;Alto;87;1.5;5.880;202;0.202;0;"R. Benjamin Granha Senra";"Conselheiro Lafaiete";BR;4;"2026-09-19 11:53:04";"2026-09-19 11:53:04";não
2475;1296525534;Congestionamento;3;Alto;121;2;7.560;344;0.344;6;"Pç. Barão de Queluz";"Conselheiro Lafaiete";BR;13;"2026-09-19 11:49:04";"2026-09-19 11:55:05";não
2474;1296167952;Congestionamento;3;Alto;180;3;7.620;572;0.572;8;"R. Barão de Suassuí";"Conselheiro Lafaiete";BR;7;"2026-09-19 11:41:04";"2026-09-19 11:49:04";não
2473;1294072214;Congestionamento;4;"Muito alto";122;2;4.710;201;0.201;6;"R. Firmino Lana";"Conselheiro Lafaiete";BR;4;"2026-09-19 11:19:04";"2026-09-19 11:25:04";não
2470;1290742626;Congestionamento;3;Alto;117;2;7.230;350;0.35;2;"R. Alfredo Zebral";"Conselheiro Lafaiete";BR;7;"2026-09-19 10:41:03";"2026-09-19 10:43:04";não
2467;1287720960;"Interdição antiga";5;Parado;;;0.000;31;0.031;8;"R. Almirante Tamandaré";"Conselheiro Lafaiete";BR;2;"2026-09-19 10:07:04";"2026-09-19 10:15:04";não
2468;1287828536;"Interdição antiga";5;Parado;;;0.000;31;0.031;8;"R. Almirante Tamandaré";"Conselheiro Lafaiete";BR;2;"2026-09-19 10:07:04";"2026-09-19 10:15:04";não
2464;1281000254;Congestionamento;3;Alto;135;2.3;8.620;435;0.435;8;"R. Santa Matilde";"Conselheiro Lafaiete";BR;9;"2026-09-19 08:27:04";"2026-09-19 08:35:04";não
2462;1278753592;Congestionamento;3;Alto;96;1.6;7.100;237;0.237;0;"Av. Prefeito Telésforo Cândido Resende";"Conselheiro Lafaiete";BR;6;"2026-09-19 07:43:04";"2026-09-19 07:43:04";não
2463;1278830082;Congestionamento;3;Alto;78;1.3;12.190;416;0.416;0;"Av. Prefeito Telésforo Cândido Resende";"Conselheiro Lafaiete";BR;7;"2026-09-19 07:43:04";"2026-09-19 07:43:04";não
2461;1275997140;Congestionamento;3;Alto;125;2.1;5.690;247;0.247;0;"R. Amazonas";"Conselheiro Lafaiete";BR;4;"2026-09-19 06:29:04";"2026-09-19 06:29:04";não
2457;1272250494;Congestionamento;3;Alto;139;2.3;6.760;380;0.38;0;"R. Alfredo Elias Mafuz";"Conselheiro Lafaiete";BR;8;"2026-09-19 04:33:04";"2026-09-19 04:33:04";não
2454;1270046232;Congestionamento;3;Alto;93;1.6;7.200;280;0.28;2;"R. Dr. Zebral";"Conselheiro Lafaiete";BR;6;"2026-09-19 03:31:03";"2026-09-19 03:33:04";não
2453;1269791392;Congestionamento;4;"Muito alto";111;1.9;4.210;155;0.155;0;"R. Pernambuco";"Conselheiro Lafaiete";BR;4;"2026-09-19 03:27:03";"2026-09-19 03:27:03";não
2451;1268893850;Congestionamento;3;Alto;96;1.6;7.460;270;0.27;0;"R. Amazonas";"Conselheiro Lafaiete";BR;5;"2026-09-19 03:05:04";"2026-09-19 03:05:04";não
2448;1267451626;"Interdição antiga";5;Parado;;;0.000;156;0.156;1419;"R. Valério Eugênio";"Conselheiro Lafaiete";BR;4;"2026-09-19 02:35:04";"2026-09-20 02:15:03";não
2449;1267447712;"Interdição antiga";5;Parado;;;0.000;133;0.133;1419;;"Conselheiro Lafaiete";BR;4;"2026-09-19 02:35:04";"2026-09-20 02:15:03";não
2450;1267447718;"Interdição antiga";5;Parado;;;0.000;133;0.133;1419;;"Conselheiro Lafaiete";BR;4;"2026-09-19 02:35:04";"2026-09-20 02:15:03";não
2444;1264847798;Congestionamento;4;"Muito alto";180;3;3.180;187;0.187;10;"R. Lopes Franco";"Conselheiro Lafaiete";BR;3;"2026-09-19 01:49:04";"2026-09-19 01:59:04";não
2443;1264394378;Congestionamento;3;Alto;91;1.5;5.640;210;0.21;10;"R. do Cruzeiro";"Conselheiro Lafaiete";BR;4;"2026-09-19 01:45:05";"2026-09-19 01:55:05";não
2440;1263846144;Congestionamento;3;Alto;91;1.5;10.950;461;0.461;8;"R. Barão de Pouso Alegre";"Conselheiro Lafaiete";BR;6;"2026-09-19 01:37:04";"2026-09-19 01:45:05";não
2438;1262573042;Congestionamento;3;Alto;119;2;4.140;180;0.18;10;"R. Sete de Setembro";"Conselheiro Lafaiete";BR;2;"2026-09-19 01:19:03";"2026-09-19 01:29:04";não
2435;1262125246;Congestionamento;3;Alto;95;1.6;11.890;501;0.501;0;"Av. Mal. Floriano Peixoto";"Conselheiro Lafaiete";BR;6;"2026-09-19 01:11:04";"2026-09-19 01:11:04";não
2431;1257354224;Congestionamento;3;Alto;66;1.1;9.170;317;0.317;0;"R. São Jorge";"Conselheiro Lafaiete";BR;5;"2026-09-19 00:15:05";"2026-09-19 00:15:05";não
2426;1253087606;Congestionamento;4;"Muito alto";297;5;2.260;209;0.209;0;"R. Barão de Suassuí";"Conselheiro Lafaiete";BR;2;"2026-09-18 23:31:04";"2026-09-18 23:31:04";não
2424;1252174062;Congestionamento;3;Alto;113;1.9;5.640;236;0.236;8;"Av. Prefeito Pedro Silva";"Conselheiro Lafaiete";BR;3;"2026-09-18 23:23:03";"2026-09-18 23:31:04";não
2425;1252122796;Congestionamento;3;Alto;105;1.8;6.270;231;0.231;2;"R. Cel. Licínio Pereira Dutra";"Conselheiro Lafaiete";BR;6;"2026-09-18 23:23:03";"2026-09-18 23:25:04";não
2423;1251917456;Congestionamento;3;Alto;107;1.8;6.090;253;0.253;8;"R. Joemy Faria";"Conselheiro Lafaiete";BR;8;"2026-09-18 23:21:03";"2026-09-18 23:29:03";não
2419;1250657322;Congestionamento;3;Alto;109;1.8;6.340;252;0.252;4;"R. Dias de Souza";"Conselheiro Lafaiete";BR;8;"2026-09-18 23:09:04";"2026-09-18 23:13:04";não
2420;1250560300;Congestionamento;3;Alto;78;1.3;10.030;340;0.34;0;"R. Francisco Ferreira de Resende";"Conselheiro Lafaiete";BR;5;"2026-09-18 23:09:04";"2026-09-18 23:09:04";não
2414;1249507338;Congestionamento;3;Alto;91;1.5;6.820;228;0.228;0;"R. Murilo Augusto de Rezende";"Conselheiro Lafaiete";BR;4;"2026-09-18 23:01:03";"2026-09-18 23:01:03";não
2415;1249515468;Congestionamento;4;"Muito alto";176;2.9;5.080;310;0.31;0;"R. Prof. Manoel Lino";"Conselheiro Lafaiete";BR;6;"2026-09-18 23:01:03";"2026-09-18 23:01:03";não
2416;1249578092;Congestionamento;3;Alto;101;1.7;10.830;449;0.449;4;"Av. Prof. Manoel Martins";"Conselheiro Lafaiete";BR;7;"2026-09-18 23:01:03";"2026-09-18 23:05:04";não
2410;1248883510;Congestionamento;4;"Muito alto";100;1.7;6.020;204;0.204;8;"R. Dias de Souza";"Conselheiro Lafaiete";BR;5;"2026-09-18 22:57:03";"2026-09-18 23:05:04";não
2412;1249040696;Congestionamento;3;Alto;121;2;6.670;307;0.307;2;"R. Cônego João Pio";"Conselheiro Lafaiete";BR;6;"2026-09-18 22:57:03";"2026-09-18 22:59:03";não
2405;1247010106;Congestionamento;4;"Muito alto";304;5.1;6.630;627;0.627;0;"MG-129 Rod. Eng. Ary Belisário";"Conselheiro Lafaiete";BR;5;"2026-09-18 22:41:04";"2026-09-18 22:41:04";não
2403;1246353834;Congestionamento;3;Alto;87;1.5;6.610;221;0.221;4;"R. Agostinho de Almeida";"Conselheiro Lafaiete";BR;5;"2026-09-18 22:37:04";"2026-09-18 22:41:04";não
2401;1245963936;Congestionamento;3;Alto;104;1.7;9.770;388;0.388;7;"R. Pe. Lobo";"Conselheiro Lafaiete";BR;5;"2026-09-18 22:33:05";"2026-09-18 22:41:04";não
2400;1245165944;Congestionamento;3;Alto;90;1.5;7.400;279;0.279;0;"R. Lopes Franco";"Conselheiro Lafaiete";BR;5;"2026-09-18 22:29:03";"2026-09-18 22:29:03";não
2398;1244923136;Congestionamento;3;Alto;87;1.5;7.110;259;0.259;0;"R. José Condé de Lima";"Conselheiro Lafaiete";BR;2;"2026-09-18 22:25:05";"2026-09-18 22:25:05";não
2396;1244587878;Congestionamento;3;Alto;95;1.6;12.020;513;0.513;0;"R. Dias de Souza";"Conselheiro Lafaiete";BR;11;"2026-09-18 22:21:04";"2026-09-18 22:21:04";não
2390;1243297410;Congestionamento;4;"Muito alto";152;2.5;5.190;284;0.284;10;"Av. Prof. Manoel Martins";"Conselheiro Lafaiete";BR;7;"2026-09-18 22:11:04";"2026-09-18 22:21:04";não
2388;1242874490;Congestionamento;4;"Muito alto";87;1.5;8.640;305;0.305;6;"R. Monsenhor Horta";"Conselheiro Lafaiete";BR;7;"2026-09-18 22:09:04";"2026-09-18 22:15:04";não
2386;1242382036;Congestionamento;3;Alto;95;1.6;7.160;279;0.279;9;"R. Lopes Franco";"Conselheiro Lafaiete";BR;5;"2026-09-18 22:05:06";"2026-09-18 22:15:04";não
2387;1242151060;Congestionamento;3;Alto;73;1.2;11.090;382;0.382;11;"R. Dias de Souza";"Conselheiro Lafaiete";BR;11;"2026-09-18 22:05:06";"2026-09-18 22:17:04";não
2378;1240197098;Congestionamento;3;Alto;92;1.5;7.830;274;0.274;0;"R. Cefisa Viana";"Conselheiro Lafaiete";BR;4;"2026-09-18 21:51:04";"2026-09-18 21:51:04";não
2379;1240059020;Congestionamento;3;Alto;170;2.8;7.540;539;0.539;4;"R. José Antônio Lara";"Conselheiro Lafaiete";BR;11;"2026-09-18 21:51:04";"2026-09-18 21:55:05";não
2377;1239872494;Congestionamento;3;Alto;91;1.5;4.600;165;0.165;24;"R. Dr. José Lopes de Assis";"Conselheiro Lafaiete";BR;6;"2026-09-18 21:47:04";"2026-09-18 22:11:04";não
2372;1239122970;Congestionamento;3;Alto;132;2.2;4.320;202;0.202;8;"R. Benjamin Granha Senra";"Conselheiro Lafaiete";BR;4;"2026-09-18 21:43:04";"2026-09-18 21:51:04";não
2374;1239363610;Congestionamento;3;Alto;173;2.9;5.340;339;0.339;16;"R. Joemy Faria";"Conselheiro Lafaiete";BR;11;"2026-09-18 21:43:04";"2026-09-18 21:59:04";não
2375;1239324084;Congestionamento;3;Alto;102;1.7;9.550;409;0.409;4;"R. Dr. Henrique de Abreu";"Conselheiro Lafaiete";BR;8;"2026-09-18 21:43:04";"2026-09-18 21:47:04";não
2376;1238675544;Congestionamento;3;Alto;118;2;7.060;344;0.344;8;"R. Josefina Martins";"Conselheiro Lafaiete";BR;9;"2026-09-18 21:43:04";"2026-09-18 21:51:04";não
2368;1237825954;Congestionamento;3;Alto;83;1.4;8.790;306;0.306;0;"R. Pernambuco";"Conselheiro Lafaiete";BR;7;"2026-09-18 21:39:04";"2026-09-18 21:39:04";não
2370;1238566014;Congestionamento;3;Alto;88;1.5;8.300;290;0.29;0;"R. Dr. Henrique de Abreu";"Conselheiro Lafaiete";BR;7;"2026-09-18 21:39:04";"2026-09-18 21:39:04";não
2362;1237417876;Congestionamento;4;"Muito alto";162;2.7;4.320;248;0.248;6;"R. João Franco Ribeiro";"Conselheiro Lafaiete";BR;6;"2026-09-18 21:33:04";"2026-09-18 21:39:04";não
2364;1237115396;Congestionamento;3;Alto;107;1.8;3.990;166;0.166;18;"R. João Santos";"Conselheiro Lafaiete";BR;5;"2026-09-18 21:33:04";"2026-09-18 21:51:04";não
2365;1237692792;Congestionamento;3;Alto;100;1.7;5.050;172;0.172;2;"R. Brasil";"Conselheiro Lafaiete";BR;3;"2026-09-18 21:33:04";"2026-09-18 21:35:06";não
2358;1236794434;Congestionamento;4;"Muito alto";227;3.8;2.750;195;0.195;10;"R. Tavares de Melo";"Conselheiro Lafaiete";BR;5;"2026-09-18 21:29:04";"2026-09-18 21:39:04";não
2352;1235944094;Congestionamento;3;Alto;85;1.4;7.610;261;0.261;0;"R. Valério Eugênio";"Conselheiro Lafaiete";BR;13;"2026-09-18 21:21:04";"2026-09-18 21:21:04";não
2353;1235825788;Congestionamento;3;Alto;93;1.6;10.540;439;0.439;12;"R. Afonso Pena";"Conselheiro Lafaiete";BR;8;"2026-09-18 21:21:04";"2026-09-18 21:33:04";não
2345;1235209812;Congestionamento;3;Alto;87;1.5;7.460;261;0.261;0;"R. Valério Eugênio";"Conselheiro Lafaiete";BR;13;"2026-09-18 21:17:04";"2026-09-18 21:17:04";não
2346;1235336268;Congestionamento;3;Alto;130;2.2;3.540;165;0.165;8;"R. Dr. José Lopes de Assis";"Conselheiro Lafaiete";BR;6;"2026-09-18 21:17:04";"2026-09-18 21:25:05";não
2347;1234911436;Congestionamento;3;Alto;91;1.5;5.730;202;0.202;4;"R. Benjamin Granha Senra";"Conselheiro Lafaiete";BR;4;"2026-09-18 21:17:04";"2026-09-18 21:21:04";não
2343;1234320692;Congestionamento;3;Alto;94;1.6;5.410;197;0.197;0;"R. Dr. Moreira";"Conselheiro Lafaiete";BR;4;"2026-09-18 21:13:04";"2026-09-18 21:13:04";não
2344;1234556224;Congestionamento;3;Alto;152;2.5;3.060;166;0.166;8;"R. João Santos";"Conselheiro Lafaiete";BR;5;"2026-09-18 21:13:04";"2026-09-18 21:21:04";não
2340;1233929218;Congestionamento;3;Alto;162;2.7;8.140;490;0.49;26;"R. Dias de Souza";"Conselheiro Lafaiete";BR;10;"2026-09-18 21:09:04";"2026-09-18 21:35:06";não
2341;1233802608;Congestionamento;4;"Muito alto";151;2.5;4.150;209;0.209;4;"R. Tavares de Melo";"Conselheiro Lafaiete";BR;6;"2026-09-18 21:09:04";"2026-09-18 21:13:04";não
2339;1233466330;Congestionamento;4;"Muito alto";110;1.8;4.220;152;0.152;12;"R. Barão de Pouso Alegre";"Conselheiro Lafaiete";BR;2;"2026-09-18 21:05:04";"2026-09-18 21:17:04";não
2333;1232455034;Congestionamento;4;"Muito alto";105;1.8;4.600;160;0.16;3;"Av. Monsenhor Moreira";"Conselheiro Lafaiete";BR;6;"2026-09-18 21:01:05";"2026-09-18 21:05:04";não
2331;1232255946;Congestionamento;4;"Muito alto";121;2;5.900;261;0.261;0;"R. Valério Eugênio";"Conselheiro Lafaiete";BR;13;"2026-09-18 20:57:04";"2026-09-18 20:57:04";não
2323;1231785084;Congestionamento;3;Alto;125;2.1;4.100;177;0.177;0;"R. João Cunha";"Conselheiro Lafaiete";BR;4;"2026-09-18 20:53:06";"2026-09-18 20:53:06";não
2325;1231674880;Congestionamento;3;Alto;99;1.7;11.090;444;0.444;99;"R. Benjamim Constant";"Conselheiro Lafaiete";BR;12;"2026-09-18 20:53:06";"2026-09-18 22:33:05";não
2327;1231545864;Congestionamento;4;"Muito alto";340;5.7;2.390;246;0.246;3;"R. Lopes Franco";"Conselheiro Lafaiete";BR;4;"2026-09-18 20:53:06";"2026-09-18 20:57:04";não
2316;1230699218;Congestionamento;3;Alto;71;1.2;5.310;228;0.228;8;"R. Ana Castro";"Conselheiro Lafaiete";BR;4;"2026-09-18 20:49:04";"2026-09-18 20:57:04";não
2317;1230847222;Congestionamento;3;Alto;111;1.9;7.330;344;0.344;4;"R. Josefina Martins";"Conselheiro Lafaiete";BR;9;"2026-09-18 20:49:04";"2026-09-18 20:53:06";não
2318;1231193468;Congestionamento;4;"Muito alto";146;2.4;5.380;254;0.254;8;"R. Alfredo Elias Mafuz";"Conselheiro Lafaiete";BR;5;"2026-09-18 20:49:04";"2026-09-18 20:57:04";não
2319;1230824770;Congestionamento;3;Alto;104;1.7;4.390;168;0.168;4;"R. Sandoval Azevedo";"Conselheiro Lafaiete";BR;6;"2026-09-18 20:49:04";"2026-09-18 20:53:06";não
2307;1230111516;Congestionamento;3;Alto;83;1.4;9.250;322;0.322;4;"R. Comendador Baeta Neves";"Conselheiro Lafaiete";BR;11;"2026-09-18 20:45:04";"2026-09-18 20:49:04";não
2310;1230719748;Congestionamento;3;Alto;159;2.7;8.180;482;0.482;0;"R. Lopes Franco";"Conselheiro Lafaiete";BR;5;"2026-09-18 20:45:04";"2026-09-18 20:45:04";não
2311;1230613246;Congestionamento;3;Alto;117;2;5.520;248;0.248;4;"R. João Franco Ribeiro";"Conselheiro Lafaiete";BR;6;"2026-09-18 20:45:04";"2026-09-18 20:49:04";não
2314;1230476652;Congestionamento;3;Alto;117;2;12.110;642;0.642;0;"R. Francisco Lobo";"Conselheiro Lafaiete";BR;12;"2026-09-18 20:45:04";"2026-09-18 20:45:04";não
2304;1229563804;Congestionamento;4;"Muito alto";166;2.8;4.530;252;0.252;20;"R. Dias de Souza";"Conselheiro Lafaiete";BR;8;"2026-09-18 20:41:04";"2026-09-18 21:01:05";não
2303;1229548252;Congestionamento;3;Alto;80;1.3;8.260;284;0.284;20;"Av. Prof. Manoel Martins";"Conselheiro Lafaiete";BR;7;"2026-09-18 20:41:04";"2026-09-18 21:01:05";não
2300;1228988658;Congestionamento;4;"Muito alto";110;1.8;7.470;273;0.273;0;"MG-129 Rod. Eng. Ary Belisário";"Conselheiro Lafaiete";BR;7;"2026-09-18 20:37:04";"2026-09-18 20:37:04";não
2301;1229360408;Congestionamento;3;Alto;101;1.7;4.340;162;0.162;0;"R. São Jorge";"Conselheiro Lafaiete";BR;2;"2026-09-18 20:37:04";"2026-09-18 20:37:04";não
2294;1228258780;Congestionamento;4;"Muito alto";163;2.7;3.980;211;0.211;0;"Av. Furtado";"Conselheiro Lafaiete";BR;5;"2026-09-18 20:33:06";"2026-09-18 20:33:06";não
2295;1228349850;Congestionamento;4;"Muito alto";103;1.7;5.550;193;0.193;11;"R. Barão de Pouso Alegre";"Conselheiro Lafaiete";BR;6;"2026-09-18 20:33:06";"2026-09-18 20:45:04";não
2296;1228764804;Congestionamento;3;Alto;112;1.9;5.080;194;0.194;0;"R. Dr. Henrique de Abreu";"Conselheiro Lafaiete";BR;4;"2026-09-18 20:33:06";"2026-09-18 20:33:06";não
2287;1227876458;Congestionamento;4;"Muito alto";130;2.2;4.280;186;0.186;0;"Av. Furtado";"Conselheiro Lafaiete";BR;4;"2026-09-18 20:29:04";"2026-09-18 20:29:04";não
2288;1228161850;Congestionamento;3;Alto;88;1.5;9.520;365;0.365;0;"R. Tavares de Melo";"Conselheiro Lafaiete";BR;7;"2026-09-18 20:29:04";"2026-09-18 20:29:04";não
2289;1227726626;Congestionamento;3;Alto;121;2;4.370;184;0.184;4;"R. Horácio de Queiroz";"Conselheiro Lafaiete";BR;3;"2026-09-18 20:29:04";"2026-09-18 20:33:06";não
2291;1228154158;Congestionamento;4;"Muito alto";224;3.7;3.210;229;0.229;20;"Pç. São Sebastião";"Conselheiro Lafaiete";BR;6;"2026-09-18 20:29:04";"2026-09-18 20:49:04";não
2292;1228059328;Congestionamento;3;Alto;92;1.5;9.600;410;0.41;8;"R. Lopes Franco";"Conselheiro Lafaiete";BR;6;"2026-09-18 20:29:04";"2026-09-18 20:37:04";não
2284;1227190522;Congestionamento;3;Alto;140;2.3;3.880;214;0.214;3;"R. Dr. Moreira";"Conselheiro Lafaiete";BR;4;"2026-09-18 20:25:06";"2026-09-18 20:29:04";não
2285;1227504132;Congestionamento;4;"Muito alto";125;2.1;4.230;183;0.183;0;"R. Adolfo Siqueira";"Conselheiro Lafaiete";BR;5;"2026-09-18 20:25:06";"2026-09-18 20:25:06";não
2276;1226763290;Congestionamento;3;Alto;90;1.5;8.780;322;0.322;0;"R. Comendador Baeta Neves";"Conselheiro Lafaiete";BR;11;"2026-09-18 20:21:04";"2026-09-18 20:21:04";não
2277;1227045550;Congestionamento;3;Alto;95;1.6;10.150;423;0.423;16;"R. Afonso Pena";"Conselheiro Lafaiete";BR;7;"2026-09-18 20:21:04";"2026-09-18 20:37:04";não
2274;1226060828;Congestionamento;3;Alto;84;1.4;13.210;677;0.677;52;"R. Santa Efigênia";"Conselheiro Lafaiete";BR;20;"2026-09-18 20:17:04";"2026-09-18 21:09:04";não
2262;1226256528;Congestionamento;4;"Muito alto";220;3.7;3.310;249;0.249;0;;"Conselheiro Lafaiete";BR;19;"2026-09-18 20:15:04";"2026-09-18 20:15:04";não
2265;1226139718;Congestionamento;3;Alto;81;1.4;12.170;421;0.421;6;"Av. Monsenhor Moreira";"Conselheiro Lafaiete";BR;18;"2026-09-18 20:15:04";"2026-09-18 20:21:04";não
2266;1226240894;Congestionamento;4;"Muito alto";121;2;6.260;261;0.261;38;"Av. Monsenhor Moreira";"Conselheiro Lafaiete";BR;7;"2026-09-18 20:15:04";"2026-09-18 20:53:06";não
2270;1225989544;Congestionamento;4;"Muito alto";258;4.3;2.000;165;0.165;54;"R. Dr. José Lopes de Assis";"Conselheiro Lafaiete";BR;6;"2026-09-18 20:15:04";"2026-09-18 21:09:04";não
2271;1226268328;Congestionamento;4;"Muito alto";126;2.1;5.210;229;0.229;10;"Pç. São Sebastião";"Conselheiro Lafaiete";BR;6;"2026-09-18 20:15:04";"2026-09-18 20:25:06";não
2254;1225606508;Congestionamento;3;Alto;103;1.7;14.600;722;0.722;4;"Av. Prefeito Mário Rodrigues Pereira";"Conselheiro Lafaiete";BR;25;"2026-09-18 20:11:04";"2026-09-18 20:15:04";não
2255;1225923764;Congestionamento;3;Alto;139;2.3;6.080;357;0.357;0;"R. Alfredo Elias Mafuz";"Conselheiro Lafaiete";BR;11;"2026-09-18 20:11:04";"2026-09-18 20:11:04";não
2256;1225568138;Congestionamento;3;Alto;84;1.4;6.980;251;0.251;6;"R. Santana";"Conselheiro Lafaiete";BR;7;"2026-09-18 20:11:04";"2026-09-18 20:17:04";não
2257;1225250892;Congestionamento;4;"Muito alto";131;2.2;4.500;232;0.232;6;"R. Dr. Campolina";"Conselheiro Lafaiete";BR;6;"2026-09-18 20:11:04";"2026-09-18 20:17:04";não
2258;1225849342;Congestionamento;3;Alto;84;1.4;10.680;427;0.427;18;"Av. Prof. Manoel Martins";"Conselheiro Lafaiete";BR;9;"2026-09-18 20:11:04";"2026-09-18 20:29:04";não
2248;1224814190;Congestionamento;3;Alto;78;1.3;16.000;582;0.582;30;"BR-040 S Rod. Pres. Juscelino Kubitschek";"Conselheiro Lafaiete";BR;8;"2026-09-18 20:07:04";"2026-09-18 20:37:04";não
2249;1224931056;Congestionamento;3;Alto;81;1.4;9.400;322;0.322;4;"R. Comendador Baeta Neves";"Conselheiro Lafaiete";BR;11;"2026-09-18 20:07:04";"2026-09-18 20:11:04";não
2242;1224181202;Congestionamento;3;Alto;126;2.1;3.620;165;0.165;4;"R. Dr. José Lopes de Assis";"Conselheiro Lafaiete";BR;6;"2026-09-18 19:59:04";"2026-09-18 20:03:04";não
2244;1224041404;Congestionamento;3;Alto;82;1.4;9.350;322;0.322;0;"R. Comendador Baeta Neves";"Conselheiro Lafaiete";BR;11;"2026-09-18 19:59:04";"2026-09-18 19:59:04";não
2240;1223470650;Congestionamento;3;Alto;85;1.4;9.810;353;0.353;11;"R. Arthur Bernardes";"Conselheiro Lafaiete";BR;9;"2026-09-18 19:55:05";"2026-09-18 20:07:04";não
2234;1222983944;Congestionamento;3;Alto;87;1.5;7.170;268;0.268;3;"R. Eng. Nelson Teixeira";"Conselheiro Lafaiete";BR;6;"2026-09-18 19:49:04";"2026-09-18 19:53:03";não
2235;1222607300;Congestionamento;4;"Muito alto";208;3.5;4.230;292;0.292;22;"R. Cristovão de Sena";"Conselheiro Lafaiete";BR;3;"2026-09-18 19:49:04";"2026-09-18 20:11:04";não
2222;1221218110;Congestionamento;3;Alto;80;1.3;5.710;194;0.194;6;"R. Rodolfo Carmo";"Conselheiro Lafaiete";BR;3;"2026-09-18 19:39:04";"2026-09-18 19:45:04";não
2224;1221455536;Congestionamento;3;Alto;103;1.7;7.950;371;0.371;6;"R. João Franco Ribeiro";"Conselheiro Lafaiete";BR;8;"2026-09-18 19:39:04";"2026-09-18 19:45:04";não
2225;1221342994;Congestionamento;3;Alto;109;1.8;11.280;562;0.562;42;"R. Dias de Souza";"Conselheiro Lafaiete";BR;15;"2026-09-18 19:39:04";"2026-09-18 20:21:04";não
2226;1221698062;Congestionamento;3;Alto;128;2.1;6.300;318;0.318;0;"R. Horácio de Queiroz";"Conselheiro Lafaiete";BR;6;"2026-09-18 19:39:04";"2026-09-18 19:39:04";não
2214;1220937478;Congestionamento;3;Alto;99;1.7;7.150;330;0.33;0;"R. José Nicolau de Queiroz";"Conselheiro Lafaiete";BR;3;"2026-09-18 19:33:04";"2026-09-18 19:33:04";não
2215;1220281616;Congestionamento;4;"Muito alto";142;2.4;3.620;166;0.166;6;"Pç. São Sebastião";"Conselheiro Lafaiete";BR;5;"2026-09-18 19:33:04";"2026-09-18 19:39:04";não
2217;1220570362;Congestionamento;3;Alto;83;1.4;7.650;263;0.263;2;"R. Joemy Faria";"Conselheiro Lafaiete";BR;9;"2026-09-18 19:33:04";"2026-09-18 19:35:06";não
2213;1220196856;Congestionamento;4;"Muito alto";393;6.6;2.650;326;0.326;10;"Est. União Indústria";"Conselheiro Lafaiete";BR;9;"2026-09-18 19:29:04";"2026-09-18 19:39:04";não
2210;1220028472;Congestionamento;3;Alto;100;1.7;12.130;598;0.598;3;"Av. Prof. Manoel Martins";"Conselheiro Lafaiete";BR;12;"2026-09-18 19:25:05";"2026-09-18 19:29:04";não
2211;1219762380;Congestionamento;3;Alto;156;2.6;9.400;551;0.551;83;"R. Benjamim Constant";"Conselheiro Lafaiete";BR;15;"2026-09-18 19:25:05";"2026-09-18 20:49:04";não
2206;1218947206;Congestionamento;3;Alto;124;2.1;5.510;244;0.244;0;"R. Duque de Caxias";"Conselheiro Lafaiete";BR;5;"2026-09-18 19:19:04";"2026-09-18 19:19:04";não
2204;1218569670;Congestionamento;3;Alto;86;1.4;9.040;322;0.322;35;"R. Comendador Baeta Neves";"Conselheiro Lafaiete";BR;11;"2026-09-18 19:17:04";"2026-09-18 19:53:03";não
2202;1218058116;Congestionamento;3;Alto;84;1.4;9.760;344;0.344;108;"Pç. Barão de Queluz";"Conselheiro Lafaiete";BR;13;"2026-09-18 19:13:04";"2026-09-18 21:01:05";não
2198;1217712286;Congestionamento;4;"Muito alto";268;4.5;2.010;160;0.16;8;"R. Barão de Pouso Alegre";"Conselheiro Lafaiete";BR;4;"2026-09-18 19:09:04";"2026-09-18 19:17:04";não
2200;1217696770;Congestionamento;3;Alto;85;1.4;4.810;165;0.165;0;"R. Dr. José Lopes de Assis";"Conselheiro Lafaiete";BR;6;"2026-09-18 19:09:04";"2026-09-18 19:09:04";não
2201;1217882696;Congestionamento;4;"Muito alto";70;1.2;6.090;204;0.204;4;"R. Dr. Campolina";"Conselheiro Lafaiete";BR;5;"2026-09-18 19:09:04";"2026-09-18 19:13:04";não
2191;1216589358;Congestionamento;3;Alto;86;1.4;7.050;253;0.253;10;"R. Joemy Faria";"Conselheiro Lafaiete";BR;8;"2026-09-18 18:59:04";"2026-09-18 19:09:04";não
2192;1216811926;Congestionamento;3;Alto;124;2.1;3.660;165;0.165;0;"R. Dr. José Lopes de Assis";"Conselheiro Lafaiete";BR;6;"2026-09-18 18:59:04";"2026-09-18 18:59:04";não
2186;1216234026;Congestionamento;4;"Muito alto";208;3.5;2.280;150;0.15;7;"R. João Castanheiras";"Conselheiro Lafaiete";BR;3;"2026-09-18 18:55:05";"2026-09-18 19:03:04";não
2187;1216151304;Congestionamento;3;Alto;103;1.7;8.860;379;0.379;3;"R. Tavares de Melo";"Conselheiro Lafaiete";BR;8;"2026-09-18 18:55:05";"2026-09-18 18:59:04";não
2185;1215598326;Congestionamento;3;Alto;102;1.7;11.980;598;0.598;6;"Av. Prof. Manoel Martins";"Conselheiro Lafaiete";BR;12;"2026-09-18 18:53:04";"2026-09-18 18:59:04";não
2183;1215041184;Congestionamento;3;Alto;91;1.5;12.500;521;0.521;180;"Av. Prefeito Telésforo Cândido Resende";"Conselheiro Lafaiete";BR;12;"2026-09-18 18:47:04";"2026-09-18 21:47:04";não
2175;1213772558;Congestionamento;3;Alto;84;1.4;11.240;387;0.387;0;"R. Benjamim Constant";"Conselheiro Lafaiete";BR;11;"2026-09-18 18:35:05";"2026-09-18 18:35:05";não
2173;1212877580;Congestionamento;3;Alto;115;1.9;8.800;434;0.434;7;"R. João Cunha";"Conselheiro Lafaiete";BR;9;"2026-09-18 18:31:05";"2026-09-18 18:39:04";não
2169;1212553692;Congestionamento;3;Alto;106;1.8;12.310;551;0.551;3;"R. Benjamim Constant";"Conselheiro Lafaiete";BR;15;"2026-09-18 18:27:06";"2026-09-18 18:31:05";não
2162;1211110976;Congestionamento;4;"Muito alto";181;3;4.460;254;0.254;4;"R. Alfredo Elias Mafuz";"Conselheiro Lafaiete";BR;5;"2026-09-18 18:19:04";"2026-09-18 18:23:04";não
2163;1211705472;Congestionamento;3;Alto;79;1.3;6.930;249;0.249;0;;"Conselheiro Lafaiete";BR;19;"2026-09-18 18:19:04";"2026-09-18 18:19:04";não
2164;1211454794;Congestionamento;3;Alto;102;1.7;5.050;201;0.201;0;"R. Santo Antônio de Pádua";"Conselheiro Lafaiete";BR;6;"2026-09-18 18:19:04";"2026-09-18 18:19:04";não
2158;1211080316;Congestionamento;3;Alto;92;1.5;9.530;379;0.379;4;"R. Tavares de Melo";"Conselheiro Lafaiete";BR;8;"2026-09-18 18:15:04";"2026-09-18 18:19:04";não
2154;1209658828;Congestionamento;3;Alto;92;1.5;12.200;468;0.468;8;"R. Antônio de Rezende Neiva";"Conselheiro Lafaiete";BR;5;"2026-09-18 18:07:04";"2026-09-18 18:15:04";não
2152;1209064380;Congestionamento;3;Alto;319;5.3;2.800;310;0.31;9;"R. Dudu Nascimento";"Conselheiro Lafaiete";BR;6;"2026-09-18 18:01:05";"2026-09-18 18:11:04";não
2149;1207716474;Congestionamento;3;Alto;136;2.3;4.890;236;0.236;0;"Av. Prefeito Pedro Silva";"Conselheiro Lafaiete";BR;3;"2026-09-18 17:55:04";"2026-09-18 17:55:04";não
2148;1207139838;Congestionamento;3;Alto;133;2.2;24.070;1363;1.363;30;"BR-040 Rod. Pres. Juscelino Kubitschek";"Conselheiro Lafaiete";BR;19;"2026-09-18 17:49:04";"2026-09-18 18:19:04";não
2143;1204933192;Congestionamento;3;Alto;89;1.5;9.720;378;0.378;5;"R. Tavares de Melo";"Conselheiro Lafaiete";BR;9;"2026-09-18 17:35:05";"2026-09-18 17:41:04";não
2140;1204370890;Congestionamento;3;Alto;94;1.6;9.120;358;0.358;2;"R. Dias de Souza";"Conselheiro Lafaiete";BR;9;"2026-09-18 17:33:03";"2026-09-18 17:35:05";não
2142;1204320694;Congestionamento;3;Alto;139;2.3;3.810;201;0.201;12;"R. José Nicolau de Queiroz";"Conselheiro Lafaiete";BR;2;"2026-09-18 17:33:03";"2026-09-18 17:45:05";não
2133;1202590672;Congestionamento;3;Alto;101;1.7;5.820;327;0.327;0;"R. João Martins Pereira";"Conselheiro Lafaiete";BR;6;"2026-09-18 17:23:04";"2026-09-18 17:23:04";não
2126;1200371184;Congestionamento;3;Alto;98;1.6;5.240;201;0.201;7;"R. Dom Pedro I";"Conselheiro Lafaiete";BR;3;"2026-09-18 17:13:04";"2026-09-18 17:21:03";não
2120;1199308936;Congestionamento;3;Alto;110;1.8;4.140;165;0.165;3;"R. Maria Duarte Castanheira";"Conselheiro Lafaiete";BR;2;"2026-09-18 17:05:05";"2026-09-18 17:09:04";não
2113;1197258912;Congestionamento;3;Alto;162;2.7;5.130;305;0.305;6;"R. Amintas Junqueira";"Conselheiro Lafaiete";BR;7;"2026-09-18 16:59:04";"2026-09-18 17:05:05";não
2104;1192967058;Congestionamento;3;Alto;77;1.3;9.580;320;0.32;2;"Av. Mal. Floriano Peixoto";"Conselheiro Lafaiete";BR;5;"2026-09-18 16:39:03";"2026-09-18 16:41:03";não
2098;1192154296;Congestionamento;3;Alto;95;1.6;6.760;227;0.227;3;"R. Dias de Souza";"Conselheiro Lafaiete";BR;6;"2026-09-18 16:35:04";"2026-09-18 16:39:03";não
2096;1191254050;Congestionamento;3;Alto;81;1.4;11.530;387;0.387;0;"R. Benjamim Constant";"Conselheiro Lafaiete";BR;11;"2026-09-18 16:31:04";"2026-09-18 16:31:04";não
2086;1187581284;Congestionamento;4;"Muito alto";171;2.9;2.840;165;0.165;2;"R. Dr. José Lopes de Assis";"Conselheiro Lafaiete";BR;6;"2026-09-18 16:17:04";"2026-09-18 16:19:04";não
2084;1184863974;Congestionamento;3;Alto;105;1.8;7.050;274;0.274;0;"Av. Furtado";"Conselheiro Lafaiete";BR;6;"2026-09-18 16:03:04";"2026-09-18 16:03:04";não
2079;1183112594;Congestionamento;3;Alto;100;1.7;8.250;319;0.319;0;"Av. Furtado";"Conselheiro Lafaiete";BR;6;"2026-09-18 15:59:04";"2026-09-18 15:59:04";não
2077;1182788816;Congestionamento;4;"Muito alto";122;2;4.110;151;0.151;3;"R. Dr. Manoel de Assis Martins";"Conselheiro Lafaiete";BR;2;"2026-09-18 15:55:05";"2026-09-18 15:59:04";não
2071;1181392962;Congestionamento;3;Alto;154;2.6;3.090;165;0.165;10;"R. Dr. José Lopes de Assis";"Conselheiro Lafaiete";BR;6;"2026-09-18 15:53:03";"2026-09-18 16:03:04";não
2072;1181527920;Congestionamento;3;Alto;89;1.5;9.400;344;0.344;6;"Pç. Barão de Queluz";"Conselheiro Lafaiete";BR;13;"2026-09-18 15:53:03";"2026-09-18 15:59:04";não
2073;1182112680;Congestionamento;3;Alto;109;1.8;5.100;195;0.195;0;"R. Tavares de Melo";"Conselheiro Lafaiete";BR;5;"2026-09-18 15:53:03";"2026-09-18 15:53:03";não
2069;1180317570;Congestionamento;4;"Muito alto";134;2.2;3.740;161;0.161;6;"R. Francisco Lourenço de Barros";"Conselheiro Lafaiete";BR;3;"2026-09-18 15:49:04";"2026-09-18 15:55:05";não
2068;1179475304;Congestionamento;3;Alto;83;1.4;6.310;212;0.212;3;"R. Carijós";"Conselheiro Lafaiete";BR;3;"2026-09-18 15:45:05";"2026-09-18 15:49:04";não
2063;1177561508;Congestionamento;3;Alto;114;1.9;4.660;201;0.201;0;"R. Santo Antônio de Pádua";"Conselheiro Lafaiete";BR;6;"2026-09-18 15:39:03";"2026-09-18 15:39:03";não
2064;1177794374;Congestionamento;4;"Muito alto";107;1.8;5.450;200;0.2;14;"R. Santa Efigênia";"Conselheiro Lafaiete";BR;6;"2026-09-18 15:39:03";"2026-09-18 15:53:03";não
2058;1176062282;Congestionamento;3;Alto;104;1.7;8.120;383;0.383;0;"R. Sen. Milton Campos";"Conselheiro Lafaiete";BR;5;"2026-09-18 15:31:04";"2026-09-18 15:31:04";não
2061;1175268130;Congestionamento;4;"Muito alto";135;2.3;4.420;193;0.193;7;"R. Barão de Pouso Alegre";"Conselheiro Lafaiete";BR;6;"2026-09-18 15:31:04";"2026-09-18 15:39:03";não
2054;1172990146;Congestionamento;3;Alto;99;1.7;7.290;281;0.281;6;"Pç. São Sebastião";"Conselheiro Lafaiete";BR;11;"2026-09-18 15:21:04";"2026-09-18 15:27:04";não
2052;1169821982;Congestionamento;3;Alto;80;1.3;9.340;385;0.385;0;"R. São Jorge";"Conselheiro Lafaiete";BR;6;"2026-09-18 15:09:04";"2026-09-18 15:09:04";não
2053;1169189352;Congestionamento;3;Alto;95;1.6;12.420;497;0.497;8;"R. Benjamim Constant";"Conselheiro Lafaiete";BR;14;"2026-09-18 15:09:04";"2026-09-18 15:17:04";não
2044;1165539676;Congestionamento;3;Alto;126;2.1;10.370;488;0.488;3;"Est. União Indústria";"Conselheiro Lafaiete";BR;13;"2026-09-18 14:53:05";"2026-09-18 14:57:04";não
2045;1165637966;Congestionamento;3;Alto;111;1.9;6.230;246;0.246;3;"R. Francisco Lobo";"Conselheiro Lafaiete";BR;5;"2026-09-18 14:53:05";"2026-09-18 14:57:04";não
2046;1165278392;Congestionamento;3;Alto;119;2;5.540;228;0.228;0;"R. Aristides de Alencar";"Conselheiro Lafaiete";BR;6;"2026-09-18 14:53:05";"2026-09-18 14:53:05";não
2040;1164289912;Congestionamento;3;Alto;100;1.7;4.410;155;0.155;0;"R. Santo Antônio de Pádua";"Conselheiro Lafaiete";BR;4;"2026-09-18 14:49:04";"2026-09-18 14:49:04";não
2041;1164428264;Congestionamento;3;Alto;103;1.7;7.960;371;0.371;4;"R. João Franco Ribeiro";"Conselheiro Lafaiete";BR;8;"2026-09-18 14:49:04";"2026-09-18 14:53:05";não
2039;1163070912;Congestionamento;3;Alto;84;1.4;7.730;288;0.288;3;"R. Narciso Jr.";"Conselheiro Lafaiete";BR;9;"2026-09-18 14:45:05";"2026-09-18 14:49:04";não
2034;1160727394;Congestionamento;3;Alto;75;1.3;10.510;358;0.358;0;"R. Dias de Souza";"Conselheiro Lafaiete";BR;9;"2026-09-18 14:39:04";"2026-09-18 14:39:04";não
2029;1160407608;Congestionamento;4;"Muito alto";100;1.7;9.430;317;0.317;0;"R. Dr. Manoel de Assis Martins";"Conselheiro Lafaiete";BR;4;"2026-09-18 14:35:05";"2026-09-18 14:35:05";não
2030;1159739478;Congestionamento;3;Alto;94;1.6;7.220;268;0.268;0;"R. Cristovão de Sena";"Conselheiro Lafaiete";BR;9;"2026-09-18 14:35:05";"2026-09-18 14:35:05";não
2027;1159396302;Congestionamento;3;Alto;130;2.2;8.790;530;0.53;2;"R. Ver. Alfredo Mafuz";"Conselheiro Lafaiete";BR;10;"2026-09-18 14:29:04";"2026-09-18 14:31:05";não
2025;1158472560;Congestionamento;3;Alto;88;1.5;7.530;263;0.263;0;"R. Manoel Fonseca de Rezende";"Conselheiro Lafaiete";BR;4;"2026-09-18 14:27:04";"2026-09-18 14:27:04";não
2026;1158021594;Congestionamento;3;Alto;89;1.5;9.420;358;0.358;4;"R. Dias de Souza";"Conselheiro Lafaiete";BR;9;"2026-09-18 14:27:04";"2026-09-18 14:31:05";não
2024;1157808760;Congestionamento;3;Alto;114;1.9;5.230;209;0.209;0;"R. Tavares de Melo";"Conselheiro Lafaiete";BR;6;"2026-09-18 14:23:04";"2026-09-18 14:23:04";não
2023;1156837260;Congestionamento;3;Alto;97;1.6;4.530;180;0.18;0;"R. Dr. Melo Viana";"Conselheiro Lafaiete";BR;8;"2026-09-18 14:19:04";"2026-09-18 14:19:04";não
2016;1155356740;Congestionamento;3;Alto;84;1.4;12.360;444;0.444;0;"R. Benjamim Constant";"Conselheiro Lafaiete";BR;12;"2026-09-18 14:13:04";"2026-09-18 14:13:04";não
2011;1153182148;Congestionamento;3;Alto;60;1;6.620;280;0.28;0;"R. Tamoios";"Conselheiro Lafaiete";BR;3;"2026-09-18 14:05:05";"2026-09-18 14:05:05";não
2007;1150803748;Congestionamento;3;Alto;118;2;11.030;598;0.598;36;"Av. Prof. Manoel Martins";"Conselheiro Lafaiete";BR;12;"2026-09-18 13:53:04";"2026-09-18 14:29:04";não
2003;1147667562;Congestionamento;3;Alto;102;1.7;6.200;242;0.242;0;"R. Cel. Albino";"Conselheiro Lafaiete";BR;6;"2026-09-18 13:41:04";"2026-09-18 13:41:04";não
2000;1146331126;Congestionamento;4;"Muito alto";147;2.5;4.420;216;0.216;0;"Av. Dom Pedro II";"Conselheiro Lafaiete";BR;4;"2026-09-18 13:35:06";"2026-09-18 13:35:06";não
1996;1144923598;Congestionamento;3;Alto;62;1;11.970;507;0.507;7;"R. Ver. José Boaventura Celestino";"Conselheiro Lafaiete";BR;11;"2026-09-18 13:31:04";"2026-09-18 13:39:03";não
1990;1141511364;Congestionamento;3;Alto;82;1.4;12.590;444;0.444;8;"R. Benjamim Constant";"Conselheiro Lafaiete";BR;12;"2026-09-18 13:13:04";"2026-09-18 13:21:04";não
1987;1141129602;"Interdição antiga";5;Parado;;;0.000;156;0.156;0;"R. Valério Eugênio";"Conselheiro Lafaiete";BR;4;"2026-09-18 13:11:04";"2026-09-18 13:11:04";não
1982;1139234638;Congestionamento;3;Alto;157;2.6;12.160;1197;1.197;4;"R. Alfredo Elias Mafuz";"Conselheiro Lafaiete";BR;30;"2026-09-18 13:03:04";"2026-09-18 13:07:04";não
1976;1136435664;Congestionamento;3;Alto;87;1.5;6.580;261;0.261;8;"R. Dom Pedro I";"Conselheiro Lafaiete";BR;4;"2026-09-18 12:47:04";"2026-09-18 12:55:04";não
1974;1135228106;Congestionamento;3;Alto;104;1.7;5.990;229;0.229;8;"Av. Mal. Floriano Peixoto";"Conselheiro Lafaiete";BR;4;"2026-09-18 12:43:04";"2026-09-18 12:51:04";não
1970;1133519832;Congestionamento;3;Alto;131;2.2;5.480;247;0.247;0;"R. Amazonas";"Conselheiro Lafaiete";BR;4;"2026-09-18 12:33:03";"2026-09-18 12:33:03";não
1971;1133165792;Congestionamento;3;Alto;82;1.4;4.940;165;0.165;0;"R. Dr. José Lopes de Assis";"Conselheiro Lafaiete";BR;6;"2026-09-18 12:33:03";"2026-09-18 12:33:03";não
1972;1133740158;Congestionamento;3;Alto;96;1.6;11.920;509;0.509;44;"Av. Prefeito Telésforo Cândido Resende";"Conselheiro Lafaiete";BR;11;"2026-09-18 12:33:03";"2026-09-18 13:17:04";não
1968;1132573150;Congestionamento;3;Alto;87;1.5;8.280;283;0.283;10;"R. Samuel Vieira Rezende Paula";"Conselheiro Lafaiete";BR;5;"2026-09-18 12:29:04";"2026-09-18 12:39:04";não
1965;1131783412;Congestionamento;3;Alto;97;1.6;8.880;344;0.344;0;"Pç. Barão de Queluz";"Conselheiro Lafaiete";BR;13;"2026-09-18 12:25:05";"2026-09-18 12:25:05";não
1962;1130475260;Congestionamento;3;Alto;97;1.6;5.530;188;0.188;6;"R. Benjamin Granha Senra";"Conselheiro Lafaiete";BR;4;"2026-09-18 12:19:04";"2026-09-18 12:25:05";não
1956;1127973192;Congestionamento;3;Alto;133;2.2;3.900;185;0.185;8;"R. João José Nunes";"Conselheiro Lafaiete";BR;3;"2026-09-18 12:03:04";"2026-09-18 12:11:04";não
1952;1125682008;Congestionamento;3;Alto;238;4;5.110;436;0.436;6;"R. Carijós";"Conselheiro Lafaiete";BR;8;"2026-09-18 11:49:04";"2026-09-18 11:55:04";não
1953;1125765338;Congestionamento;3;Alto;93;1.6;8.400;332;0.332;6;"Av. Geraldo Plaza";"Conselheiro Lafaiete";BR;6;"2026-09-18 11:49:04";"2026-09-18 11:55:04";não
1954;1126058758;Congestionamento;3;Alto;126;2.1;7.610;365;0.365;10;"R. Joemy Faria";"Conselheiro Lafaiete";BR;11;"2026-09-18 11:49:04";"2026-09-18 11:59:04";não
1948;1123238492;Congestionamento;3;Alto;142;2.4;7.860;441;0.441;10;"R. Tavares de Melo";"Conselheiro Lafaiete";BR;9;"2026-09-18 11:31:04";"2026-09-18 11:41:04";não
1944;1121950042;Congestionamento;3;Alto;72;1.2;8.520;330;0.33;5;"R. José Nicolau de Queiroz";"Conselheiro Lafaiete";BR;3;"2026-09-18 11:23:04";"2026-09-18 11:29:03";não
1937;1120004442;Congestionamento;3;Alto;148;2.5;9.390;532;0.532;6;"R. Santa Matilde";"Conselheiro Lafaiete";BR;11;"2026-09-18 11:09:03";"2026-09-18 11:15:04";não
1936;1119480170;Congestionamento;3;Alto;123;2.1;4.990;237;0.237;0;;"Conselheiro Lafaiete";BR;19;"2026-09-18 11:05:04";"2026-09-18 11:05:04";não
1935;1118923026;Congestionamento;3;Alto;135;2.3;3.420;165;0.165;24;"R. Dr. José Lopes de Assis";"Conselheiro Lafaiete";BR;6;"2026-09-18 11:01:04";"2026-09-18 11:25:05";não
1932;1117650166;Congestionamento;3;Alto;94;1.6;5.820;209;0.209;3;"R. Barão de Suassuí";"Conselheiro Lafaiete";BR;2;"2026-09-18 10:53:05";"2026-09-18 10:57:04";não
1925;1112272338;Congestionamento;4;"Muito alto";178;3;3.160;178;0.178;0;"R. Miguel Garcia";"Conselheiro Lafaiete";BR;7;"2026-09-18 10:15:05";"2026-09-18 10:15:05";não
1922;1111501334;Congestionamento;3;Alto;80;1.3;7.210;251;0.251;4;"R. Santana";"Conselheiro Lafaiete";BR;7;"2026-09-18 10:07:04";"2026-09-18 10:11:04";não
1923;1111381320;Congestionamento;3;Alto;96;1.6;4.420;165;0.165;8;"R. Dr. José Lopes de Assis";"Conselheiro Lafaiete";BR;6;"2026-09-18 10:07:04";"2026-09-18 10:15:05";não
1920;1110963964;Congestionamento;4;"Muito alto";161;2.7;4.620;259;0.259;0;"R. Francisco Lourenço de Barros";"Conselheiro Lafaiete";BR;6;"2026-09-18 10:03:05";"2026-09-18 10:03:05";não
1917;1110591900;Congestionamento;4;"Muito alto";160;2.7;4.390;227;0.227;8;"R. Dias de Souza";"Conselheiro Lafaiete";BR;6;"2026-09-18 09:59:04";"2026-09-18 10:07:04";não
1912;1106765696;Congestionamento;3;Alto;87;1.5;6.230;213;0.213;6;"R. Ver. Léo Franco";"Conselheiro Lafaiete";BR;2;"2026-09-18 09:15:04";"2026-09-18 09:21:04";não
1909;1101015932;Congestionamento;3;Alto;117;2;7.030;292;0.292;4;"R. Afonso Pena";"Conselheiro Lafaiete";BR;6;"2026-09-18 07:59:04";"2026-09-18 08:03:04";não
1905;1089467210;Congestionamento;3;Alto;77;1.3;5.520;198;0.198;4;"R. Jorge Elias";"Conselheiro Lafaiete";BR;4;"2026-09-18 06:05:04";"2026-09-18 06:09:04";não
1902;1084622850;Congestionamento;3;Alto;90;1.5;15.960;543;0.543;0;"BR-040 Rod. Pres. Juscelino Kubitschek";"Conselheiro Lafaiete";BR;7;"2026-09-18 05:11:04";"2026-09-18 05:11:04";não
1901;1079870582;Congestionamento;3;Alto;70;1.2;8.230;285;0.285;4;"R. Nossa Senhora da Conceição";"Conselheiro Lafaiete";BR;6;"2026-09-18 03:21:05";"2026-09-18 03:25:07";não
1900;1077829274;Congestionamento;3;Alto;83;1.4;7.830;263;0.263;6;"R. Manoel Fonseca de Rezende";"Conselheiro Lafaiete";BR;4;"2026-09-18 02:19:04";"2026-09-18 02:25:05";não
1896;1075939172;Congestionamento;4;"Muito alto";305;5.1;3.050;279;0.279;13;"R. Dr. Manoel de Assis Martins";"Conselheiro Lafaiete";BR;7;"2026-09-18 01:35:05";"2026-09-18 01:49:04";não
1884;799783776;Congestionamento;3;Alto;109;1.8;4.030;159;0.159;8;"R. Barão de Pouso Alegre";"Conselheiro Lafaiete";BR;2;"2026-09-17 23:55:04";"2026-09-18 00:03:04";não
1883;799575396;Congestionamento;3;Alto;97;1.6;5.640;208;0.208;12;"R. Tenente Porteira";"Conselheiro Lafaiete";BR;2;"2026-09-17 23:51:04";"2026-09-18 00:03:04";não
1880;799026116;Congestionamento;3;Alto;88;1.5;6.520;221;0.221;6;"R. Henrique Tolomelli";"Conselheiro Lafaiete";BR;4;"2026-09-17 23:45:04";"2026-09-17 23:51:04";não
1881;799095688;Congestionamento;3;Alto;90;1.5;6.010;215;0.215;10;"R. Aristides Francisco Pinto";"Conselheiro Lafaiete";BR;3;"2026-09-17 23:45:04";"2026-09-17 23:55:04";não
1874;796471514;Congestionamento;4;"Muito alto";391;6.5;1.850;215;0.215;0;"R. Rodrigues Maia";"Conselheiro Lafaiete";BR;5;"2026-09-17 23:21:04";"2026-09-17 23:21:04";não
1875;796455900;Congestionamento;3;Alto;87;1.5;7.770;281;0.281;4;"R. Tenente Porteira";"Conselheiro Lafaiete";BR;3;"2026-09-17 23:21:04";"2026-09-17 23:25:05";não
1873;795995390;Congestionamento;3;Alto;63;1.1;5.390;182;0.182;6;"R. Cel. Correa Figueiredo";"Conselheiro Lafaiete";BR;3;"2026-09-17 23:15:03";"2026-09-17 23:21:04";não
1872;795587972;Congestionamento;3;Alto;157;2.6;5.750;344;0.344;0;"R. Josefina Martins";"Conselheiro Lafaiete";BR;9;"2026-09-17 23:11:04";"2026-09-17 23:11:04";não
1870;794940992;Congestionamento;4;"Muito alto";1286;21.4;0.770;290;0.29;2;"Av. Geraldo Plaza";"Conselheiro Lafaiete";BR;7;"2026-09-17 23:05:04";"2026-09-17 23:07:05";não
1869;794821330;Congestionamento;3;Alto;90;1.5;10.540;423;0.423;0;"R. Afonso Pena";"Conselheiro Lafaiete";BR;7;"2026-09-17 23:01:04";"2026-09-17 23:01:04";não
1866;793443650;Congestionamento;3;Alto;111;1.9;8.520;344;0.344;0;"R. Pe. Lobo";"Conselheiro Lafaiete";BR;4;"2026-09-17 22:49:04";"2026-09-17 22:49:04";não
1864;791936658;Congestionamento;3;Alto;101;1.7;8.700;446;0.446;0;"R. São Jorge";"Conselheiro Lafaiete";BR;6;"2026-09-17 22:35:05";"2026-09-17 22:35:05";não
1859;791757590;Congestionamento;4;"Muito alto";262;4.4;2.250;191;0.191;0;"R. Professora Maise de Carvalho Gonçalves Mendes";"Conselheiro Lafaiete";BR;3;"2026-09-17 22:33:04";"2026-09-17 22:33:04";não
1863;791605808;Congestionamento;3;Alto;234;3.9;4.390;361;0.361;9;"R. Pe. Teófilo Reyn";"Conselheiro Lafaiete";BR;7;"2026-09-17 22:33:04";"2026-09-17 22:43:03";não
1850;790258588;Congestionamento;3;Alto;160;2.7;5.340;318;0.318;2;"R. Quincas Alves";"Conselheiro Lafaiete";BR;5;"2026-09-17 22:21:04";"2026-09-17 22:23:04";não
1851;790398150;Congestionamento;3;Alto;85;1.4;4.830;165;0.165;4;"R. Dr. José Lopes de Assis";"Conselheiro Lafaiete";BR;6;"2026-09-17 22:21:04";"2026-09-17 22:25:04";não
1849;790047654;Congestionamento;3;Alto;104;1.7;6.310;259;0.259;10;"R. José Condé de Lima";"Conselheiro Lafaiete";BR;2;"2026-09-17 22:19:04";"2026-09-17 22:29:04";não
1847;789330632;Congestionamento;3;Alto;77;1.3;8.410;317;0.317;2;"R. São Jorge";"Conselheiro Lafaiete";BR;5;"2026-09-17 22:13:04";"2026-09-17 22:15:05";não
1845;789018786;Congestionamento;3;Alto;120;2;8.620;425;0.425;9;"R. Adolfo Siqueira";"Conselheiro Lafaiete";BR;10;"2026-09-17 22:09:05";"2026-09-17 22:19:04";não
1844;788434070;Congestionamento;3;Alto;76;1.3;5.390;208;0.208;10;"Av. Rotariano Aarão Bank";"Conselheiro Lafaiete";BR;8;"2026-09-17 22:05:05";"2026-09-17 22:15:05";não
1841;787778024;Congestionamento;3;Alto;101;1.7;12.480;551;0.551;2;"R. Benjamim Constant";"Conselheiro Lafaiete";BR;15;"2026-09-17 22:01:04";"2026-09-17 22:03:04";não
1838;787423236;Congestionamento;3;Alto;73;1.2;11.800;395;0.395;0;"R. Francisco Lobo";"Conselheiro Lafaiete";BR;8;"2026-09-17 21:57:04";"2026-09-17 21:57:04";não
1830;785519096;Congestionamento;4;"Muito alto";123;2.1;5.100;225;0.225;2;"R. João Cunha";"Conselheiro Lafaiete";BR;5;"2026-09-17 21:43:04";"2026-09-17 21:45:05";não
1831;785609246;Congestionamento;3;Alto;125;2.1;5.820;261;0.261;0;"R. João Evangelista";"Conselheiro Lafaiete";BR;4;"2026-09-17 21:43:04";"2026-09-17 21:43:04";não
1829;785135092;Congestionamento;3;Alto;115;1.9;3.790;166;0.166;4;"R. João Santos";"Conselheiro Lafaiete";BR;5;"2026-09-17 21:41:03";"2026-09-17 21:45:05";não
1826;784796644;Congestionamento;3;Alto;116;1.9;7.280;351;0.351;8;"R. Leibenitez dos Anjos";"Conselheiro Lafaiete";BR;6;"2026-09-17 21:37:04";"2026-09-17 21:45:05";não
1827;784718158;Congestionamento;3;Alto;96;1.6;6.980;252;0.252;3;"R. Dias de Souza";"Conselheiro Lafaiete";BR;8;"2026-09-17 21:37:04";"2026-09-17 21:41:03";não
1821;784154452;Congestionamento;3;Alto;98;1.6;4.360;165;0.165;0;"R. Dr. José Lopes de Assis";"Conselheiro Lafaiete";BR;6;"2026-09-17 21:35:03";"2026-09-17 21:35:03";não
1822;784444746;Congestionamento;3;Alto;95;1.6;5.040;170;0.17;2;"R. Antônio Aureliano de Rezende";"Conselheiro Lafaiete";BR;4;"2026-09-17 21:35:03";"2026-09-17 21:37:04";não
1816;783313644;Congestionamento;4;"Muito alto";194;3.2;2.520;166;0.166;7;"R. João Santos";"Conselheiro Lafaiete";BR;5;"2026-09-17 21:27:04";"2026-09-17 21:35:03";não
1814;783168882;Congestionamento;3;Alto;75;1.3;6.820;240;0.24;0;"R. Ferutio Verdolim";"Conselheiro Lafaiete";BR;6;"2026-09-17 21:25:04";"2026-09-17 21:25:04";não
1811;782467910;Congestionamento;3;Alto;147;2.5;5.640;291;0.291;0;"R. Monsenhor Horta";"Conselheiro Lafaiete";BR;6;"2026-09-17 21:21:04";"2026-09-17 21:21:04";não
1810;782202882;Congestionamento;4;"Muito alto";97;1.6;6.520;293;0.293;2;"R. Dr. Campolina";"Conselheiro Lafaiete";BR;8;"2026-09-17 21:19:03";"2026-09-17 21:21:04";não
1806;782034460;Congestionamento;3;Alto;113;1.9;7.290;320;0.32;0;"Pç. São Sebastião";"Conselheiro Lafaiete";BR;12;"2026-09-17 21:17:03";"2026-09-17 21:17:03";não
1800;780582326;Congestionamento;3;Alto;91;1.5;6.530;237;0.237;0;"R. Tavares de Melo";"Conselheiro Lafaiete";BR;9;"2026-09-17 21:05:05";"2026-09-17 21:05:05";não
1801;780459862;Congestionamento;3;Alto;90;1.5;9.190;373;0.373;15;"R. Santa Efigênia";"Conselheiro Lafaiete";BR;9;"2026-09-17 21:05:05";"2026-09-17 21:21:04";não
1802;780331828;Congestionamento;3;Alto;141;2.4;5.080;251;0.251;3;"R. Narciso Jr.";"Conselheiro Lafaiete";BR;7;"2026-09-17 21:05:05";"2026-09-17 21:09:04";não
1792;779387162;Congestionamento;3;Alto;79;1.3;14.160;526;0.526;4;"R. Simão Leonardo Mendes";"Conselheiro Lafaiete";BR;5;"2026-09-17 20:59:04";"2026-09-17 21:03:04";não
1786;779044350;Congestionamento;3;Alto;95;1.6;9.690;422;0.422;3;"R. Santa Efigênia";"Conselheiro Lafaiete";BR;11;"2026-09-17 20:55:05";"2026-09-17 20:59:04";não
1788;778843954;Congestionamento;3;Alto;84;1.4;8.530;328;0.328;0;"R. Horácio de Queiroz";"Conselheiro Lafaiete";BR;6;"2026-09-17 20:55:05";"2026-09-17 20:55:05";não
1789;779290092;Congestionamento;4;"Muito alto";675;11.3;0.670;132;0.132;21;"R. João de Miranda Filho";"Conselheiro Lafaiete";BR;5;"2026-09-17 20:55:05";"2026-09-17 21:17:03";não
1784;778711116;Congestionamento;3;Alto;167;2.8;4.130;249;0.249;0;"R. Dr. Ademar Pereira de Barros";"Conselheiro Lafaiete";BR;6;"2026-09-17 20:51:05";"2026-09-17 20:51:05";não
1785;778809618;Congestionamento;4;"Muito alto";246;4.1;3.250;259;0.259;7;"R. Francisco Lourenço de Barros";"Conselheiro Lafaiete";BR;6;"2026-09-17 20:51:05";"2026-09-17 20:59:04";não
1780;778684540;Congestionamento;3;Alto;99;1.7;9.190;373;0.373;2;"R. Santa Efigênia";"Conselheiro Lafaiete";BR;12;"2026-09-17 20:49:04";"2026-09-17 20:51:05";não
1781;778406654;Congestionamento;4;"Muito alto";193;3.2;2.530;166;0.166;14;"R. João Santos";"Conselheiro Lafaiete";BR;5;"2026-09-17 20:49:04";"2026-09-17 21:03:04";não
1774;777442568;Congestionamento;3;Alto;133;2.2;3.460;165;0.165;38;"R. Dr. José Lopes de Assis";"Conselheiro Lafaiete";BR;6;"2026-09-17 20:43:03";"2026-09-17 21:21:04";não
1765;777225136;Congestionamento;3;Alto;118;2;6.130;249;0.249;0;"Av. Ver. Mário Reis Carvalho";"Conselheiro Lafaiete";BR;6;"2026-09-17 20:39:04";"2026-09-17 20:39:04";não
1767;777209172;Congestionamento;3;Alto;107;1.8;8.150;349;0.349;0;"R. Prof. Manoel Lino";"Conselheiro Lafaiete";BR;3;"2026-09-17 20:39:04";"2026-09-17 20:39:04";não
1769;777297978;Congestionamento;3;Alto;79;1.3;16.420;618;0.618;6;"BR-040 S Rod. Pres. Juscelino Kubitschek";"Conselheiro Lafaiete";BR;8;"2026-09-17 20:39:04";"2026-09-17 20:45:04";não
1770;777146012;Congestionamento;3;Alto;91;1.5;10.760;465;0.465;48;"R. Santa Efigênia";"Conselheiro Lafaiete";BR;14;"2026-09-17 20:39:04";"2026-09-17 21:27:04";não
1771;776958752;Congestionamento;4;"Muito alto";194;3.2;3.770;259;0.259;0;"R. Francisco Lourenço de Barros";"Conselheiro Lafaiete";BR;6;"2026-09-17 20:39:04";"2026-09-17 20:39:04";não
1772;777033418;Congestionamento;3;Alto;110;1.8;8.100;344;0.344;6;"Pç. Barão de Queluz";"Conselheiro Lafaiete";BR;13;"2026-09-17 20:39:04";"2026-09-17 20:45:04";não
1762;776600906;Congestionamento;4;"Muito alto";112;1.9;4.850;193;0.193;6;"R. Ver. Léo Franco";"Conselheiro Lafaiete";BR;5;"2026-09-17 20:33:04";"2026-09-17 20:39:04";não
1763;776351042;Congestionamento;3;Alto;73;1.2;17.130;618;0.618;2;"BR-040 S Rod. Pres. Juscelino Kubitschek";"Conselheiro Lafaiete";BR;8;"2026-09-17 20:33:04";"2026-09-17 20:35:04";não
1764;776366700;Congestionamento;4;"Muito alto";121;2;5.700;248;0.248;2;"R. Valério Eugênio";"Conselheiro Lafaiete";BR;12;"2026-09-17 20:33:04";"2026-09-17 20:35:04";não
1758;775738686;Congestionamento;3;Alto;91;1.5;4.580;165;0.165;0;"R. Dr. José Lopes de Assis";"Conselheiro Lafaiete";BR;6;"2026-09-17 20:29:04";"2026-09-17 20:29:04";não
1759;775490878;Congestionamento;3;Alto;176;2.9;7.580;482;0.482;16;"R. Lopes Franco";"Conselheiro Lafaiete";BR;5;"2026-09-17 20:29:04";"2026-09-17 20:45:04";não
1760;775859476;Congestionamento;3;Alto;97;1.6;8.070;320;0.32;16;"Pç. São Sebastião";"Conselheiro Lafaiete";BR;12;"2026-09-17 20:29:04";"2026-09-17 20:45:04";não
1761;776093964;Congestionamento;3;Alto;84;1.4;12.360;444;0.444;124;"R. Benjamim Constant";"Conselheiro Lafaiete";BR;12;"2026-09-17 20:29:04";"2026-09-17 22:33:04";não
1754;775334738;Congestionamento;4;"Muito alto";105;1.8;5.180;199;0.199;0;;"Conselheiro Lafaiete";BR;12;"2026-09-17 20:25:05";"2026-09-17 20:25:05";não
1757;775289688;Congestionamento;3;Alto;111;1.9;4.200;168;0.168;0;"R. Sandoval Azevedo";"Conselheiro Lafaiete";BR;6;"2026-09-17 20:25:05";"2026-09-17 20:25:05";não
1746;775069622;Congestionamento;3;Alto;109;1.8;10.230;467;0.467;0;"Av. Furtado";"Conselheiro Lafaiete";BR;8;"2026-09-17 20:21:05";"2026-09-17 20:21:05";não
1747;774859050;Congestionamento;3;Alto;140;2.3;6.020;333;0.333;0;"R. Assis Andrade";"Conselheiro Lafaiete";BR;10;"2026-09-17 20:21:05";"2026-09-17 20:21:05";não
1749;775116540;Congestionamento;3;Alto;141;2.4;8.010;479;0.479;11;"R. Horácio de Queiroz";"Conselheiro Lafaiete";BR;9;"2026-09-17 20:21:05";"2026-09-17 20:33:04";não
1751;775112398;Congestionamento;3;Alto;112;1.9;10.210;444;0.444;4;"R. Benjamim Constant";"Conselheiro Lafaiete";BR;12;"2026-09-17 20:21:05";"2026-09-17 20:25:05";não
1743;774553434;Congestionamento;3;Alto;111;1.9;4.800;197;0.197;4;"R. Dr. Moreira";"Conselheiro Lafaiete";BR;4;"2026-09-17 20:17:04";"2026-09-17 20:21:05";não
1744;774844316;Congestionamento;3;Alto;91;1.5;7.370;279;0.279;22;"R. Lopes Franco";"Conselheiro Lafaiete";BR;5;"2026-09-17 20:17:04";"2026-09-17 20:39:04";não
1738;774178346;Congestionamento;4;"Muito alto";123;2.1;6.170;261;0.261;52;"Av. Monsenhor Moreira";"Conselheiro Lafaiete";BR;7;"2026-09-17 20:13:04";"2026-09-17 21:05:05";não
1740;774408446;Congestionamento;3;Alto;98;1.6;6.650;248;0.248;0;"R. Valério Eugênio";"Conselheiro Lafaiete";BR;12;"2026-09-17 20:13:04";"2026-09-17 20:13:04";não
1733;773526648;Congestionamento;3;Alto;74;1.2;17.070;618;0.618;20;"BR-040 S Rod. Pres. Juscelino Kubitschek";"Conselheiro Lafaiete";BR;8;"2026-09-17 20:09:04";"2026-09-17 20:29:04";não
1734;773723790;Congestionamento;4;"Muito alto";112;1.9;6.040;248;0.248;0;"R. Valério Eugênio";"Conselheiro Lafaiete";BR;12;"2026-09-17 20:09:04";"2026-09-17 20:09:04";não
1735;773755304;Congestionamento;3;Alto;101;1.7;6.550;264;0.264;4;"R. Rodolfo Ambrom";"Conselheiro Lafaiete";BR;3;"2026-09-17 20:09:04";"2026-09-17 20:13:04";não
1736;773868410;Congestionamento;3;Alto;93;1.6;6.800;240;0.24;12;"Pç. São Sebastião";"Conselheiro Lafaiete";BR;10;"2026-09-17 20:09:04";"2026-09-17 20:21:05";não
1729;773476408;Congestionamento;3;Alto;106;1.8;4.120;165;0.165;7;"R. Dr. José Lopes de Assis";"Conselheiro Lafaiete";BR;6;"2026-09-17 20:05:05";"2026-09-17 20:13:04";não
1730;773378908;Congestionamento;3;Alto;75;1.3;9.570;320;0.32;0;"Pç. São Sebastião";"Conselheiro Lafaiete";BR;12;"2026-09-17 20:05:05";"2026-09-17 20:05:05";não
1731;773355788;Congestionamento;3;Alto;113;1.9;4.640;186;0.186;3;"R. Sidney Moreira Dias";"Conselheiro Lafaiete";BR;5;"2026-09-17 20:05:05";"2026-09-17 20:09:04";não
1727;773297460;Congestionamento;3;Alto;94;1.6;9.090;344;0.344;32;"Pç. Barão de Queluz";"Conselheiro Lafaiete";BR;13;"2026-09-17 20:03:04";"2026-09-17 20:35:04";não
1722;772611038;Congestionamento;3;Alto;91;1.5;7.550;284;0.284;18;"Av. Prof. Manoel Martins";"Conselheiro Lafaiete";BR;7;"2026-09-17 19:59:04";"2026-09-17 20:17:04";não
1723;772825140;Congestionamento;3;Alto;88;1.5;8.660;320;0.32;4;"Pç. São Sebastião";"Conselheiro Lafaiete";BR;12;"2026-09-17 19:59:04";"2026-09-17 20:03:04";não
1721;772394738;Congestionamento;3;Alto;84;1.4;9.170;322;0.322;0;"R. Comendador Baeta Neves";"Conselheiro Lafaiete";BR;11;"2026-09-17 19:55:06";"2026-09-17 19:55:06";não
1715;772236658;Congestionamento;3;Alto;86;1.4;7.340;250;0.25;2;"Pç. São Sebastião";"Conselheiro Lafaiete";BR;9;"2026-09-17 19:53:05";"2026-09-17 19:55:06";não
1712;771945754;Congestionamento;3;Alto;87;1.5;9.010;322;0.322;0;"R. Comendador Baeta Neves";"Conselheiro Lafaiete";BR;11;"2026-09-17 19:49:04";"2026-09-17 19:49:04";não
1713;771845754;Congestionamento;3;Alto;101;1.7;8.640;344;0.344;0;"Pç. Barão de Queluz";"Conselheiro Lafaiete";BR;13;"2026-09-17 19:49:04";"2026-09-17 19:49:04";não
1709;771489466;Congestionamento;3;Alto;88;1.5;8.920;322;0.322;0;"R. Comendador Baeta Neves";"Conselheiro Lafaiete";BR;11;"2026-09-17 19:45:05";"2026-09-17 19:45:05";não
1711;771418918;Congestionamento;3;Alto;84;1.4;10.690;365;0.365;3;"R. Barão de Pouso Alegre";"Conselheiro Lafaiete";BR;4;"2026-09-17 19:45:05";"2026-09-17 19:49:04";não
1704;770703014;Congestionamento;3;Alto;77;1.3;10.310;344;0.344;6;"Pç. Barão de Queluz";"Conselheiro Lafaiete";BR;13;"2026-09-17 19:39:04";"2026-09-17 19:45:05";não
1701;770568938;Congestionamento;3;Alto;137;2.3;3.550;180;0.18;3;"R. Dr. Melo Viana";"Conselheiro Lafaiete";BR;8;"2026-09-17 19:35:05";"2026-09-17 19:39:04";não
1702;770526242;Congestionamento;3;Alto;99;1.7;6.550;227;0.227;10;"R. Dias de Souza";"Conselheiro Lafaiete";BR;6;"2026-09-17 19:35:05";"2026-09-17 19:45:05";não
1694;769001658;Congestionamento;3;Alto;103;1.7;9.500;427;0.427;0;"R. Tavares de Melo";"Conselheiro Lafaiete";BR;8;"2026-09-17 19:19:04";"2026-09-17 19:19:04";não
1688;767132036;Congestionamento;3;Alto;156;2.6;5.190;307;0.307;8;"R. São Jorge";"Conselheiro Lafaiete";BR;4;"2026-09-17 18:59:04";"2026-09-17 19:07:04";não
1686;766506688;Congestionamento;4;"Muito alto";126;2.1;9.430;396;0.396;2;;"Conselheiro Lafaiete";BR;6;"2026-09-17 18:53:04";"2026-09-17 18:55:05";não
1682;765720110;Congestionamento;4;"Muito alto";534;8.9;2.250;365;0.365;0;"R. Tavares de Melo";"Conselheiro Lafaiete";BR;7;"2026-09-17 18:45:04";"2026-09-17 18:45:04";não
1681;765322258;Congestionamento;3;Alto;82;1.4;12.550;444;0.444;2;"R. Benjamim Constant";"Conselheiro Lafaiete";BR;12;"2026-09-17 18:39:04";"2026-09-17 18:41:04";não
1680;764893418;Congestionamento;3;Alto;89;1.5;5.020;183;0.183;0;"R. Da. Rosa Dutra";"Conselheiro Lafaiete";BR;6;"2026-09-17 18:35:04";"2026-09-17 18:35:04";não
1674;763519480;Congestionamento;3;Alto;99;1.7;5.390;186;0.186;8;"R. Adolfo Siqueira";"Conselheiro Lafaiete";BR;6;"2026-09-17 18:21:04";"2026-09-17 18:29:04";não
1671;761702708;Congestionamento;3;Alto;83;1.4;7.940;330;0.33;0;"R. José Nicolau de Queiroz";"Conselheiro Lafaiete";BR;3;"2026-09-17 18:05:04";"2026-09-17 18:05:04";não
1668;761064680;Congestionamento;3;Alto;93;1.6;8.420;338;0.338;10;"R. Nossa Senhora da Conceição";"Conselheiro Lafaiete";BR;5;"2026-09-17 17:59:04";"2026-09-17 18:09:04";não
1663;759604268;Congestionamento;3;Alto;123;2.1;6.270;330;0.33;0;"R. José Nicolau de Queiroz";"Conselheiro Lafaiete";BR;3;"2026-09-17 17:45:06";"2026-09-17 17:45:06";não
1658;758320240;Congestionamento;3;Alto;174;2.9;4.870;318;0.318;4;"R. Santo Antônio de Pádua";"Conselheiro Lafaiete";BR;8;"2026-09-17 17:35:04";"2026-09-17 17:39:04";não
1655;757291826;Congestionamento;3;Alto;166;2.8;5.840;475;0.475;6;"R. Maria Amélia";"Conselheiro Lafaiete";BR;8;"2026-09-17 17:29:04";"2026-09-17 17:35:04";não
1649;756589050;Congestionamento;3;Alto;94;1.6;6.420;222;0.222;2;"R. Adolfo Siqueira";"Conselheiro Lafaiete";BR;4;"2026-09-17 17:23:04";"2026-09-17 17:25:05";não
1650;756518332;Congestionamento;3;Alto;72;1.2;8.570;330;0.33;0;"R. José Nicolau de Queiroz";"Conselheiro Lafaiete";BR;3;"2026-09-17 17:23:04";"2026-09-17 17:23:04";não
1648;755802096;Congestionamento;3;Alto;93;1.6;7.430;330;0.33;0;"R. José Nicolau de Queiroz";"Conselheiro Lafaiete";BR;3;"2026-09-17 17:19:04";"2026-09-17 17:19:04";não
1644;754238294;Congestionamento;3;Alto;79;1.3;12.230;457;0.457;6;"Av. Prefeito Telésforo Cândido Resende";"Conselheiro Lafaiete";BR;9;"2026-09-17 17:09:04";"2026-09-17 17:15:05";não
1640;753751704;Congestionamento;3;Alto;70;1.2;18.050;892;0.892;0;"R. Da. Rosa Dutra";"Conselheiro Lafaiete";BR;19;"2026-09-17 17:05:04";"2026-09-17 17:05:04";não
1641;753218544;Congestionamento;3;Alto;106;1.8;7.280;294;0.294;0;"R. Ocílio Ferreira Gonçalves";"Conselheiro Lafaiete";BR;5;"2026-09-17 17:05:04";"2026-09-17 17:05:04";não
1635;752358670;Congestionamento;4;"Muito alto";200;3.3;3.820;251;0.251;0;"R. Narciso Jr.";"Conselheiro Lafaiete";BR;7;"2026-09-17 16:57:03";"2026-09-17 16:57:03";não
1627;748757732;Congestionamento;4;"Muito alto";270;4.5;2.130;178;0.178;6;"Al. das Paineiras";"Conselheiro Lafaiete";BR;3;"2026-09-17 16:39:04";"2026-09-17 16:45:05";não
1628;749088768;Congestionamento;3;Alto;100;1.7;9.670;464;0.464;0;"R. Barão de Pouso Alegre";"Conselheiro Lafaiete";BR;4;"2026-09-17 16:39:04";"2026-09-17 16:39:04";não
1629;749218274;Congestionamento;3;Alto;138;2.3;6.980;365;0.365;0;"R. Tavares de Melo";"Conselheiro Lafaiete";BR;7;"2026-09-17 16:39:04";"2026-09-17 16:39:04";não
1623;748184228;Congestionamento;3;Alto;106;1.8;4.120;158;0.158;6;"R. Benedito Alves Vieira";"Conselheiro Lafaiete";BR;2;"2026-09-17 16:33:03";"2026-09-17 16:39:04";não
1613;746158354;Congestionamento;3;Alto;142;2.4;3.740;201;0.201;10;"R. José Nicolau de Queiroz";"Conselheiro Lafaiete";BR;2;"2026-09-17 16:25:05";"2026-09-17 16:35:05";não
1614;746005220;Congestionamento;3;Alto;85;1.4;8.250;277;0.277;10;"R. Alfredo Elias Mafuz";"Conselheiro Lafaiete";BR;8;"2026-09-17 16:25:05";"2026-09-17 16:35:05";não
1615;746323366;Congestionamento;3;Alto;135;2.3;8.110;440;0.44;10;"R. Tavares de Melo";"Conselheiro Lafaiete";BR;10;"2026-09-17 16:25:05";"2026-09-17 16:35:05";não
1611;745386062;Congestionamento;3;Alto;99;1.7;4.840;201;0.201;0;"R. José Nicolau de Queiroz";"Conselheiro Lafaiete";BR;2;"2026-09-17 16:21:04";"2026-09-17 16:21:04";não
1612;745188034;Congestionamento;3;Alto;101;1.7;4.570;163;0.163;0;"R. Bias Fortes";"Conselheiro Lafaiete";BR;2;"2026-09-17 16:21:04";"2026-09-17 16:21:04";não
1602;744200440;Congestionamento;3;Alto;126;2.1;3.800;169;0.169;10;"R. Luiz Radamés de Araújo";"Conselheiro Lafaiete";BR;5;"2026-09-17 16:15:04";"2026-09-17 16:25:05";não
1604;743911270;Congestionamento;3;Alto;92;1.5;4.580;165;0.165;14;"R. Dr. José Lopes de Assis";"Conselheiro Lafaiete";BR;6;"2026-09-17 16:15:04";"2026-09-17 16:29:04";não
1606;744127596;Congestionamento;3;Alto;383;6.4;1.940;283;0.283;0;"R. Ito Alves";"Conselheiro Lafaiete";BR;5;"2026-09-17 16:15:04";"2026-09-17 16:15:04";não
1607;743884780;Congestionamento;4;"Muito alto";202;3.4;6.160;421;0.421;20;"Av. Monsenhor Moreira";"Conselheiro Lafaiete";BR;18;"2026-09-17 16:15:04";"2026-09-17 16:35:05";não
1608;744199168;Congestionamento;3;Alto;98;1.6;11.580;396;0.396;0;;"Conselheiro Lafaiete";BR;6;"2026-09-17 16:15:04";"2026-09-17 16:15:04";não
1610;743903112;Congestionamento;3;Alto;110;1.8;10.960;533;0.533;0;"R. Nivaldo Ribeiro Lelis";"Conselheiro Lafaiete";BR;6;"2026-09-17 16:15:04";"2026-09-17 16:15:04";não
1601;743110684;Congestionamento;3;Alto;88;1.5;8.690;382;0.382;0;"R. João Franco Ribeiro";"Conselheiro Lafaiete";BR;9;"2026-09-17 16:11:04";"2026-09-17 16:11:04";não
1597;742709294;Congestionamento;3;Alto;101;1.7;7.300;274;0.274;2;"R. Cefisa Viana";"Conselheiro Lafaiete";BR;4;"2026-09-17 16:09:04";"2026-09-17 16:11:04";não
1598;743072476;Congestionamento;3;Alto;123;2.1;4.160;201;0.201;0;"R. José Nicolau de Queiroz";"Conselheiro Lafaiete";BR;2;"2026-09-17 16:09:04";"2026-09-17 16:09:04";não
1595;741805946;Congestionamento;3;Alto;148;2.5;10.100;598;0.598;9;"R. Pe. Lobo";"Conselheiro Lafaiete";BR;10;"2026-09-17 16:05:05";"2026-09-17 16:15:04";não
1590;740882472;Congestionamento;3;Alto;88;1.5;8.050;274;0.274;4;"Av. Furtado";"Conselheiro Lafaiete";BR;6;"2026-09-17 16:01:04";"2026-09-17 16:05:05";não
1591;741036998;Congestionamento;4;"Muito alto";119;2;5.910;252;0.252;0;"R. Dias de Souza";"Conselheiro Lafaiete";BR;8;"2026-09-17 16:01:04";"2026-09-17 16:01:04";não
1592;740839060;Congestionamento;3;Alto;86;1.4;7.130;268;0.268;0;"R. Bias Fortes";"Conselheiro Lafaiete";BR;5;"2026-09-17 16:01:04";"2026-09-17 16:01:04";não
1593;741044980;Congestionamento;3;Alto;91;1.5;4.590;165;0.165;4;"R. Dr. José Lopes de Assis";"Conselheiro Lafaiete";BR;6;"2026-09-17 16:01:04";"2026-09-17 16:05:05";não
1586;740460694;Congestionamento;4;"Muito alto";203;3.4;5.740;390;0.39;0;"R. Lopes Franco";"Conselheiro Lafaiete";BR;4;"2026-09-17 15:57:04";"2026-09-17 15:57:04";não
1587;739545032;Congestionamento;3;Alto;101;1.7;12.100;598;0.598;28;"Av. Prof. Manoel Martins";"Conselheiro Lafaiete";BR;12;"2026-09-17 15:57:04";"2026-09-17 16:25:05";não
1588;739571560;Congestionamento;3;Alto;73;1.2;7.380;259;0.259;4;"R. Francisco Lourenço de Barros";"Conselheiro Lafaiete";BR;6;"2026-09-17 15:57:04";"2026-09-17 16:01:04";não
1584;738857622;Congestionamento;4;"Muito alto";134;2.2;5.200;228;0.228;4;"R. Francisco Lobo";"Conselheiro Lafaiete";BR;7;"2026-09-17 15:53:04";"2026-09-17 15:57:04";não
1579;736678506;Congestionamento;4;"Muito alto";322;5.4;2.570;259;0.259;32;"R. Francisco Lourenço de Barros";"Conselheiro Lafaiete";BR;6;"2026-09-17 15:43:03";"2026-09-17 16:15:04";não
1575;734898056;Congestionamento;3;Alto;95;1.6;7.560;290;0.29;25;"R. Santa Efigênia";"Conselheiro Lafaiete";BR;8;"2026-09-17 15:35:05";"2026-09-17 16:01:04";não
1574;732704018;Congestionamento;4;"Muito alto";377;6.3;2.230;259;0.259;8;"R. Francisco Lourenço de Barros";"Conselheiro Lafaiete";BR;6;"2026-09-17 15:31:04";"2026-09-17 15:39:04";não
1566;729176116;Congestionamento;3;Alto;114;1.9;13.720;713;0.713;6;"R. Santa Matilde";"Conselheiro Lafaiete";BR;14;"2026-09-17 15:13:04";"2026-09-17 15:19:04";não
1560;727599306;Congestionamento;3;Alto;115;1.9;11.700;551;0.551;0;"R. Benjamim Constant";"Conselheiro Lafaiete";BR;15;"2026-09-17 15:05:05";"2026-09-17 15:05:05";não
1561;727531744;"Interdição antiga";5;Parado;;;0.000;129;0.129;0;"R. Djalma Duarte";"Conselheiro Lafaiete";BR;3;"2026-09-17 15:05:05";"2026-09-17 15:05:05";não
1562;727745710;"Interdição antiga";5;Parado;;;0.000;156;0.156;21;"R. Valério Eugênio";"Conselheiro Lafaiete";BR;4;"2026-09-17 15:05:05";"2026-09-17 15:27:04";não
1558;726921582;Congestionamento;4;"Muito alto";401;6.7;1.470;181;0.181;2;"R. Bias Fortes";"Conselheiro Lafaiete";BR;4;"2026-09-17 15:03:04";"2026-09-17 15:05:05";não
1556;725762450;Congestionamento;3;Alto;86;1.4;7.530;252;0.252;0;"R. Dias de Souza";"Conselheiro Lafaiete";BR;8;"2026-09-17 14:59:04";"2026-09-17 14:59:04";não
1557;725991406;Congestionamento;3;Alto;97;1.6;6.340;266;0.266;6;"R. Santo Antônio de Pádua";"Conselheiro Lafaiete";BR;7;"2026-09-17 14:59:04";"2026-09-17 15:05:05";não
1551;723503084;Congestionamento;4;"Muito alto";129;2.2;3.380;152;0.152;0;"R. Murilo Augusto de Rezende";"Conselheiro Lafaiete";BR;3;"2026-09-17 14:49:04";"2026-09-17 14:49:04";não
1546;722990358;Congestionamento;3;Alto;115;1.9;8.460;377;0.377;0;"Av. Mal. Floriano Peixoto";"Conselheiro Lafaiete";BR;7;"2026-09-17 14:45:05";"2026-09-17 14:45:05";não
1543;721848166;Congestionamento;3;Alto;92;1.5;8.030;295;0.295;0;"R. Adolfo Siqueira";"Conselheiro Lafaiete";BR;9;"2026-09-17 14:39:03";"2026-09-17 14:39:03";não
1544;722014170;Congestionamento;3;Alto;116;1.9;11.650;551;0.551;36;"R. Benjamim Constant";"Conselheiro Lafaiete";BR;15;"2026-09-17 14:39:03";"2026-09-17 15:15:05";não
1540;719874756;Congestionamento;3;Alto;93;1.6;8.310;400;0.4;2;"R. Dr. Campolina";"Conselheiro Lafaiete";BR;6;"2026-09-17 14:29:04";"2026-09-17 14:31:04";não
1536;718346938;Congestionamento;3;Alto;115;1.9;3.800;185;0.185;6;"Al. das Paineiras";"Conselheiro Lafaiete";BR;9;"2026-09-17 14:25:04";"2026-09-17 14:31:04";não
1537;718471756;Congestionamento;3;Alto;95;1.6;9.090;365;0.365;0;"R. Tavares de Melo";"Conselheiro Lafaiete";BR;7;"2026-09-17 14:25:04";"2026-09-17 14:25:04";não
1535;718608962;Congestionamento;3;Alto;106;1.8;4.970;191;0.191;6;"R. Joemy Faria";"Conselheiro Lafaiete";BR;7;"2026-09-17 14:25:04";"2026-09-17 14:31:04";não
1533;715559910;Congestionamento;3;Alto;118;2;6.300;252;0.252;2;"R. Francisco Lobo";"Conselheiro Lafaiete";BR;7;"2026-09-17 14:09:03";"2026-09-17 14:11:04";não
1534;715284138;Congestionamento;3;Alto;101;1.7;12.780;551;0.551;2;"R. Benjamim Constant";"Conselheiro Lafaiete";BR;15;"2026-09-17 14:09:03";"2026-09-17 14:11:04";não
1529;712467960;Congestionamento;3;Alto;99;1.7;4.630;163;0.163;2;"R. Bias Fortes";"Conselheiro Lafaiete";BR;2;"2026-09-17 13:53:04";"2026-09-17 13:55:04";não
1523;709440624;Congestionamento;3;Alto;209;3.5;7.520;598;0.598;16;"Av. Prof. Manoel Martins";"Conselheiro Lafaiete";BR;12;"2026-09-17 13:39:04";"2026-09-17 13:55:04";não
1517;707983200;Congestionamento;3;Alto;97;1.6;9.040;371;0.371;10;"R. João Cunha";"Conselheiro Lafaiete";BR;7;"2026-09-17 13:29:03";"2026-09-17 13:39:04";não
1510;705144448;Congestionamento;3;Alto;105;1.8;5.940;325;0.325;0;"R. Alcides Rodrigues de Oliveira";"Conselheiro Lafaiete";BR;7;"2026-09-17 13:13:04";"2026-09-17 13:13:04";não
1500;703601798;Congestionamento;3;Alto;91;1.5;7.280;252;0.252;2;"R. Dias de Souza";"Conselheiro Lafaiete";BR;8;"2026-09-17 13:03:03";"2026-09-17 13:05:04";não
1495;701693830;Congestionamento;3;Alto;92;1.5;12.530;487;0.487;0;"R. Benjamim Constant";"Conselheiro Lafaiete";BR;13;"2026-09-17 12:55:04";"2026-09-17 12:55:04";não
1492;700905164;Congestionamento;3;Alto;94;1.6;9.150;365;0.365;0;"R. Tavares de Melo";"Conselheiro Lafaiete";BR;7;"2026-09-17 12:49:04";"2026-09-17 12:49:04";não
1493;701199382;Congestionamento;3;Alto;69;1.2;7.640;255;0.255;2;"R. Jacinto Siqueira";"Conselheiro Lafaiete";BR;5;"2026-09-17 12:49:04";"2026-09-17 12:51:05";não
1489;699849774;Congestionamento;3;Alto;93;1.6;9.210;365;0.365;4;"R. Tavares de Melo";"Conselheiro Lafaiete";BR;7;"2026-09-17 12:41:04";"2026-09-17 12:45:05";não
1488;699167458;Congestionamento;3;Alto;182;3;4.100;340;0.34;8;"R. Melvin Jones";"Conselheiro Lafaiete";BR;6;"2026-09-17 12:37:04";"2026-09-17 12:45:05";não
1483;697964762;Congestionamento;3;Alto;119;2;10.200;468;0.468;6;"R. Antônio de Rezende Neiva";"Conselheiro Lafaiete";BR;5;"2026-09-17 12:29:03";"2026-09-17 12:35:04";não
1480;697035482;Congestionamento;3;Alto;93;1.6;13.450;551;0.551;16;"R. Benjamim Constant";"Conselheiro Lafaiete";BR;15;"2026-09-17 12:25:04";"2026-09-17 12:41:04";não
1481;696946046;Congestionamento;3;Alto;91;1.5;6.420;244;0.244;6;"R. João Barbeiro";"Conselheiro Lafaiete";BR;4;"2026-09-17 12:25:04";"2026-09-17 12:31:04";não
1476;696671572;Congestionamento;3;Alto;126;2.1;5.360;232;0.232;0;"R. Adolfo Siqueira";"Conselheiro Lafaiete";BR;3;"2026-09-17 12:21:04";"2026-09-17 12:21:04";não
1478;696449272;Congestionamento;3;Alto;114;1.9;6.300;256;0.256;4;"R. Duque de Caxias";"Conselheiro Lafaiete";BR;5;"2026-09-17 12:21:04";"2026-09-17 12:25:04";não
1472;694239778;Congestionamento;4;"Muito alto";286;4.8;9.770;965;0.965;0;"MG-129 Rod. Eng. Ary Belisário";"Conselheiro Lafaiete";BR;16;"2026-09-17 12:07:04";"2026-09-17 12:07:04";não
1471;693335716;Congestionamento;3;Alto;109;1.8;11.560;598;0.598;14;"Av. Prof. Manoel Martins";"Conselheiro Lafaiete";BR;12;"2026-09-17 11:59:04";"2026-09-17 12:13:04";não
1470;692343144;Congestionamento;3;Alto;116;1.9;6.040;271;0.271;0;"R. João Evangelista";"Conselheiro Lafaiete";BR;4;"2026-09-17 11:53:04";"2026-09-17 11:53:04";não
1462;689897354;Congestionamento;3;Alto;92;1.5;8.170;280;0.28;0;"Av. Prof. Manoel Martins";"Conselheiro Lafaiete";BR;5;"2026-09-17 11:33:04";"2026-09-17 11:33:04";não
1463;689787408;Congestionamento;3;Alto;87;1.5;7.190;244;0.244;8;"R. Duque de Caxias";"Conselheiro Lafaiete";BR;5;"2026-09-17 11:33:04";"2026-09-17 11:41:04";não
1458;688119060;Congestionamento;3;Alto;94;1.6;6.360;238;0.238;0;"R. Santo Antônio de Pádua";"Conselheiro Lafaiete";BR;4;"2026-09-17 11:21:04";"2026-09-17 11:21:04";não
1457;687744044;Congestionamento;4;"Muito alto";131;2.2;4.770;214;0.214;0;"R. Antônio Aureliano de Rezende";"Conselheiro Lafaiete";BR;6;"2026-09-17 11:19:03";"2026-09-17 11:19:03";não
1456;687521842;Congestionamento;3;Alto;156;2.6;4.500;340;0.34;0;"R. Melvin Jones";"Conselheiro Lafaiete";BR;6;"2026-09-17 11:15:05";"2026-09-17 11:15:05";não
1454;687420746;Congestionamento;3;Alto;93;1.6;7.810;283;0.283;8;"R. Cel. Albino";"Conselheiro Lafaiete";BR;6;"2026-09-17 11:13:04";"2026-09-17 11:21:04";não
1451;685786950;Congestionamento;3;Alto;85;1.4;4.840;165;0.165;18;"R. Dr. José Lopes de Assis";"Conselheiro Lafaiete";BR;6;"2026-09-17 11:03:04";"2026-09-17 11:21:04";não
1452;685806540;Congestionamento;3;Alto;153;2.6;8.710;570;0.57;0;"R. Tavares de Melo";"Conselheiro Lafaiete";BR;11;"2026-09-17 11:03:04";"2026-09-17 11:03:04";não
1447;684403658;Congestionamento;3;Alto;94;1.6;5.740;195;0.195;6;"R. Tavares de Melo";"Conselheiro Lafaiete";BR;5;"2026-09-17 10:53:04";"2026-09-17 10:59:04";não
1448;684556966;Congestionamento;4;"Muito alto";97;1.6;4.500;235;0.235;6;"R. Amadeu Correa";"Conselheiro Lafaiete";BR;5;"2026-09-17 10:53:04";"2026-09-17 10:59:04";não
1446;683919230;Congestionamento;3;Alto;76;1.3;7.120;249;0.249;4;;"Conselheiro Lafaiete";BR;19;"2026-09-17 10:49:04";"2026-09-17 10:53:04";não
1445;682589308;Congestionamento;4;"Muito alto";290;4.8;4.800;507;0.507;0;"R. Ver. José Boaventura Celestino";"Conselheiro Lafaiete";BR;11;"2026-09-17 10:39:04";"2026-09-17 10:39:04";não
1443;680220036;Congestionamento;3;Alto;107;1.8;9.310;427;0.427;4;"R. Tavares de Melo";"Conselheiro Lafaiete";BR;8;"2026-09-17 10:19:04";"2026-09-17 10:23:04";não
1440;679497210;Congestionamento;3;Alto;152;2.5;6.940;439;0.439;2;"R. Santo Antônio de Pádua";"Conselheiro Lafaiete";BR;9;"2026-09-17 10:13:03";"2026-09-17 10:15:04";não
1437;678996014;Congestionamento;4;"Muito alto";144;2.4;3.700;171;0.171;6;"R. Prof. Francisco Pena";"Conselheiro Lafaiete";BR;3;"2026-09-17 10:09:04";"2026-09-17 10:15:04";não
1438;679001060;Congestionamento;3;Alto;132;2.2;5.420;259;0.259;0;"R. Francisco Lourenço de Barros";"Conselheiro Lafaiete";BR;6;"2026-09-17 10:09:04";"2026-09-17 10:09:04";não
1436;678439912;Congestionamento;3;Alto;68;1.1;11.740;422;0.422;4;"R. Santa Efigênia";"Conselheiro Lafaiete";BR;11;"2026-09-17 10:05:04";"2026-09-17 10:09:04";não
1433;678092780;Congestionamento;3;Alto;100;1.7;4.310;165;0.165;18;"R. Dr. José Lopes de Assis";"Conselheiro Lafaiete";BR;6;"2026-09-17 10:01:04";"2026-09-17 10:19:04";não
1434;678216500;Congestionamento;3;Alto;90;1.5;6.670;251;0.251;4;"R. Santana";"Conselheiro Lafaiete";BR;7;"2026-09-17 10:01:04";"2026-09-17 10:05:04";não
1435;678122848;Congestionamento;3;Alto;136;2.3;9.180;491;0.491;8;"R. Dias de Souza";"Conselheiro Lafaiete";BR;10;"2026-09-17 10:01:04";"2026-09-17 10:09:04";não
1429;674846578;Congestionamento;3;Alto;111;1.9;6.950;283;0.283;8;"R. Samuel Vieira Rezende Paula";"Conselheiro Lafaiete";BR;5;"2026-09-17 09:27:04";"2026-09-17 09:35:04";não
1428;674582090;Congestionamento;4;"Muito alto";181;3;3.330;201;0.201;0;"R. Santo Antônio de Pádua";"Conselheiro Lafaiete";BR;6;"2026-09-17 09:23:04";"2026-09-17 09:23:04";não
1425;672797068;Congestionamento;3;Alto;140;2.3;13.280;447;0.447;10;MGC-482;"Conselheiro Lafaiete";BR;4;"2026-09-17 08:59:04";"2026-09-17 09:09:04";não
1419;632514192;"Interdição ativa";5;Parado;;;0.000;129;0.129;15744;"R. Djalma Duarte";"Conselheiro Lafaiete";BR;3;"2026-09-17 02:25:04";"2026-09-28 00:49:11";sim
1420;632552420;"Interdição antiga";5;Parado;;;0.000;133;0.133;2885;;"Conselheiro Lafaiete";BR;4;"2026-09-17 02:25:04";"2026-09-19 02:31:03";não
1421;632479850;"Interdição antiga";5;Parado;;;0.000;133;0.133;2885;;"Conselheiro Lafaiete";BR;4;"2026-09-17 02:25:04";"2026-09-19 02:31:03";não
1422;632495608;"Interdição ativa";5;Parado;;;0.000;156;0.156;15744;"R. Valério Eugênio";"Conselheiro Lafaiete";BR;4;"2026-09-17 02:25:04";"2026-09-28 00:49:11";sim
1418;632537242;"Interdição antiga";5;Parado;;;0.000;156;0.156;2888;"R. Valério Eugênio";"Conselheiro Lafaiete";BR;4;"2026-09-17 02:23:03";"2026-09-19 02:31:03";não
1413;630474742;Congestionamento;3;Alto;95;1.6;7.010;247;0.247;2;"R. Amazonas";"Conselheiro Lafaiete";BR;4;"2026-09-17 01:23:03";"2026-09-17 01:25:05";não
1409;627537758;Congestionamento;3;Alto;103;1.7;7.240;355;0.355;3;"R. Aristides Francisco Pinto";"Conselheiro Lafaiete";BR;5;"2026-09-17 00:31:05";"2026-09-17 00:35:04";não
1408;625394432;Congestionamento;3;Alto;100;1.7;4.970;168;0.168;12;"R. Nossa Senhora da Conceição";"Conselheiro Lafaiete";BR;3;"2026-09-17 00:03:04";"2026-09-17 00:15:05";não
1406;624582062;Congestionamento;3;Alto;136;2.3;7.130;366;0.366;10;"R. Cel. Albino";"Conselheiro Lafaiete";BR;7;"2026-09-16 23:53:04";"2026-09-17 00:03:04";não
1407;624524704;Congestionamento;3;Alto;98;1.6;7.510;261;0.261;0;"R. Benjamim Constant";"Conselheiro Lafaiete";BR;7;"2026-09-16 23:53:04";"2026-09-16 23:53:04";não
1404;622896748;Congestionamento;3;Alto;95;1.6;5.760;200;0.2;0;"R. Aimorés";"Conselheiro Lafaiete";BR;5;"2026-09-16 23:37:04";"2026-09-16 23:37:04";não
1403;622541672;Congestionamento;3;Alto;150;2.5;4.900;247;0.247;7;"R. Amazonas";"Conselheiro Lafaiete";BR;4;"2026-09-16 23:33:05";"2026-09-16 23:41:04";não
1401;621579872;Congestionamento;3;Alto;147;2.5;2.820;174;0.174;7;"R. Cassimiro Adriano da Silva";"Conselheiro Lafaiete";BR;3;"2026-09-16 23:21:05";"2026-09-16 23:29:04";não
1400;621177558;Congestionamento;3;Alto;186;3.1;9.470;920;0.92;10;"R. Alfredo Elias Mafuz";"Conselheiro Lafaiete";BR;23;"2026-09-16 23:19:04";"2026-09-16 23:29:04";não
1393;616767242;Congestionamento;3;Alto;142;2.4;7.970;439;0.439;12;"R. Afonso Pena";"Conselheiro Lafaiete";BR;8;"2026-09-16 22:37:04";"2026-09-16 22:49:04";não
1392;616537982;Congestionamento;3;Alto;101;1.7;4.940;171;0.171;12;"R. Da. Mariana Guimarães";"Conselheiro Lafaiete";BR;3;"2026-09-16 22:33:05";"2026-09-16 22:45:05";não
1390;615942624;Congestionamento;3;Alto;91;1.5;9.880;344;0.344;0;"R. Pe. Lobo";"Conselheiro Lafaiete";BR;4;"2026-09-16 22:29:04";"2026-09-16 22:29:04";não
1391;616161120;Congestionamento;4;"Muito alto";122;2;4.030;159;0.159;0;"R. Adolfo Siqueira";"Conselheiro Lafaiete";BR;2;"2026-09-16 22:29:04";"2026-09-16 22:29:04";não
1387;615600676;Congestionamento;4;"Muito alto";495;8.3;2.650;401;0.401;0;"Av. Mal. Floriano Peixoto";"Conselheiro Lafaiete";BR;6;"2026-09-16 22:25:06";"2026-09-16 22:25:06";não
1388;615608598;Congestionamento;3;Alto;153;2.6;7.340;479;0.479;0;"R. São Jorge";"Conselheiro Lafaiete";BR;8;"2026-09-16 22:25:06";"2026-09-16 22:25:06";não
1385;615043136;Congestionamento;3;Alto;116;1.9;7.470;406;0.406;6;"R. Benedito Alves Vieira";"Conselheiro Lafaiete";BR;7;"2026-09-16 22:23:04";"2026-09-16 22:29:04";não
1386;615078358;Congestionamento;3;Alto;106;1.8;7.190;283;0.283;6;"R. Samuel Vieira Rezende Paula";"Conselheiro Lafaiete";BR;5;"2026-09-16 22:23:04";"2026-09-16 22:29:04";não
1383;614543808;Congestionamento;4;"Muito alto";126;2.1;5.380;227;0.227;0;"R. Dias de Souza";"Conselheiro Lafaiete";BR;6;"2026-09-16 22:19:04";"2026-09-16 22:19:04";não
1379;614485770;Congestionamento;3;Alto;112;1.9;3.860;166;0.166;18;"R. João Santos";"Conselheiro Lafaiete";BR;5;"2026-09-16 22:15:04";"2026-09-16 22:33:05";não
1377;613612626;Congestionamento;3;Alto;83;1.4;9.280;322;0.322;0;"R. Comendador Baeta Neves";"Conselheiro Lafaiete";BR;11;"2026-09-16 22:11:04";"2026-09-16 22:11:04";não
1378;613767922;Congestionamento;3;Alto;81;1.4;9.990;344;0.344;0;"Pç. Barão de Queluz";"Conselheiro Lafaiete";BR;13;"2026-09-16 22:11:04";"2026-09-16 22:11:04";não
1371;613000250;Congestionamento;3;Alto;106;1.8;4.900;194;0.194;4;"R. Santana";"Conselheiro Lafaiete";BR;5;"2026-09-16 22:03:04";"2026-09-16 22:07:04";não
1372;612663868;Congestionamento;3;Alto;113;1.9;5.870;240;0.24;8;"Pç. São Sebastião";"Conselheiro Lafaiete";BR;10;"2026-09-16 22:03:04";"2026-09-16 22:11:04";não
1373;612882558;Congestionamento;3;Alto;93;1.6;5.880;209;0.209;0;"R. Barão de Suassuí";"Conselheiro Lafaiete";BR;2;"2026-09-16 22:03:04";"2026-09-16 22:03:04";não
1375;612992502;Congestionamento;3;Alto;119;2;6.030;266;0.266;0;"R. Monsenhor Barreto";"Conselheiro Lafaiete";BR;7;"2026-09-16 22:03:04";"2026-09-16 22:03:04";não
1368;612398588;Congestionamento;3;Alto;97;1.6;7.890;318;0.318;0;"R. Lopes Franco";"Conselheiro Lafaiete";BR;4;"2026-09-16 21:59:04";"2026-09-16 21:59:04";não
1365;611926186;Congestionamento;4;"Muito alto";117;2;4.840;195;0.195;0;"R. Dr. Wenceslau Braz";"Conselheiro Lafaiete";BR;4;"2026-09-16 21:55:07";"2026-09-16 21:55:07";não
1357;611155426;Congestionamento;3;Alto;75;1.3;11.960;407;0.407;2;"R. Francisco Lobo";"Conselheiro Lafaiete";BR;7;"2026-09-16 21:53:04";"2026-09-16 21:55:07";não
1358;611402466;Congestionamento;4;"Muito alto";70;1.2;6.720;232;0.232;6;"R. Dr. Campolina";"Conselheiro Lafaiete";BR;6;"2026-09-16 21:53:04";"2026-09-16 21:59:04";não
1354;610894154;Congestionamento;4;"Muito alto";104;1.7;4.290;151;0.151;6;"R. Canadá";"Conselheiro Lafaiete";BR;4;"2026-09-16 21:49:04";"2026-09-16 21:55:07";não
1353;610684492;Congestionamento;4;"Muito alto";140;2.3;3.960;201;0.201;0;;"Conselheiro Lafaiete";BR;18;"2026-09-16 21:45:04";"2026-09-16 21:45:04";não
1350;609951998;Congestionamento;3;Alto;115;1.9;3.890;165;0.165;0;"R. Dr. José Lopes de Assis";"Conselheiro Lafaiete";BR;6;"2026-09-16 21:43:04";"2026-09-16 21:43:04";não
1352;610105450;Congestionamento;4;"Muito alto";207;3.5;3.510;231;0.231;6;"R. José Felisberto";"Conselheiro Lafaiete";BR;2;"2026-09-16 21:43:04";"2026-09-16 21:49:04";não
1348;609538176;Congestionamento;3;Alto;112;1.9;3.960;165;0.165;0;"R. Dr. José Lopes de Assis";"Conselheiro Lafaiete";BR;6;"2026-09-16 21:39:04";"2026-09-16 21:39:04";não
1349;609745986;Congestionamento;3;Alto;81;1.4;10.040;344;0.344;0;"Pç. Barão de Queluz";"Conselheiro Lafaiete";BR;13;"2026-09-16 21:39:04";"2026-09-16 21:39:04";não
1342;609007130;Congestionamento;3;Alto;91;1.5;4.580;165;0.165;0;"R. Dr. José Lopes de Assis";"Conselheiro Lafaiete";BR;6;"2026-09-16 21:35:05";"2026-09-16 21:35:05";não
1339;608620852;Congestionamento;3;Alto;103;1.7;6.940;284;0.284;31;"Av. Prof. Manoel Martins";"Conselheiro Lafaiete";BR;7;"2026-09-16 21:32:04";"2026-09-16 22:03:04";não
1340;608479446;Congestionamento;4;"Muito alto";271;4.5;5.400;490;0.49;39;"R. Dias de Souza";"Conselheiro Lafaiete";BR;10;"2026-09-16 21:32:04";"2026-09-16 22:11:04";não
1337;608077354;Congestionamento;3;Alto;103;1.7;4.860;197;0.197;6;;"Conselheiro Lafaiete";BR;15;"2026-09-16 21:29:04";"2026-09-16 21:35:05";não
1333;607557942;Congestionamento;3;Alto;118;2;10.430;487;0.487;3;"R. Benjamim Constant";"Conselheiro Lafaiete";BR;13;"2026-09-16 21:25:05";"2026-09-16 21:29:04";não
1334;607432008;Congestionamento;3;Alto;123;2.1;5.600;244;0.244;0;"R. André Rodrigues da Silva";"Conselheiro Lafaiete";BR;8;"2026-09-16 21:25:05";"2026-09-16 21:25:05";não
1331;607382384;Congestionamento;3;Alto;104;1.7;6.310;244;0.244;17;"R. Eli do Nascimento";"Conselheiro Lafaiete";BR;3;"2026-09-16 21:21:05";"2026-09-16 21:39:04";não
1332;607294998;Congestionamento;3;Alto;104;1.7;6.620;262;0.262;4;"R. Valério Eugênio";"Conselheiro Lafaiete";BR;13;"2026-09-16 21:21:05";"2026-09-16 21:25:05";não
1329;606939420;Congestionamento;3;Alto;122;2;4.690;202;0.202;0;"R. Benjamin Granha Senra";"Conselheiro Lafaiete";BR;4;"2026-09-16 21:19:04";"2026-09-16 21:19:04";não
1330;606590650;Congestionamento;3;Alto;85;1.4;9.730;344;0.344;10;"Pç. Barão de Queluz";"Conselheiro Lafaiete";BR;13;"2026-09-16 21:19:04";"2026-09-16 21:29:04";não
1323;606351686;Congestionamento;3;Alto;159;2.7;8.580;538;0.538;6;"R. Dias de Souza";"Conselheiro Lafaiete";BR;13;"2026-09-16 21:15:04";"2026-09-16 21:21:05";não
1324;606311916;Congestionamento;4;"Muito alto";149;2.5;3.490;161;0.161;4;"R. Francisco Lobo";"Conselheiro Lafaiete";BR;3;"2026-09-16 21:15:04";"2026-09-16 21:19:04";não
1325;606242490;Congestionamento;3;Alto;107;1.8;7.590;307;0.307;0;"R. Olegário Pinto";"Conselheiro Lafaiete";BR;7;"2026-09-16 21:15:04";"2026-09-16 21:15:04";não
1326;606218330;Congestionamento;3;Alto;78;1.3;8.660;290;0.29;0;"R. Santa Efigênia";"Conselheiro Lafaiete";BR;8;"2026-09-16 21:15:04";"2026-09-16 21:15:04";não
1327;606207196;Congestionamento;3;Alto;109;1.8;5.450;227;0.227;10;"R. Maria Duarte Castanheira";"Conselheiro Lafaiete";BR;3;"2026-09-16 21:15:04";"2026-09-16 21:25:05";não
1320;605855572;Congestionamento;4;"Muito alto";116;1.9;5.470;245;0.245;0;;"Conselheiro Lafaiete";BR;15;"2026-09-16 21:11:04";"2026-09-16 21:11:04";não
1319;605328666;Congestionamento;3;Alto;88;1.5;7.740;284;0.284;18;"Av. Prof. Manoel Martins";"Conselheiro Lafaiete";BR;7;"2026-09-16 21:07:04";"2026-09-16 21:25:05";não
1315;604746362;Congestionamento;4;"Muito alto";136;2.3;3.490;151;0.151;0;"R. Santa Efigênia";"Conselheiro Lafaiete";BR;4;"2026-09-16 21:03:04";"2026-09-16 21:03:04";não
1311;604302628;Congestionamento;3;Alto;105;1.8;6.250;226;0.226;12;"R. Dr. Mário de Rezende Dutra";"Conselheiro Lafaiete";BR;4;"2026-09-16 20:59:04";"2026-09-16 21:11:04";não
1312;604396524;Congestionamento;4;"Muito alto";132;2.2;5.200;240;0.24;0;"Pç. São Sebastião";"Conselheiro Lafaiete";BR;10;"2026-09-16 20:59:04";"2026-09-16 20:59:04";não
1313;604083692;Congestionamento;3;Alto;79;1.3;14.170;720;0.72;36;"R. Santa Efigênia";"Conselheiro Lafaiete";BR;23;"2026-09-16 20:59:04";"2026-09-16 21:35:05";não
1304;603627674;Congestionamento;4;"Muito alto";106;1.8;4.640;166;0.166;0;"Pç. São Sebastião";"Conselheiro Lafaiete";BR;5;"2026-09-16 20:55:04";"2026-09-16 20:55:04";não
1305;603639578;Congestionamento;3;Alto;112;1.9;9.120;423;0.423;0;"R. Afonso Pena";"Conselheiro Lafaiete";BR;7;"2026-09-16 20:55:04";"2026-09-16 20:55:04";não
1307;603816214;Congestionamento;3;Alto;196;3.3;10.380;796;0.796;8;"R. Santa Matilde";"Conselheiro Lafaiete";BR;15;"2026-09-16 20:55:04";"2026-09-16 21:03:04";não
1308;603830572;Congestionamento;3;Alto;121;2;9.180;421;0.421;8;"Av. Monsenhor Moreira";"Conselheiro Lafaiete";BR;18;"2026-09-16 20:55:04";"2026-09-16 21:03:04";não
1309;603820206;Congestionamento;4;"Muito alto";110;1.8;4.170;152;0.152;0;"R. Wenceslau Braz";"Conselheiro Lafaiete";BR;5;"2026-09-16 20:55:04";"2026-09-16 20:55:04";não
1310;603456102;Congestionamento;3;Alto;103;1.7;11.790;497;0.497;50;"R. Benjamim Constant";"Conselheiro Lafaiete";BR;14;"2026-09-16 20:55:04";"2026-09-16 21:45:04";não
1301;603352852;Congestionamento;4;"Muito alto";108;1.8;6.840;261;0.261;0;"Av. Monsenhor Moreira";"Conselheiro Lafaiete";BR;7;"2026-09-16 20:51:04";"2026-09-16 20:51:04";não
1302;603309658;Congestionamento;3;Alto;90;1.5;7.350;262;0.262;4;"R. Valério Eugênio";"Conselheiro Lafaiete";BR;13;"2026-09-16 20:51:04";"2026-09-16 20:55:04";não
1303;603351680;Congestionamento;3;Alto;90;1.5;10.350;370;0.37;0;"Av. Monsenhor Moreira";"Conselheiro Lafaiete";BR;16;"2026-09-16 20:51:04";"2026-09-16 20:51:04";não
1296;603001766;Congestionamento;3;Alto;82;1.4;7.840;262;0.262;0;"R. Valério Eugênio";"Conselheiro Lafaiete";BR;13;"2026-09-16 20:47:04";"2026-09-16 20:47:04";não
1297;602790996;Congestionamento;3;Alto;178;3;11.380;932;0.932;0;"R. Duque de Caxias";"Conselheiro Lafaiete";BR;17;"2026-09-16 20:47:04";"2026-09-16 20:47:04";não
1298;602873714;Congestionamento;3;Alto;94;1.6;7.080;256;0.256;0;"Pç. São Sebastião";"Conselheiro Lafaiete";BR;8;"2026-09-16 20:47:04";"2026-09-16 20:47:04";não
1290;602578090;Congestionamento;3;Alto;84;1.4;7.030;236;0.236;3;"Av. Prefeito Pedro Silva";"Conselheiro Lafaiete";BR;3;"2026-09-16 20:43:05";"2026-09-16 20:47:04";não
1291;602422340;Congestionamento;3;Alto;77;1.3;16.630;618;0.618;3;"BR-040 S Rod. Pres. Juscelino Kubitschek";"Conselheiro Lafaiete";BR;8;"2026-09-16 20:43:05";"2026-09-16 20:47:04";não
1293;602605272;Congestionamento;3;Alto;96;1.6;8.780;294;0.294;0;"R. Fernanda Bedran Peixoto";"Conselheiro Lafaiete";BR;6;"2026-09-16 20:43:05";"2026-09-16 20:43:05";não
1294;602632824;Congestionamento;4;"Muito alto";238;4;2.150;165;0.165;11;"R. Dr. José Lopes de Assis";"Conselheiro Lafaiete";BR;6;"2026-09-16 20:43:05";"2026-09-16 20:55:04";não
1287;602044002;Congestionamento;4;"Muito alto";124;2.1;4.010;161;0.161;2;"R. Francisco Lourenço de Barros";"Conselheiro Lafaiete";BR;3;"2026-09-16 20:41:04";"2026-09-16 20:43:05";não
1285;602061200;Congestionamento;3;Alto;110;1.8;5.370;237;0.237;0;;"Conselheiro Lafaiete";BR;19;"2026-09-16 20:39:03";"2026-09-16 20:39:03";não
1281;601523858;Congestionamento;3;Alto;100;1.7;7.480;307;0.307;0;"R. Barão de Pouso Alegre";"Conselheiro Lafaiete";BR;3;"2026-09-16 20:37:03";"2026-09-16 20:37:03";não
1282;601795534;Congestionamento;3;Alto;119;2;6.980;344;0.344;2;"R. Josefina Martins";"Conselheiro Lafaiete";BR;9;"2026-09-16 20:37:03";"2026-09-16 20:39:03";não
1283;601756104;Congestionamento;3;Alto;102;1.7;10.360;523;0.523;10;"R. Amintas Junqueira";"Conselheiro Lafaiete";BR;18;"2026-09-16 20:37:03";"2026-09-16 20:47:04";não
1280;601060746;Congestionamento;3;Alto;107;1.8;4.930;201;0.201;3;"R. Dom Pedro I";"Conselheiro Lafaiete";BR;3;"2026-09-16 20:33:05";"2026-09-16 20:37:03";não
1279;601022852;Congestionamento;3;Alto;149;2.5;3.930;211;0.211;0;"R. Santo Antônio de Pádua";"Conselheiro Lafaiete";BR;5;"2026-09-16 20:33:05";"2026-09-16 20:33:05";não
1275;600563552;Congestionamento;3;Alto;93;1.6;4.650;162;0.162;4;"Al. das Acácias";"Conselheiro Lafaiete";BR;4;"2026-09-16 20:29:05";"2026-09-16 20:33:05";não
1271;600320610;Congestionamento;3;Alto;116;1.9;6.450;276;0.276;0;"R. Dias de Souza";"Conselheiro Lafaiete";BR;10;"2026-09-16 20:25:06";"2026-09-16 20:25:06";não
1273;600568658;Congestionamento;3;Alto;153;2.6;7.680;421;0.421;17;"Av. Monsenhor Moreira";"Conselheiro Lafaiete";BR;18;"2026-09-16 20:25:06";"2026-09-16 20:43:05";não
1269;600069060;Congestionamento;3;Alto;84;1.4;9.770;344;0.344;30;"Pç. Barão de Queluz";"Conselheiro Lafaiete";BR;13;"2026-09-16 20:21:04";"2026-09-16 20:51:04";não
1270;600102910;Congestionamento;3;Alto;229;3.8;6.150;566;0.566;4;"R. Santo Antônio de Pádua";"Conselheiro Lafaiete";BR;11;"2026-09-16 20:21:04";"2026-09-16 20:25:06";não
1264;599828674;Congestionamento;3;Alto;89;1.5;4.670;165;0.165;4;"R. Dr. José Lopes de Assis";"Conselheiro Lafaiete";BR;6;"2026-09-16 20:17:04";"2026-09-16 20:21:04";não
1267;599539910;Congestionamento;4;"Muito alto";234;3.9;2.780;203;0.203;16;"Pç. São Sebastião";"Conselheiro Lafaiete";BR;7;"2026-09-16 20:17:04";"2026-09-16 20:33:05";não
1259;599348374;Congestionamento;3;Alto;143;2.4;6.160;344;0.344;3;"R. Josefina Martins";"Conselheiro Lafaiete";BR;9;"2026-09-16 20:13:05";"2026-09-16 20:17:04";não
1260;599460682;Congestionamento;3;Alto;113;1.9;6.890;302;0.302;16;"R. Horácio de Queiroz";"Conselheiro Lafaiete";BR;5;"2026-09-16 20:13:05";"2026-09-16 20:29:05";não
1261;599332552;Congestionamento;3;Alto;104;1.7;12.030;556;0.556;3;"R. Dias de Souza";"Conselheiro Lafaiete";BR;12;"2026-09-16 20:13:05";"2026-09-16 20:17:04";não
1262;599355370;Congestionamento;4;"Muito alto";115;1.9;6.160;231;0.231;0;"R. Francisco Lobo";"Conselheiro Lafaiete";BR;7;"2026-09-16 20:13:05";"2026-09-16 20:13:05";não
1252;599004510;Congestionamento;3;Alto;86;1.4;5.740;194;0.194;0;"R. Santana";"Conselheiro Lafaiete";BR;5;"2026-09-16 20:09:04";"2026-09-16 20:09:04";não
1253;598845280;Congestionamento;3;Alto;92;1.5;12.590;677;0.677;4;"R. Santa Efigênia";"Conselheiro Lafaiete";BR;20;"2026-09-16 20:09:04";"2026-09-16 20:13:05";não
1255;598906660;Congestionamento;3;Alto;96;1.6;7.290;284;0.284;24;"Av. Prof. Manoel Martins";"Conselheiro Lafaiete";BR;7;"2026-09-16 20:09:04";"2026-09-16 20:33:05";não
1249;598543930;Congestionamento;3;Alto;202;3.4;4.680;357;0.357;33;"R. Alfredo Elias Mafuz";"Conselheiro Lafaiete";BR;11;"2026-09-16 20:05:05";"2026-09-16 20:39:03";não
1250;598555282;Congestionamento;3;Alto;87;1.5;5.700;194;0.194;0;"R. Santana";"Conselheiro Lafaiete";BR;5;"2026-09-16 20:05:05";"2026-09-16 20:05:05";não
1242;598297884;Congestionamento;3;Alto;78;1.3;9.120;306;0.306;2;"R. André Rodrigues da Silva";"Conselheiro Lafaiete";BR;8;"2026-09-16 20:03:04";"2026-09-16 20:05:05";não
1243;598471228;Congestionamento;3;Alto;68;1.1;9.060;317;0.317;10;"R. São Jorge";"Conselheiro Lafaiete";BR;5;"2026-09-16 20:03:04";"2026-09-16 20:13:05";não
1244;598139354;Congestionamento;3;Alto;137;2.3;3.380;165;0.165;2;"R. Dr. José Lopes de Assis";"Conselheiro Lafaiete";BR;6;"2026-09-16 20:03:04";"2026-09-16 20:05:05";não
1245;598525490;Congestionamento;3;Alto;101;1.7;5.050;186;0.186;10;"R. Adolfo Siqueira";"Conselheiro Lafaiete";BR;5;"2026-09-16 20:03:04";"2026-09-16 20:13:05";não
1246;598443860;Congestionamento;3;Alto;140;2.3;4.180;203;0.203;2;"R. Francisco Lobo";"Conselheiro Lafaiete";BR;4;"2026-09-16 20:03:04";"2026-09-16 20:05:05";não
1239;597735034;Congestionamento;3;Alto;82;1.4;5.900;201;0.201;4;"R. Dom Pedro I";"Conselheiro Lafaiete";BR;3;"2026-09-16 19:55:04";"2026-09-16 19:59:04";não
1234;597426832;Congestionamento;3;Alto;85;1.4;10.080;382;0.382;12;"R. Santa Efigênia";"Conselheiro Lafaiete";BR;13;"2026-09-16 19:53:04";"2026-09-16 20:05:05";não
1235;597677696;Congestionamento;4;"Muito alto";250;4.2;4.330;353;0.353;6;"R. Arthur Bernardes";"Conselheiro Lafaiete";BR;9;"2026-09-16 19:53:04";"2026-09-16 19:59:04";não
1236;597492082;Congestionamento;3;Alto;101;1.7;11.500;538;0.538;0;"R. Dias de Souza";"Conselheiro Lafaiete";BR;13;"2026-09-16 19:53:04";"2026-09-16 19:53:04";não
1232;597134652;Congestionamento;3;Alto;135;2.3;7.610;418;0.418;8;"R. Alexandrina Nogueira de Queiroz";"Conselheiro Lafaiete";BR;7;"2026-09-16 19:47:03";"2026-09-16 19:55:04";não
1226;596366762;Congestionamento;3;Alto;164;2.7;8.840;556;0.556;7;"R. Dias de Souza";"Conselheiro Lafaiete";BR;12;"2026-09-16 19:39:05";"2026-09-16 19:47:03";não
1227;596235652;Congestionamento;4;"Muito alto";132;2.2;4.010;204;0.204;7;"R. Dr. Campolina";"Conselheiro Lafaiete";BR;5;"2026-09-16 19:39:05";"2026-09-16 19:47:03";não
1222;596213582;Congestionamento;3;Alto;107;1.8;7.840;319;0.319;23;"Av. Furtado";"Conselheiro Lafaiete";BR;6;"2026-09-16 19:35:05";"2026-09-16 19:59:04";não
1224;596201830;Congestionamento;4;"Muito alto";251;4.2;1.440;107;0.107;14;"Av. Furtado";"Conselheiro Lafaiete";BR;3;"2026-09-16 19:35:05";"2026-09-16 19:49:05";não
1219;595867366;Congestionamento;3;Alto;101;1.7;5.590;203;0.203;8;"R. São Cristovão";"Conselheiro Lafaiete";BR;5;"2026-09-16 19:31:05";"2026-09-16 19:39:05";não
1217;595334444;Congestionamento;3;Alto;147;2.5;9.810;551;0.551;73;"R. Benjamim Constant";"Conselheiro Lafaiete";BR;15;"2026-09-16 19:27:05";"2026-09-16 20:41:04";não
1216;595127248;Congestionamento;3;Alto;97;1.6;4.660;156;0.156;3;"R. Antônio Reis";"Conselheiro Lafaiete";BR;2;"2026-09-16 19:23:06";"2026-09-16 19:27:05";não
1212;594296628;Congestionamento;3;Alto;102;1.7;4.370;157;0.157;0;"R. Firmino Lana";"Conselheiro Lafaiete";BR;3;"2026-09-16 19:09:04";"2026-09-16 19:09:04";não
1201;593340844;Congestionamento;3;Alto;97;1.6;10.170;387;0.387;2;"R. Benjamim Constant";"Conselheiro Lafaiete";BR;11;"2026-09-16 18:57:04";"2026-09-16 18:59:04";não
1199;592795328;Congestionamento;3;Alto;86;1.4;4.770;165;0.165;12;"R. Dr. José Lopes de Assis";"Conselheiro Lafaiete";BR;6;"2026-09-16 18:53:04";"2026-09-16 19:05:06";não
1200;592963360;Congestionamento;3;Alto;121;2;9.320;596;0.596;6;"R. Alfredo Elias Mafuz";"Conselheiro Lafaiete";BR;18;"2026-09-16 18:53:04";"2026-09-16 18:59:04";não
1195;592458804;Congestionamento;3;Alto;87;1.5;7.960;282;0.282;0;"R. Da. Mariana Guimarães";"Conselheiro Lafaiete";BR;6;"2026-09-16 18:49:05";"2026-09-16 18:49:05";não
1194;592303990;"Interdição antiga";5;Parado;;;0.000;134;0.134;61;"R. Pio XII";"Conselheiro Lafaiete";BR;4;"2026-09-16 18:45:06";"2026-09-16 19:47:03";não
1192;592201508;Congestionamento;3;Alto;94;1.6;6.550;223;0.223;0;"R. Ruth de Souza";"Conselheiro Lafaiete";BR;8;"2026-09-16 18:43:04";"2026-09-16 18:43:04";não
1187;590984774;Congestionamento;3;Alto;110;1.8;12.060;551;0.551;24;"R. Benjamim Constant";"Conselheiro Lafaiete";BR;15;"2026-09-16 18:29:04";"2026-09-16 18:53:04";não
1185;590753594;Congestionamento;4;"Muito alto";408;6.8;1.680;211;0.211;0;"R. Santo Antônio de Pádua";"Conselheiro Lafaiete";BR;5;"2026-09-16 18:25:04";"2026-09-16 18:25:04";não
1179;589758512;Congestionamento;3;Alto;100;1.7;9.460;352;0.352;2;"R. Benjamim Constant";"Conselheiro Lafaiete";BR;9;"2026-09-16 18:13:05";"2026-09-16 18:15:06";não
1182;589639258;Congestionamento;3;Alto;70;1.2;8.670;330;0.33;15;"R. José Nicolau de Queiroz";"Conselheiro Lafaiete";BR;3;"2026-09-16 18:13:05";"2026-09-16 18:29:04";não
1178;588226368;Congestionamento;3;Alto;103;1.7;8.600;365;0.365;4;"R. Tavares de Melo";"Conselheiro Lafaiete";BR;7;"2026-09-16 18:01:04";"2026-09-16 18:05:05";não
1177;588307146;Congestionamento;3;Alto;109;1.8;7.330;328;0.328;0;"R. Aristides Francisco Pinto";"Conselheiro Lafaiete";BR;6;"2026-09-16 17:57:04";"2026-09-16 17:57:04";não
1171;587338424;Congestionamento;3;Alto;104;1.7;11.900;598;0.598;12;"Av. Prof. Manoel Martins";"Conselheiro Lafaiete";BR;12;"2026-09-16 17:49:04";"2026-09-16 18:01:04";não
1167;586792992;Congestionamento;3;Alto;117;2;8.500;383;0.383;8;"R. Ver. Wanderley José de Faria";"Conselheiro Lafaiete";BR;12;"2026-09-16 17:41:04";"2026-09-16 17:49:04";não
1168;586528508;Congestionamento;3;Alto;149;2.5;6.330;383;0.383;4;"R. Santo Antônio de Pádua";"Conselheiro Lafaiete";BR;9;"2026-09-16 17:41:04";"2026-09-16 17:45:05";não
1159;585405380;Congestionamento;4;"Muito alto";827;13.8;1.290;340;0.34;0;"R. Melvin Jones";"Conselheiro Lafaiete";BR;6;"2026-09-16 17:31:04";"2026-09-16 17:31:04";não
1162;585263478;Congestionamento;3;Alto;107;1.8;8.370;365;0.365;0;"R. Tavares de Melo";"Conselheiro Lafaiete";BR;7;"2026-09-16 17:31:04";"2026-09-16 17:31:04";não
1155;584744158;Congestionamento;3;Alto;99;1.7;7.170;330;0.33;0;"R. José Nicolau de Queiroz";"Conselheiro Lafaiete";BR;3;"2026-09-16 17:23:04";"2026-09-16 17:23:04";não
1152;584071810;Congestionamento;3;Alto;148;2.5;3.350;180;0.18;0;"R. Dr. Melo Viana";"Conselheiro Lafaiete";BR;8;"2026-09-16 17:19:04";"2026-09-16 17:19:04";não
1153;583925816;Congestionamento;3;Alto;109;1.8;6.840;255;0.255;4;"R. Sílvio Rosa de Lima";"Conselheiro Lafaiete";BR;6;"2026-09-16 17:19:04";"2026-09-16 17:23:04";não
1150;583214324;Congestionamento;3;Alto;108;1.8;11.600;598;0.598;18;"Av. Prof. Manoel Martins";"Conselheiro Lafaiete";BR;12;"2026-09-16 17:13:04";"2026-09-16 17:31:04";não
1141;580721276;Congestionamento;4;"Muito alto";116;1.9;4.760;188;0.188;6;"Al. Dois de Novembro";"Conselheiro Lafaiete";BR;5;"2026-09-16 16:53:03";"2026-09-16 16:59:04";não
1143;580355330;Congestionamento;3;Alto;349;5.8;1.440;176;0.176;0;"R. Melvin Jones";"Conselheiro Lafaiete";BR;4;"2026-09-16 16:53:03";"2026-09-16 16:53:03";não
1133;578163108;Congestionamento;3;Alto;149;2.5;12.510;796;0.796;0;"R. Santa Matilde";"Conselheiro Lafaiete";BR;15;"2026-09-16 16:41:05";"2026-09-16 16:41:05";não
1131;578157064;Congestionamento;3;Alto;100;1.7;12.130;598;0.598;0;"Av. Prof. Manoel Martins";"Conselheiro Lafaiete";BR;12;"2026-09-16 16:37:04";"2026-09-16 16:37:04";não
1127;577289784;Congestionamento;3;Alto;131;2.2;12.020;639;0.639;0;"R. Santa Matilde";"Conselheiro Lafaiete";BR;12;"2026-09-16 16:33:05";"2026-09-16 16:33:05";não
1126;575955784;Congestionamento;3;Alto;105;1.8;7.350;292;0.292;9;"R. Amazonas";"Conselheiro Lafaiete";BR;5;"2026-09-16 16:27:05";"2026-09-16 16:37:04";não
1123;575825056;Congestionamento;4;"Muito alto";163;2.7;2.940;165;0.165;2;"R. Dr. José Lopes de Assis";"Conselheiro Lafaiete";BR;6;"2026-09-16 16:25:04";"2026-09-16 16:27:05";não
1120;575301546;Congestionamento;4;"Muito alto";829;13.8;1.090;261;0.261;6;"R. Francisco Lobo";"Conselheiro Lafaiete";BR;6;"2026-09-16 16:21:04";"2026-09-16 16:27:05";não
1122;575162908;Congestionamento;3;Alto;92;1.5;7.470;330;0.33;0;"R. José Nicolau de Queiroz";"Conselheiro Lafaiete";BR;3;"2026-09-16 16:21:04";"2026-09-16 16:21:04";não
1115;573143162;Congestionamento;3;Alto;115;1.9;11.190;598;0.598;22;"Av. Prof. Manoel Martins";"Conselheiro Lafaiete";BR;12;"2026-09-16 16:11:04";"2026-09-16 16:33:05";não
1114;572805820;Congestionamento;3;Alto;127;2.1;5.530;251;0.251;0;"R. Narciso Jr.";"Conselheiro Lafaiete";BR;7;"2026-09-16 16:09:03";"2026-09-16 16:09:03";não
1110;571393958;Congestionamento;3;Alto;110;1.8;9.200;407;0.407;3;"Av. Furtado";"Conselheiro Lafaiete";BR;7;"2026-09-16 16:05:04";"2026-09-16 16:09:03";não
1111;572313804;Congestionamento;3;Alto;77;1.3;8.450;284;0.284;0;"Av. Prof. Manoel Martins";"Conselheiro Lafaiete";BR;7;"2026-09-16 16:05:04";"2026-09-16 16:05:04";não
1112;571625926;Congestionamento;3;Alto;111;1.9;3.350;128;0.128;3;"R. Dom Silvério";"Conselheiro Lafaiete";BR;3;"2026-09-16 16:05:04";"2026-09-16 16:09:03";não
1108;571504818;Congestionamento;3;Alto;108;1.8;6.570;267;0.267;10;"R. Marilia Bernadina Lobo";"Conselheiro Lafaiete";BR;7;"2026-09-16 16:01:04";"2026-09-16 16:11:04";não
1102;571229126;Congestionamento;4;"Muito alto";81;1.4;6.170;232;0.232;2;"R. Dr. Campolina";"Conselheiro Lafaiete";BR;6;"2026-09-16 15:59:03";"2026-09-16 16:01:04";não
1104;570662508;Congestionamento;4;"Muito alto";121;2;4.090;161;0.161;12;"R. Francisco Lourenço de Barros";"Conselheiro Lafaiete";BR;3;"2026-09-16 15:59:03";"2026-09-16 16:11:04";não
1107;571245008;Congestionamento;3;Alto;106;1.8;11.800;532;0.532;2;"R. Santa Matilde";"Conselheiro Lafaiete";BR;11;"2026-09-16 15:59:03";"2026-09-16 16:01:04";não
1099;570624212;Congestionamento;3;Alto;94;1.6;5.530;185;0.185;0;"Pç. Barão de Queluz";"Conselheiro Lafaiete";BR;8;"2026-09-16 15:55:05";"2026-09-16 15:55:05";não
1100;570312998;Congestionamento;3;Alto;101;1.7;5.370;193;0.193;3;"Pç. Monsenhor Hermenegildo Adami de Carvalho";"Conselheiro Lafaiete";BR;10;"2026-09-16 15:55:05";"2026-09-16 15:59:03";não
1095;569721722;Congestionamento;3;Alto;82;1.4;9.940;344;0.344;0;"Pç. Barão de Queluz";"Conselheiro Lafaiete";BR;13;"2026-09-16 15:53:04";"2026-09-16 15:53:04";não
1097;569827488;Congestionamento;3;Alto;144;2.4;3.250;165;0.165;12;"R. Dr. José Lopes de Assis";"Conselheiro Lafaiete";BR;6;"2026-09-16 15:53:04";"2026-09-16 16:05:04";não
1092;569225994;Congestionamento;3;Alto;88;1.5;6.600;259;0.259;0;"R. Francisco Lourenço de Barros";"Conselheiro Lafaiete";BR;6;"2026-09-16 15:49:04";"2026-09-16 15:49:04";não
1094;569083670;Congestionamento;4;"Muito alto";125;2.1;3.760;154;0.154;0;"Av. Geraldo Marques";"Conselheiro Lafaiete";BR;3;"2026-09-16 15:49:04";"2026-09-16 15:49:04";não
1087;567577044;Congestionamento;3;Alto;92;1.5;10.550;387;0.387;4;"R. Benjamim Constant";"Conselheiro Lafaiete";BR;11;"2026-09-16 15:41:04";"2026-09-16 15:45:04";não
1085;566367204;Congestionamento;3;Alto;86;1.4;9.430;373;0.373;18;"R. Santa Efigênia";"Conselheiro Lafaiete";BR;9;"2026-09-16 15:37:04";"2026-09-16 15:55:05";não
1086;566347624;"Interdição antiga";5;Parado;;;0.000;156;0.156;642;"R. Valério Eugênio";"Conselheiro Lafaiete";BR;4;"2026-09-16 15:37:04";"2026-09-17 02:19:04";não
1083;565805042;Congestionamento;3;Alto;148;2.5;3.190;165;0.165;6;"R. Dr. José Lopes de Assis";"Conselheiro Lafaiete";BR;6;"2026-09-16 15:35:03";"2026-09-16 15:41:04";não
1084;565883334;Congestionamento;3;Alto;200;3.3;2.880;201;0.201;6;"R. José Nicolau de Queiroz";"Conselheiro Lafaiete";BR;2;"2026-09-16 15:35:03";"2026-09-16 15:41:04";não
1079;564551964;"Interdição antiga";5;Parado;;;0.000;102;0.102;58;"R. Barão de Coromandell";"Conselheiro Lafaiete";BR;2;"2026-09-16 15:27:04";"2026-09-16 16:25:04";não
1074;563827218;Congestionamento;3;Alto;97;1.6;11.890;504;0.504;0;"Av. Prof. Manoel Martins";"Conselheiro Lafaiete";BR;9;"2026-09-16 15:23:05";"2026-09-16 15:23:05";não
1076;563768750;Congestionamento;3;Alto;97;1.6;10.310;439;0.439;0;"R. Afonso Pena";"Conselheiro Lafaiete";BR;8;"2026-09-16 15:23:05";"2026-09-16 15:23:05";não
1073;563540802;Congestionamento;3;Alto;101;1.7;14.640;630;0.63;10;"Av. Da. Rosa Dutra";"Conselheiro Lafaiete";BR;20;"2026-09-16 15:21:04";"2026-09-16 15:31:04";não
1072;561813438;Congestionamento;3;Alto;100;1.7;6.780;252;0.252;6;"R. Dias de Souza";"Conselheiro Lafaiete";BR;8;"2026-09-16 15:17:04";"2026-09-16 15:23:05";não
1059;554313730;Congestionamento;4;"Muito alto";427;7.1;2.870;377;0.377;0;"Av. Mal. Floriano Peixoto";"Conselheiro Lafaiete";BR;7;"2026-09-16 14:35:04";"2026-09-16 14:35:04";não
1058;552486976;Congestionamento;3;Alto;88;1.5;9.020;349;0.349;0;"R. Francisco Lobo";"Conselheiro Lafaiete";BR;8;"2026-09-16 14:25:04";"2026-09-16 14:25:04";não
1057;552023724;Congestionamento;4;"Muito alto";117;2;4.100;163;0.163;8;"R. Santo Antônio de Pádua";"Conselheiro Lafaiete";BR;4;"2026-09-16 14:23:03";"2026-09-16 14:31:04";não
1053;550350302;Congestionamento;3;Alto;102;1.7;12.690;551;0.551;0;"R. Benjamim Constant";"Conselheiro Lafaiete";BR;15;"2026-09-16 14:15:05";"2026-09-16 14:15:05";não
1049;550090232;Congestionamento;3;Alto;127;2.1;10.540;598;0.598;0;"Av. Prof. Manoel Martins";"Conselheiro Lafaiete";BR;12;"2026-09-16 14:11:04";"2026-09-16 14:11:04";não
1050;549878452;Congestionamento;3;Alto;106;1.8;12.340;551;0.551;0;"R. Benjamim Constant";"Conselheiro Lafaiete";BR;15;"2026-09-16 14:11:04";"2026-09-16 14:11:04";não
1052;550022978;Congestionamento;3;Alto;119;2;5.220;340;0.34;0;"R. Melvin Jones";"Conselheiro Lafaiete";BR;6;"2026-09-16 14:11:04";"2026-09-16 14:11:04";não
1047;549306050;Congestionamento;3;Alto;82;1.4;13.330;521;0.521;0;"Av. Prefeito Telésforo Cândido Resende";"Conselheiro Lafaiete";BR;12;"2026-09-16 14:07:04";"2026-09-16 14:07:04";não
1042;546710294;Congestionamento;3;Alto;116;1.9;14.620;796;0.796;0;"R. Santa Matilde";"Conselheiro Lafaiete";BR;15;"2026-09-16 13:53:04";"2026-09-16 13:53:04";não
1040;545786068;Congestionamento;3;Alto;77;1.3;5.670;214;0.214;0;"R. Dr. Moreira";"Conselheiro Lafaiete";BR;4;"2026-09-16 13:45:05";"2026-09-16 13:45:05";não
1038;545307688;Congestionamento;3;Alto;92;1.5;13.480;584;0.584;20;"Av. Prefeito Telésforo Cândido Resende";"Conselheiro Lafaiete";BR;13;"2026-09-16 13:43:04";"2026-09-16 14:03:04";não
1036;544645902;Congestionamento;4;"Muito alto";508;8.5;1.060;177;0.177;6;"R. Edmundo Rodrigues";"Conselheiro Lafaiete";BR;2;"2026-09-16 13:39:05";"2026-09-16 13:45:05";não
1027;540417672;Congestionamento;4;"Muito alto";259;4.3;2.440;195;0.195;10;"R. Tavares de Melo";"Conselheiro Lafaiete";BR;5;"2026-09-16 13:09:04";"2026-09-16 13:19:05";não
1025;539951664;Congestionamento;3;Alto;71;1.2;5.950;217;0.217;12;"R. Alcides Rodrigues de Oliveira";"Conselheiro Lafaiete";BR;7;"2026-09-16 13:07:03";"2026-09-16 13:19:05";não
1026;539849970;Congestionamento;3;Alto;90;1.5;6.000;217;0.217;2;"R. Dom Silvério";"Conselheiro Lafaiete";BR;4;"2026-09-16 13:07:03";"2026-09-16 13:09:04";não
1022;539517722;Congestionamento;3;Alto;75;1.3;5.800;217;0.217;0;"R. Alcides Rodrigues de Oliveira";"Conselheiro Lafaiete";BR;7;"2026-09-16 13:03:04";"2026-09-16 13:03:04";não
1023;539067092;Congestionamento;3;Alto;91;1.5;7.950;267;0.267;6;"R. Dr. Mário de Rezende Dutra";"Conselheiro Lafaiete";BR;5;"2026-09-16 13:03:04";"2026-09-16 13:09:04";não
1020;539106372;Congestionamento;4;"Muito alto";350;5.8;1.630;180;0.18;0;"R. Dr. Melo Viana";"Conselheiro Lafaiete";BR;8;"2026-09-16 12:59:04";"2026-09-16 12:59:04";não
1021;538954008;Congestionamento;3;Alto;127;2.1;10.550;581;0.581;0;"R. Dias de Souza";"Conselheiro Lafaiete";BR;14;"2026-09-16 12:59:04";"2026-09-16 12:59:04";não
1013;537568494;Congestionamento;3;Alto;141;2.4;3.470;180;0.18;0;"R. Dr. Melo Viana";"Conselheiro Lafaiete";BR;8;"2026-09-16 12:49:04";"2026-09-16 12:49:04";não
1014;537525246;Congestionamento;3;Alto;119;2;9.660;449;0.449;20;"Av. Prof. Manoel Martins";"Conselheiro Lafaiete";BR;7;"2026-09-16 12:49:04";"2026-09-16 13:09:04";não
1015;537219282;Congestionamento;3;Alto;90;1.5;8.660;300;0.3;0;"Av. Furtado";"Conselheiro Lafaiete";BR;5;"2026-09-16 12:49:04";"2026-09-16 12:49:04";não
1003;801582910;Congestionamento;4;"Muito alto";128;2.1;4.910;204;0.204;30;"R. Dias de Souza";"Conselheiro Lafaiete";BR;5;"2026-09-16 12:19:04";"2026-09-16 12:49:04";não
999;801060488;Congestionamento;3;Alto;202;3.4;3.620;303;0.303;0;"R. Manoel Cardoso";"Conselheiro Lafaiete";BR;5;"2026-09-16 12:15:07";"2026-09-16 12:15:07";não
997;800590812;Congestionamento;3;Alto;78;1.3;8.200;330;0.33;10;"R. José Nicolau de Queiroz";"Conselheiro Lafaiete";BR;3;"2026-09-16 12:11:04";"2026-09-16 12:21:06";não
993;799517106;Congestionamento;3;Alto;99;1.7;12.870;584;0.584;24;"Av. Prefeito Telésforo Cândido Resende";"Conselheiro Lafaiete";BR;13;"2026-09-16 12:03:04";"2026-09-16 12:27:04";não
989;796244312;Congestionamento;3;Alto;104;1.7;6.450;242;0.242;8;"R. Joemy Faria";"Conselheiro Lafaiete";BR;8;"2026-09-16 11:41:04";"2026-09-16 11:49:04";não
987;795440210;Congestionamento;3;Alto;94;1.6;7.140;263;0.263;4;"R. Manoel Fonseca de Rezende";"Conselheiro Lafaiete";BR;4;"2026-09-16 11:33:04";"2026-09-16 11:37:04";não
981;794085786;Congestionamento;3;Alto;111;1.9;5.580;214;0.214;8;"Av. Geraldo Plaza";"Conselheiro Lafaiete";BR;5;"2026-09-16 11:25:04";"2026-09-16 11:33:04";não
982;794180486;Congestionamento;4;"Muito alto";178;3;2.740;165;0.165;0;"R. Dr. José Lopes de Assis";"Conselheiro Lafaiete";BR;6;"2026-09-16 11:25:04";"2026-09-16 11:25:04";não
984;794218570;Congestionamento;3;Alto;84;1.4;7.580;254;0.254;8;"R. Antônio Aureliano de Rezende";"Conselheiro Lafaiete";BR;4;"2026-09-16 11:25:04";"2026-09-16 11:33:04";não
977;793177182;Congestionamento;3;Alto;100;1.7;7.140;269;0.269;0;"R. Comendador Baeta Neves";"Conselheiro Lafaiete";BR;10;"2026-09-16 11:17:04";"2026-09-16 11:17:04";não
971;790561908;Congestionamento;4;"Muito alto";397;6.6;2.630;326;0.326;6;"Est. União Indústria";"Conselheiro Lafaiete";BR;9;"2026-09-16 10:57:03";"2026-09-16 11:03:04";não
969;790221894;Congestionamento;3;Alto;220;3.7;6.320;574;0.574;12;"R. Alfredo Elias Mafuz";"Conselheiro Lafaiete";BR;17;"2026-09-16 10:53:04";"2026-09-16 11:05:05";não
967;789056272;Congestionamento;3;Alto;88;1.5;7.270;248;0.248;0;"R. Brasil";"Conselheiro Lafaiete";BR;4;"2026-09-16 10:45:04";"2026-09-16 10:45:04";não
966;788342322;Congestionamento;4;"Muito alto";105;1.8;6.950;247;0.247;8;"R. Valério Eugênio";"Conselheiro Lafaiete";BR;8;"2026-09-16 10:37:04";"2026-09-16 10:45:04";não
963;786762534;Congestionamento;3;Alto;97;1.6;7.400;276;0.276;6;"R. Dias de Souza";"Conselheiro Lafaiete";BR;10;"2026-09-16 10:23:03";"2026-09-16 10:29:04";não
964;786297140;Congestionamento;3;Alto;137;2.3;6.620;371;0.371;6;"R. João Franco Ribeiro";"Conselheiro Lafaiete";BR;8;"2026-09-16 10:23:03";"2026-09-16 10:29:04";não
961;786059800;Congestionamento;3;Alto;99;1.7;4.500;157;0.157;3;"Pç. Monsenhor Hermenegildo Adami de Carvalho";"Conselheiro Lafaiete";BR;11;"2026-09-16 10:19:04";"2026-09-16 10:23:03";não
962;786346632;Congestionamento;3;Alto;81;1.4;8.910;320;0.32;6;"R. Cel. Albino";"Conselheiro Lafaiete";BR;8;"2026-09-16 10:19:04";"2026-09-16 10:25:04";não
957;784783452;Congestionamento;3;Alto;94;1.6;8.050;292;0.292;4;"R. Cristovão de Sena";"Conselheiro Lafaiete";BR;3;"2026-09-16 10:05:04";"2026-09-16 10:09:04";não
958;784538792;Congestionamento;3;Alto;141;2.4;3.310;165;0.165;14;"R. Dr. José Lopes de Assis";"Conselheiro Lafaiete";BR;6;"2026-09-16 10:05:04";"2026-09-16 10:19:04";não
956;784485912;Congestionamento;4;"Muito alto";195;3.3;4.080;259;0.259;14;"R. Francisco Lourenço de Barros";"Conselheiro Lafaiete";BR;6;"2026-09-16 10:01:04";"2026-09-16 10:15:05";não
955;784196608;Congestionamento;3;Alto;127;2.1;3.590;165;0.165;2;"R. Dr. José Lopes de Assis";"Conselheiro Lafaiete";BR;6;"2026-09-16 09:59:03";"2026-09-16 10:01:04";não
953;783336672;Congestionamento;3;Alto;210;3.5;13.250;1558;1.558;4;;"Conselheiro Lafaiete";BR;26;"2026-09-16 09:49:03";"2026-09-16 09:53:04";não
947;742193466;Congestionamento;3;Alto;128;2.1;10.780;628;0.628;6;"R. Adolfo Siqueira";"Conselheiro Lafaiete";BR;15;"2026-09-16 02:49:03";"2026-09-16 02:55:04";não
946;741288918;Congestionamento;3;Alto;118;2;7.490;380;0.38;2;"R. São Cristovão";"Conselheiro Lafaiete";BR;7;"2026-09-16 02:23:04";"2026-09-16 02:25:06";não
944;739044756;Congestionamento;3;Alto;101;1.7;7.670;305;0.305;6;"R. José Matias Rodrigues";"Conselheiro Lafaiete";BR;7;"2026-09-16 01:23:04";"2026-09-16 01:29:04";não
943;737229716;Congestionamento;4;"Muito alto";128;2.1;4.720;208;0.208;0;"R. Pio XII";"Conselheiro Lafaiete";BR;7;"2026-09-16 00:49:06";"2026-09-16 00:49:06";não
940;731890576;Congestionamento;3;Alto;106;1.8;11.750;598;0.598;6;"Av. Prof. Manoel Martins";"Conselheiro Lafaiete";BR;12;"2026-09-15 23:39:03";"2026-09-15 23:45:05";não
938;731477174;Congestionamento;4;"Muito alto";128;2.1;5.910;249;0.249;2;"Av. Alberto de Souza";"Conselheiro Lafaiete";BR;4;"2026-09-15 23:33:03";"2026-09-15 23:35:05";não
937;731098498;Congestionamento;3;Alto;93;1.6;7.250;314;0.314;0;"R. José Mendes";"Conselheiro Lafaiete";BR;10;"2026-09-15 23:29:04";"2026-09-15 23:29:04";não
932;724306484;"Interdição antiga";5;Parado;;;0.000;133;0.133;1670;;"Conselheiro Lafaiete";BR;4;"2026-09-15 22:29:04";"2026-09-17 02:19:04";não
933;724306480;"Interdição antiga";5;Parado;;;0.000;133;0.133;1670;;"Conselheiro Lafaiete";BR;4;"2026-09-15 22:29:04";"2026-09-17 02:19:04";não
931;724130506;Congestionamento;3;Alto;103;1.7;6.610;252;0.252;10;"R. Dias de Souza";"Conselheiro Lafaiete";BR;8;"2026-09-15 22:25:05";"2026-09-15 22:35:05";não
930;723936292;Congestionamento;4;"Muito alto";497;8.3;1.710;254;0.254;12;"R. Nossa Senhora da Conceição";"Conselheiro Lafaiete";BR;2;"2026-09-15 22:23:04";"2026-09-15 22:35:05";não
926;722176228;Congestionamento;4;"Muito alto";136;2.3;4.500;199;0.199;2;"Av. Mal. Floriano Peixoto";"Conselheiro Lafaiete";BR;6;"2026-09-15 22:09:03";"2026-09-15 22:11:04";não
927;722207860;Congestionamento;3;Alto;108;1.8;4.670;191;0.191;0;"R. Dr. Mário de Rezende Dutra";"Conselheiro Lafaiete";BR;6;"2026-09-15 22:09:03";"2026-09-15 22:09:03";não
928;722296626;Congestionamento;4;"Muito alto";169;2.8;2.870;165;0.165;12;"R. Dr. José Lopes de Assis";"Conselheiro Lafaiete";BR;6;"2026-09-15 22:09:03";"2026-09-15 22:21:03";não
922;721264252;Congestionamento;3;Alto;79;1.3;4.910;166;0.166;0;"R. João Santos";"Conselheiro Lafaiete";BR;5;"2026-09-15 22:05:04";"2026-09-15 22:05:04";não
924;721654812;Congestionamento;3;Alto;93;1.6;8.700;310;0.31;6;"R. Dias de Souza";"Conselheiro Lafaiete";BR;6;"2026-09-15 22:05:04";"2026-09-15 22:11:04";não
918;720123286;Congestionamento;3;Alto;158;2.6;3.860;217;0.217;0;"R. Professora Júlia Miranda";"Conselheiro Lafaiete";BR;8;"2026-09-15 21:55:04";"2026-09-15 21:55:04";não
915;719752908;Congestionamento;3;Alto;117;2;3.820;165;0.165;2;"R. Dr. José Lopes de Assis";"Conselheiro Lafaiete";BR;6;"2026-09-15 21:53:03";"2026-09-15 21:55:04";não
910;718530922;Congestionamento;3;Alto;108;1.8;8.310;358;0.358;16;"R. Dias de Souza";"Conselheiro Lafaiete";BR;9;"2026-09-15 21:43:03";"2026-09-15 21:59:04";não
905;717634258;Congestionamento;3;Alto;101;1.7;4.370;155;0.155;3;"R. Santo Antônio de Pádua";"Conselheiro Lafaiete";BR;4;"2026-09-15 21:39:04";"2026-09-15 21:43:03";não
906;718128186;Congestionamento;4;"Muito alto";184;3.1;4.290;259;0.259;0;"R. Francisco Lourenço de Barros";"Conselheiro Lafaiete";BR;6;"2026-09-15 21:39:04";"2026-09-15 21:39:04";não
907;717982578;Congestionamento;4;"Muito alto";89;1.5;5.550;279;0.279;0;"R. Prof. Manoel Lino";"Conselheiro Lafaiete";BR;6;"2026-09-15 21:39:04";"2026-09-15 21:39:04";não
901;717313670;Congestionamento;3;Alto;92;1.5;7.070;277;0.277;9;"R. Tenente Porteira";"Conselheiro Lafaiete";BR;3;"2026-09-15 21:35:05";"2026-09-15 21:45:04";não
902;717302284;Congestionamento;4;"Muito alto";131;2.2;4.210;181;0.181;9;"R. José Coelho";"Conselheiro Lafaiete";BR;4;"2026-09-15 21:35:05";"2026-09-15 21:45:04";não
899;717204362;Congestionamento;3;Alto;171;2.9;7.020;463;0.463;2;"R. Prof. Manoel Lino";"Conselheiro Lafaiete";BR;5;"2026-09-15 21:33:04";"2026-09-15 21:35:05";não
896;716480276;Congestionamento;3;Alto;91;1.5;6.370;231;0.231;0;"R. Willian Dias de Faria";"Conselheiro Lafaiete";BR;5;"2026-09-15 21:29:04";"2026-09-15 21:29:04";não
897;716362012;Congestionamento;3;Alto;149;2.5;3.110;166;0.166;13;"R. João Santos";"Conselheiro Lafaiete";BR;5;"2026-09-15 21:29:04";"2026-09-15 21:43:03";não
898;716425070;Congestionamento;4;"Muito alto";176;2.9;1.240;67;0.067;4;"R. Mariana Guimarães";"Conselheiro Lafaiete";BR;2;"2026-09-15 21:29:04";"2026-09-15 21:33:04";não
894;716100358;Congestionamento;4;"Muito alto";353;5.9;1.510;166;0.166;0;"R. João Santos";"Conselheiro Lafaiete";BR;5;"2026-09-15 21:25:04";"2026-09-15 21:25:04";não
895;715887352;Congestionamento;3;Alto;109;1.8;9.380;388;0.388;14;"R. Pe. Lobo";"Conselheiro Lafaiete";BR;5;"2026-09-15 21:25:04";"2026-09-15 21:39:04";não
891;714521714;Congestionamento;3;Alto;86;1.4;11.110;387;0.387;44;"R. Benjamim Constant";"Conselheiro Lafaiete";BR;11;"2026-09-15 21:21:03";"2026-09-15 22:05:04";não
892;715368712;Congestionamento;4;"Muito alto";74;1.2;5.880;204;0.204;2;"R. Dr. Campolina";"Conselheiro Lafaiete";BR;5;"2026-09-15 21:21:03";"2026-09-15 21:23:04";não
886;714860722;Congestionamento;3;Alto;128;2.1;8.340;423;0.423;12;"R. Afonso Pena";"Conselheiro Lafaiete";BR;7;"2026-09-15 21:17:04";"2026-09-15 21:29:04";não
887;715068526;Congestionamento;3;Alto;95;1.6;11.460;444;0.444;38;"R. Benjamim Constant";"Conselheiro Lafaiete";BR;12;"2026-09-15 21:17:04";"2026-09-15 21:55:04";não
888;714899040;Congestionamento;4;"Muito alto";151;2.5;3.640;182;0.182;6;"R. João Cunha";"Conselheiro Lafaiete";BR;4;"2026-09-15 21:17:04";"2026-09-15 21:23:04";não
889;715001376;Congestionamento;3;Alto;82;1.4;10.560;422;0.422;6;"R. Santa Efigênia";"Conselheiro Lafaiete";BR;11;"2026-09-15 21:17:04";"2026-09-15 21:23:04";não
875;714178780;Congestionamento;4;"Muito alto";352;5.9;1.510;166;0.166;4;"R. João Santos";"Conselheiro Lafaiete";BR;5;"2026-09-15 21:13:04";"2026-09-15 21:17:04";não
877;714363802;Congestionamento;3;Alto;80;1.3;10.760;422;0.422;0;"R. Santa Efigênia";"Conselheiro Lafaiete";BR;11;"2026-09-15 21:13:04";"2026-09-15 21:13:04";não
878;714285148;Congestionamento;3;Alto;105;1.8;2.890;106;0.106;22;"R. Ver. Juca Pena";"Conselheiro Lafaiete";BR;3;"2026-09-15 21:13:04";"2026-09-15 21:35:05";não
880;714226116;Congestionamento;3;Alto;169;2.8;6.000;365;0.365;0;"R. Tavares de Melo";"Conselheiro Lafaiete";BR;7;"2026-09-15 21:13:04";"2026-09-15 21:13:04";não
881;714069972;Congestionamento;3;Alto;107;1.8;4.160;155;0.155;0;"R. Barão de Pouso Alegre";"Conselheiro Lafaiete";BR;2;"2026-09-15 21:13:04";"2026-09-15 21:13:04";não
882;714346888;Congestionamento;4;"Muito alto";371;6.2;2.310;267;0.267;10;"R. Augusto Getúlio Vieira";"Conselheiro Lafaiete";BR;4;"2026-09-15 21:13:04";"2026-09-15 21:23:04";não
885;714148404;Congestionamento;3;Alto;96;1.6;8.960;344;0.344;10;"Pç. Barão de Queluz";"Conselheiro Lafaiete";BR;13;"2026-09-15 21:13:04";"2026-09-15 21:23:04";não
869;713780778;Congestionamento;3;Alto;81;1.4;15.650;724;0.724;14;"R. Santa Efigênia";"Conselheiro Lafaiete";BR;22;"2026-09-15 21:09:04";"2026-09-15 21:23:04";não
870;713866286;Congestionamento;3;Alto;100;1.7;6.500;258;0.258;4;"R. Lopes Franco";"Conselheiro Lafaiete";BR;4;"2026-09-15 21:09:04";"2026-09-15 21:13:04";não
871;713925288;Congestionamento;3;Alto;83;1.4;8.050;284;0.284;16;"Av. Prof. Manoel Martins";"Conselheiro Lafaiete";BR;7;"2026-09-15 21:09:04";"2026-09-15 21:25:04";não
866;713500142;Congestionamento;3;Alto;75;1.3;14.750;502;0.502;0;"R. Santa Efigênia";"Conselheiro Lafaiete";BR;17;"2026-09-15 21:05:04";"2026-09-15 21:05:04";não
859;709796942;Congestionamento;4;"Muito alto";139;2.3;1.530;65;0.065;3;;"Conselheiro Lafaiete";BR;4;"2026-09-15 20:59:04";"2026-09-15 21:03:03";não
864;712569804;Congestionamento;3;Alto;90;1.5;15.550;831;0.831;3;"R. Santa Efigênia";"Conselheiro Lafaiete";BR;24;"2026-09-15 20:59:04";"2026-09-15 21:03:03";não
856;712164564;Congestionamento;3;Alto;117;2;5.480;259;0.259;0;"R. Francisco Lourenço de Barros";"Conselheiro Lafaiete";BR;6;"2026-09-15 20:55:04";"2026-09-15 20:55:04";não
858;712069984;Congestionamento;4;"Muito alto";180;3;4.380;259;0.259;0;"R. Francisco Lourenço de Barros";"Conselheiro Lafaiete";BR;6;"2026-09-15 20:55:04";"2026-09-15 20:55:04";não
849;711083912;Congestionamento;3;Alto;115;1.9;4.810;214;0.214;0;"R. Cataguases";"Conselheiro Lafaiete";BR;5;"2026-09-15 20:47:05";"2026-09-15 20:47:05";não
850;711015472;Congestionamento;3;Alto;78;1.3;12.650;547;0.547;7;"R. Santa Efigênia";"Conselheiro Lafaiete";BR;14;"2026-09-15 20:47:05";"2026-09-15 20:55:04";não
851;711060220;Congestionamento;4;"Muito alto";213;3.6;2.480;161;0.161;0;"R. Francisco Lourenço de Barros";"Conselheiro Lafaiete";BR;3;"2026-09-15 20:47:05";"2026-09-15 20:47:05";não
848;710904134;Congestionamento;3;Alto;118;2;3.800;165;0.165;14;"R. Dr. José Lopes de Assis";"Conselheiro Lafaiete";BR;6;"2026-09-15 20:45:04";"2026-09-15 20:59:04";não
842;709692096;Congestionamento;3;Alto;78;1.3;8.370;284;0.284;18;"Av. Prof. Manoel Martins";"Conselheiro Lafaiete";BR;7;"2026-09-15 20:37:04";"2026-09-15 20:55:04";não
843;709909282;Congestionamento;3;Alto;147;2.5;9.890;587;0.587;4;"R. Ney Franco";"Conselheiro Lafaiete";BR;10;"2026-09-15 20:37:04";"2026-09-15 20:41:04";não
838;709357188;Congestionamento;3;Alto;102;1.7;9.700;423;0.423;4;"R. Afonso Pena";"Conselheiro Lafaiete";BR;7;"2026-09-15 20:33:04";"2026-09-15 20:37:04";não
839;709571776;Congestionamento;3;Alto;140;2.3;3.340;165;0.165;0;"R. Dr. José Lopes de Assis";"Conselheiro Lafaiete";BR;6;"2026-09-15 20:33:04";"2026-09-15 20:33:04";não
836;708745692;Congestionamento;3;Alto;89;1.5;8.120;302;0.302;0;"R. Horácio de Queiroz";"Conselheiro Lafaiete";BR;5;"2026-09-15 20:29:04";"2026-09-15 20:29:04";não
833;708394780;Congestionamento;3;Alto;128;2.1;5.750;287;0.287;7;"R. José Mendes";"Conselheiro Lafaiete";BR;7;"2026-09-15 20:25:05";"2026-09-15 20:33:04";não
835;708426700;Congestionamento;3;Alto;139;2.3;3.890;214;0.214;3;"R. Dr. Moreira";"Conselheiro Lafaiete";BR;4;"2026-09-15 20:25:05";"2026-09-15 20:29:04";não
828;708116572;Congestionamento;4;"Muito alto";124;2.1;5.130;219;0.219;0;"Av. Furtado";"Conselheiro Lafaiete";BR;5;"2026-09-15 20:23:04";"2026-09-15 20:23:04";não
827;707453596;Congestionamento;3;Alto;122;2;3.630;166;0.166;10;"R. João Santos";"Conselheiro Lafaiete";BR;5;"2026-09-15 20:19:04";"2026-09-15 20:29:04";não
820;707407916;Congestionamento;3;Alto;110;1.8;7.360;339;0.339;0;"R. Joemy Faria";"Conselheiro Lafaiete";BR;11;"2026-09-15 20:15:05";"2026-09-15 20:15:05";não
822;707487514;Congestionamento;3;Alto;88;1.5;9.470;344;0.344;0;"Pç. Barão de Queluz";"Conselheiro Lafaiete";BR;13;"2026-09-15 20:15:05";"2026-09-15 20:15:05";não
823;707605392;Congestionamento;3;Alto;93;1.6;8.360;320;0.32;3;"Pç. São Sebastião";"Conselheiro Lafaiete";BR;12;"2026-09-15 20:15:05";"2026-09-15 20:19:04";não
818;707160390;Congestionamento;3;Alto;92;1.5;4.440;166;0.166;0;"R. João Santos";"Conselheiro Lafaiete";BR;5;"2026-09-15 20:11:04";"2026-09-15 20:11:04";não
813;706570424;Congestionamento;3;Alto;104;1.7;6.880;275;0.275;4;"R. Antônio Aureliano de Rezende";"Conselheiro Lafaiete";BR;5;"2026-09-15 20:07:04";"2026-09-15 20:11:04";não
815;706637750;Congestionamento;3;Alto;73;1.2;16.690;582;0.582;88;"BR-040 S Rod. Pres. Juscelino Kubitschek";"Conselheiro Lafaiete";BR;8;"2026-09-15 20:07:04";"2026-09-15 21:35:05";não
817;706807888;Congestionamento;4;"Muito alto";216;3.6;3.420;248;0.248;12;"R. João Franco Ribeiro";"Conselheiro Lafaiete";BR;6;"2026-09-15 20:07:04";"2026-09-15 20:19:04";não
808;706455194;Congestionamento;3;Alto;185;3.1;7.670;538;0.538;15;"R. Dias de Souza";"Conselheiro Lafaiete";BR;13;"2026-09-15 20:03:05";"2026-09-15 20:19:04";não
809;706370364;Congestionamento;3;Alto;90;1.5;13.650;584;0.584;115;"Av. Prefeito Telésforo Cândido Resende";"Conselheiro Lafaiete";BR;13;"2026-09-15 20:03:05";"2026-09-15 21:59:04";não
810;706374422;Congestionamento;3;Alto;218;3.6;3.760;310;0.31;0;"R. Dudu Nascimento";"Conselheiro Lafaiete";BR;6;"2026-09-15 20:03:05";"2026-09-15 20:03:05";não
811;706405476;Congestionamento;4;"Muito alto";224;3.7;3.470;251;0.251;0;"R. Narciso Jr.";"Conselheiro Lafaiete";BR;7;"2026-09-15 20:03:05";"2026-09-15 20:03:05";não
803;706170102;Congestionamento;3;Alto;86;1.4;10.800;361;0.361;0;"R. Santa Matilde";"Conselheiro Lafaiete";BR;7;"2026-09-15 20:01:04";"2026-09-15 20:01:04";não
807;706216576;Congestionamento;3;Alto;106;1.8;11.760;598;0.598;28;"Av. Prof. Manoel Martins";"Conselheiro Lafaiete";BR;12;"2026-09-15 20:01:04";"2026-09-15 20:29:04";não
799;705561126;Congestionamento;4;"Muito alto";196;3.3;5.890;389;0.389;0;"R. Barão de Pouso Alegre";"Conselheiro Lafaiete";BR;5;"2026-09-15 19:53:04";"2026-09-15 19:53:04";não
794;705304096;Congestionamento;3;Alto;106;1.8;4.610;201;0.201;0;"R. José Nicolau de Queiroz";"Conselheiro Lafaiete";BR;2;"2026-09-15 19:49:04";"2026-09-15 19:49:04";não
796;705372868;Congestionamento;3;Alto;105;1.8;10.180;442;0.442;8;"R. Francisco Lobo";"Conselheiro Lafaiete";BR;8;"2026-09-15 19:49:04";"2026-09-15 19:57:04";não
792;703922094;Congestionamento;3;Alto;90;1.5;5.500;186;0.186;3;"R. Aristides Francisco Pinto";"Conselheiro Lafaiete";BR;3;"2026-09-15 19:35:05";"2026-09-15 19:39:04";não
787;703030672;Congestionamento;3;Alto;102;1.7;5.250;201;0.201;4;"R. Santo Antônio de Pádua";"Conselheiro Lafaiete";BR;6;"2026-09-15 19:23:04";"2026-09-15 19:27:04";não
781;702583670;Congestionamento;4;"Muito alto";87;1.5;5.330;204;0.204;0;"R. Dr. Campolina";"Conselheiro Lafaiete";BR;5;"2026-09-15 19:13:04";"2026-09-15 19:13:04";não
783;702443520;Congestionamento;3;Alto;109;1.8;19.160;999;0.999;18;"MG-129 Rod. Eng. Ary Belisário";"Conselheiro Lafaiete";BR;16;"2026-09-15 19:13:04";"2026-09-15 19:31:04";não
779;701829634;Congestionamento;3;Alto;108;1.8;9.430;387;0.387;122;"R. Benjamim Constant";"Conselheiro Lafaiete";BR;11;"2026-09-15 19:11:03";"2026-09-15 21:13:04";não
780;702306562;Congestionamento;3;Alto;75;1.3;5.840;195;0.195;0;"R. Dr. Ademar Pereira de Barros";"Conselheiro Lafaiete";BR;4;"2026-09-15 19:11:03";"2026-09-15 19:11:03";não
776;701875038;Congestionamento;3;Alto;73;1.2;4.990;185;0.185;0;"Al. das Paineiras";"Conselheiro Lafaiete";BR;9;"2026-09-15 19:07:04";"2026-09-15 19:07:04";não
775;701803696;Congestionamento;4;"Muito alto";427;7.1;7.750;1046;1.046;4;"MG-129 Rod. Eng. Ary Belisário";"Conselheiro Lafaiete";BR;11;"2026-09-15 19:03:04";"2026-09-15 19:07:04";não
772;701286458;Congestionamento;3;Alto;95;1.6;6.860;251;0.251;0;"R. Narciso Jr.";"Conselheiro Lafaiete";BR;7;"2026-09-15 18:59:04";"2026-09-15 18:59:04";não
773;701377812;Congestionamento;3;Alto;164;2.7;7.640;574;0.574;28;"R. Alfredo Elias Mafuz";"Conselheiro Lafaiete";BR;17;"2026-09-15 18:59:04";"2026-09-15 19:27:04";não
771;701078846;Congestionamento;4;"Muito alto";102;1.7;5.290;177;0.177;3;"R. João Cunha";"Conselheiro Lafaiete";BR;4;"2026-09-15 18:55:05";"2026-09-15 18:59:04";não
770;700695384;Congestionamento;3;Alto;97;1.6;10.050;423;0.423;28;"R. Afonso Pena";"Conselheiro Lafaiete";BR;7;"2026-09-15 18:51:04";"2026-09-15 19:19:04";não
769;700551770;Congestionamento;3;Alto;84;1.4;6.250;215;0.215;2;"R. Assis Andrade";"Conselheiro Lafaiete";BR;5;"2026-09-15 18:45:04";"2026-09-15 18:47:04";não
767;700423126;Congestionamento;3;Alto;91;1.5;4.740;180;0.18;0;"R. Dr. Melo Viana";"Conselheiro Lafaiete";BR;8;"2026-09-15 18:45:04";"2026-09-15 18:45:04";não
766;700236604;Congestionamento;3;Alto;101;1.7;7.070;330;0.33;0;"R. José Nicolau de Queiroz";"Conselheiro Lafaiete";BR;3;"2026-09-15 18:43:04";"2026-09-15 18:43:04";não
762;699972600;Congestionamento;3;Alto;93;1.6;10.010;427;0.427;16;"Av. Prof. Manoel Martins";"Conselheiro Lafaiete";BR;9;"2026-09-15 18:39:04";"2026-09-15 18:55:05";não
763;699876730;Congestionamento;3;Alto;135;2.3;5.130;243;0.243;6;"Av. Alberto de Souza";"Conselheiro Lafaiete";BR;3;"2026-09-15 18:39:04";"2026-09-15 18:45:04";não
764;700007990;Congestionamento;3;Alto;90;1.5;7.570;330;0.33;0;"R. José Nicolau de Queiroz";"Conselheiro Lafaiete";BR;3;"2026-09-15 18:39:04";"2026-09-15 18:39:04";não
760;699683340;Congestionamento;3;Alto;96;1.6;7.510;274;0.274;3;"Av. Geraldo Plaza";"Conselheiro Lafaiete";BR;6;"2026-09-15 18:35:05";"2026-09-15 18:39:04";não
761;699691096;Congestionamento;3;Alto;86;1.4;9.060;322;0.322;9;"R. Comendador Baeta Neves";"Conselheiro Lafaiete";BR;11;"2026-09-15 18:35:05";"2026-09-15 18:45:04";não
756;699427762;Congestionamento;3;Alto;98;1.6;7.130;244;0.244;0;"R. Francisco Lobo";"Conselheiro Lafaiete";BR;6;"2026-09-15 18:29:04";"2026-09-15 18:29:04";não
752;698720578;Congestionamento;3;Alto;128;2.1;4.220;195;0.195;6;"R. João Barbeiro";"Conselheiro Lafaiete";BR;3;"2026-09-15 18:23:04";"2026-09-15 18:29:04";não
748;697050246;Congestionamento;3;Alto;231;3.9;5.430;440;0.44;11;"R. Tavares de Melo";"Conselheiro Lafaiete";BR;10;"2026-09-15 18:03:05";"2026-09-15 18:15:04";não
747;697027996;Congestionamento;3;Alto;95;1.6;7.340;330;0.33;2;"R. José Nicolau de Queiroz";"Conselheiro Lafaiete";BR;3;"2026-09-15 18:01:04";"2026-09-15 18:03:05";não
744;696700024;Congestionamento;3;Alto;87;1.5;7.690;330;0.33;0;"R. José Nicolau de Queiroz";"Conselheiro Lafaiete";BR;3;"2026-09-15 17:59:03";"2026-09-15 17:59:03";não
745;696582794;Congestionamento;4;"Muito alto";108;1.8;4.480;174;0.174;4;"R. Cassimiro Adriano da Silva";"Conselheiro Lafaiete";BR;3;"2026-09-15 17:59:03";"2026-09-15 18:03:05";não
740;695618324;Congestionamento;3;Alto;113;1.9;12.330;604;0.604;2;"R. Santa Matilde";"Conselheiro Lafaiete";BR;12;"2026-09-15 17:49:03";"2026-09-15 17:51:04";não
741;695645488;Congestionamento;3;Alto;138;2.3;8.420;418;0.418;18;"R. Benjamim Constant";"Conselheiro Lafaiete";BR;12;"2026-09-15 17:49:03";"2026-09-15 18:07:04";não
736;693958956;Congestionamento;3;Alto;88;1.5;5.640;201;0.201;4;"R. Dom Pedro I";"Conselheiro Lafaiete";BR;3;"2026-09-15 17:35:04";"2026-09-15 17:39:04";não
737;694227194;Congestionamento;4;"Muito alto";178;3;4.210;251;0.251;0;"R. Narciso Jr.";"Conselheiro Lafaiete";BR;7;"2026-09-15 17:35:04";"2026-09-15 17:35:04";não
734;693741260;Congestionamento;3;Alto;159;2.7;5.260;330;0.33;0;"R. José Nicolau de Queiroz";"Conselheiro Lafaiete";BR;3;"2026-09-15 17:31:04";"2026-09-15 17:31:04";não
730;692959820;Congestionamento;3;Alto;99;1.7;5.780;246;0.246;6;"R. Antônio Amaral";"Conselheiro Lafaiete";BR;6;"2026-09-15 17:25:04";"2026-09-15 17:31:04";não
727;687910920;Congestionamento;3;Alto;101;1.7;8.700;365;0.365;4;"R. Tavares de Melo";"Conselheiro Lafaiete";BR;7;"2026-09-15 17:17:04";"2026-09-15 17:21:04";não
728;691953004;Congestionamento;4;"Muito alto";111;1.9;6.030;225;0.225;8;"R. João Cunha";"Conselheiro Lafaiete";BR;5;"2026-09-15 17:17:04";"2026-09-15 17:25:04";não
729;692073752;Congestionamento;4;"Muito alto";549;9.2;0.930;165;0.165;0;"R. Antônio Pereira Caixeta";"Conselheiro Lafaiete";BR;3;"2026-09-15 17:17:04";"2026-09-15 17:17:04";não
726;691218892;Congestionamento;3;Alto;110;1.8;8.450;378;0.378;0;"R. Tavares de Melo";"Conselheiro Lafaiete";BR;9;"2026-09-15 17:13:04";"2026-09-15 17:13:04";não
723;690879080;Congestionamento;4;"Muito alto";104;1.7;6.260;227;0.227;4;"R. Alfredo Elias Mafuz";"Conselheiro Lafaiete";BR;7;"2026-09-15 17:09:04";"2026-09-15 17:13:04";não
720;690423566;Congestionamento;3;Alto;102;1.7;4.110;164;0.164;7;"R. Sebastião Alves";"Conselheiro Lafaiete";BR;3;"2026-09-15 17:05:05";"2026-09-15 17:13:04";não
721;690551972;Congestionamento;3;Alto;126;2.1;6.120;300;0.3;7;"R. Quinze de Novembro";"Conselheiro Lafaiete";BR;7;"2026-09-15 17:05:05";"2026-09-15 17:13:04";não
718;689614570;Congestionamento;4;"Muito alto";320;5.3;5.000;548;0.548;0;"R. Adolfo Siqueira";"Conselheiro Lafaiete";BR;13;"2026-09-15 17:01:04";"2026-09-15 17:01:04";não
719;689928832;Congestionamento;3;Alto;92;1.5;5.430;186;0.186;12;"R. João Pessoa";"Conselheiro Lafaiete";BR;3;"2026-09-15 17:01:04";"2026-09-15 17:13:04";não
712;689403128;Congestionamento;3;Alto;80;1.3;8.060;330;0.33;4;"R. José Nicolau de Queiroz";"Conselheiro Lafaiete";BR;3;"2026-09-15 16:57:04";"2026-09-15 17:01:04";não
715;689592102;Congestionamento;3;Alto;99;1.7;12.220;598;0.598;8;"Av. Prof. Manoel Martins";"Conselheiro Lafaiete";BR;12;"2026-09-15 16:57:04";"2026-09-15 17:05:05";não
709;688570766;Congestionamento;3;Alto;85;1.4;10.920;418;0.418;0;"Av. Prefeito Telésforo Cândido Resende";"Conselheiro Lafaiete";BR;7;"2026-09-15 16:53:04";"2026-09-15 16:53:04";não
705;687401714;Congestionamento;3;Alto;89;1.5;7.600;330;0.33;0;"R. José Nicolau de Queiroz";"Conselheiro Lafaiete";BR;3;"2026-09-15 16:45:06";"2026-09-15 16:45:06";não
702;686685952;Congestionamento;3;Alto;94;1.6;10.490;439;0.439;8;"R. Afonso Pena";"Conselheiro Lafaiete";BR;8;"2026-09-15 16:41:04";"2026-09-15 16:49:04";não
700;685713148;Congestionamento;3;Alto;61;1;9.260;330;0.33;6;"R. José Nicolau de Queiroz";"Conselheiro Lafaiete";BR;3;"2026-09-15 16:35:04";"2026-09-15 16:41:04";não
701;685594182;Congestionamento;3;Alto;132;2.2;7.440;410;0.41;3;"R. Alfredo Elias Mafuz";"Conselheiro Lafaiete";BR;10;"2026-09-15 16:35:04";"2026-09-15 16:39:03";não
694;683781742;Congestionamento;3;Alto;160;2.7;5.370;336;0.336;6;"R. Floriano Lopes Franco";"Conselheiro Lafaiete";BR;4;"2026-09-15 16:25:04";"2026-09-15 16:31:04";não
695;684084826;Congestionamento;4;"Muito alto";894;14.9;1.190;317;0.317;2;"R. São Jorge";"Conselheiro Lafaiete";BR;5;"2026-09-15 16:25:04";"2026-09-15 16:27:05";não
692;683529606;Congestionamento;4;"Muito alto";178;3;4.410;259;0.259;22;"R. Francisco Lourenço de Barros";"Conselheiro Lafaiete";BR;6;"2026-09-15 16:23:03";"2026-09-15 16:45:06";não
684;679543024;Congestionamento;3;Alto;69;1.2;9.680;323;0.323;6;"R. Etelvina de Lima";"Conselheiro Lafaiete";BR;3;"2026-09-15 16:05:04";"2026-09-15 16:11:04";não
685;679838932;Congestionamento;4;"Muito alto";178;3;2.750;165;0.165;22;"R. Dr. José Lopes de Assis";"Conselheiro Lafaiete";BR;6;"2026-09-15 16:05:04";"2026-09-15 16:27:05";não
686;679413224;Congestionamento;4;"Muito alto";129;2.2;4.010;172;0.172;2;"R. Brasil";"Conselheiro Lafaiete";BR;3;"2026-09-15 16:05:04";"2026-09-15 16:07:04";não
676;677922954;Congestionamento;3;Alto;94;1.6;12.390;487;0.487;0;"R. Benjamim Constant";"Conselheiro Lafaiete";BR;13;"2026-09-15 15:57:04";"2026-09-15 15:57:04";não
677;673627330;Congestionamento;4;"Muito alto";117;2;1.870;67;0.067;0;"Pç. Barão de Queluz";"Conselheiro Lafaiete";BR;5;"2026-09-15 15:57:04";"2026-09-15 15:57:04";não
679;678317474;Congestionamento;3;Alto;68;1.1;6.090;216;0.216;10;"R. Nossa Sra. da Paz";"Conselheiro Lafaiete";BR;4;"2026-09-15 15:57:04";"2026-09-15 16:07:04";não
669;676037772;Congestionamento;4;"Muito alto";205;3.4;2.180;133;0.133;16;"Pç. Tiradentes";"Conselheiro Lafaiete";BR;2;"2026-09-15 15:49:04";"2026-09-15 16:05:04";não
673;676527468;Congestionamento;3;Alto;152;2.5;3.640;198;0.198;12;"R. Cel. Licínio Pereira Dutra";"Conselheiro Lafaiete";BR;5;"2026-09-15 15:49:04";"2026-09-15 16:01:04";não
666;675765388;Congestionamento;4;"Muito alto";219;3.7;4.020;277;0.277;16;"Av. Prefeito Mário Rodrigues Pereira";"Conselheiro Lafaiete";BR;10;"2026-09-15 15:45:04";"2026-09-15 16:01:04";não
663;674183452;Congestionamento;3;Alto;109;1.8;5.120;204;0.204;8;"R. Monsenhor Barreto";"Conselheiro Lafaiete";BR;5;"2026-09-15 15:41:04";"2026-09-15 15:49:04";não
659;673090996;Congestionamento;3;Alto;103;1.7;8.020;320;0.32;8;"R. Francisco Ferreira de Resende";"Conselheiro Lafaiete";BR;5;"2026-09-15 15:37:04";"2026-09-15 15:45:04";não
658;672759598;Congestionamento;3;Alto;103;1.7;4.210;165;0.165;7;"R. Dr. José Lopes de Assis";"Conselheiro Lafaiete";BR;6;"2026-09-15 15:33:05";"2026-09-15 15:41:04";não
654;671548652;Congestionamento;4;"Muito alto";248;4.1;3.510;282;0.282;0;"R. Sebastião de Paula";"Conselheiro Lafaiete";BR;5;"2026-09-15 15:29:04";"2026-09-15 15:29:04";não
655;671773734;Congestionamento;3;Alto;86;1.4;9.150;339;0.339;4;"R. Santa Efigênia";"Conselheiro Lafaiete";BR;10;"2026-09-15 15:29:04";"2026-09-15 15:33:05";não
656;671769588;Congestionamento;4;"Muito alto";245;4.1;3.110;251;0.251;32;"R. Santana";"Conselheiro Lafaiete";BR;7;"2026-09-15 15:29:04";"2026-09-15 16:01:04";não
650;666472554;Congestionamento;4;"Muito alto";109;1.8;2.000;67;0.067;3;"Pç. Barão de Queluz";"Conselheiro Lafaiete";BR;5;"2026-09-15 15:25:06";"2026-09-15 15:29:04";não
643;668924562;Congestionamento;3;Alto;97;1.6;6.230;229;0.229;0;"R. André Rodrigues da Silva";"Conselheiro Lafaiete";BR;6;"2026-09-15 15:17:04";"2026-09-15 15:17:04";não
641;667802248;Congestionamento;3;Alto;158;2.6;7.060;419;0.419;0;"R. Tufi Nascif";"Conselheiro Lafaiete";BR;6;"2026-09-15 15:09:03";"2026-09-15 15:09:03";não
639;665988064;Congestionamento;3;Alto;107;1.8;8.290;344;0.344;62;"Pç. Barão de Queluz";"Conselheiro Lafaiete";BR;13;"2026-09-15 15:05:04";"2026-09-15 16:07:04";não
640;666885056;Congestionamento;4;"Muito alto";107;1.8;4.080;173;0.173;8;"R. Dilerman Ferreira Maia";"Conselheiro Lafaiete";BR;4;"2026-09-15 15:05:04";"2026-09-15 15:13:04";não
636;666239860;Congestionamento;4;"Muito alto";221;3.7;4.690;344;0.344;0;"Pç. Barão de Queluz";"Conselheiro Lafaiete";BR;13;"2026-09-15 15:01:04";"2026-09-15 15:01:04";não
634;665846304;Congestionamento;4;"Muito alto";206;3.4;4.980;344;0.344;0;"Pç. Barão de Queluz";"Conselheiro Lafaiete";BR;13;"2026-09-15 14:59:03";"2026-09-15 14:59:03";não
635;665779132;Congestionamento;4;"Muito alto";132;2.2;4.050;172;0.172;2;"R. Adolfo Siqueira";"Conselheiro Lafaiete";BR;5;"2026-09-15 14:59:03";"2026-09-15 15:01:04";não
631;663776446;Congestionamento;3;Alto;132;2.2;7.090;344;0.344;6;"Pç. Barão de Queluz";"Conselheiro Lafaiete";BR;13;"2026-09-15 14:49:04";"2026-09-15 14:55:04";não
632;663646032;Congestionamento;4;"Muito alto";216;3.6;3.030;208;0.208;0;"R. Tavares de Melo";"Conselheiro Lafaiete";BR;7;"2026-09-15 14:49:04";"2026-09-15 14:49:04";não
628;662890664;Congestionamento;4;"Muito alto";124;2.1;5.590;293;0.293;0;"R. Dr. Campolina";"Conselheiro Lafaiete";BR;8;"2026-09-15 14:45:04";"2026-09-15 14:45:04";não
626;661919956;Congestionamento;3;Alto;287;4.8;5.650;583;0.583;3;"R. Tavares de Melo";"Conselheiro Lafaiete";BR;13;"2026-09-15 14:37:05";"2026-09-15 14:41:04";não
623;660437312;Congestionamento;3;Alto;124;2.1;7.450;344;0.344;8;"Pç. Barão de Queluz";"Conselheiro Lafaiete";BR;13;"2026-09-15 14:29:04";"2026-09-15 14:37:05";não
621;659769388;Congestionamento;4;"Muito alto";162;2.7;3.530;194;0.194;3;"R. Santana";"Conselheiro Lafaiete";BR;5;"2026-09-15 14:25:05";"2026-09-15 14:29:04";não
619;658293382;Congestionamento;4;"Muito alto";117;2;4.650;185;0.185;0;"Pç. Barão de Queluz";"Conselheiro Lafaiete";BR;8;"2026-09-15 14:23:04";"2026-09-15 14:23:04";não
610;656758530;Congestionamento;3;Alto;137;2.3;7.800;446;0.446;4;"R. Horácio de Queiroz";"Conselheiro Lafaiete";BR;8;"2026-09-15 14:09:03";"2026-09-15 14:13:04";não
611;656997688;Congestionamento;4;"Muito alto";133;2.2;3.250;133;0.133;2;"Pç. Tiradentes";"Conselheiro Lafaiete";BR;2;"2026-09-15 14:09:03";"2026-09-15 14:11:03";não
612;656793654;Congestionamento;3;Alto;128;2.1;4.330;188;0.188;0;"R. Narcisa Queiroz";"Conselheiro Lafaiete";BR;3;"2026-09-15 14:09:03";"2026-09-15 14:09:03";não
609;656445070;Congestionamento;3;Alto;86;1.4;9.060;322;0.322;0;"R. Comendador Baeta Neves";"Conselheiro Lafaiete";BR;11;"2026-09-15 14:05:05";"2026-09-15 14:05:05";não
607;655711956;Congestionamento;3;Alto;134;2.2;7.010;344;0.344;42;"Pç. Barão de Queluz";"Conselheiro Lafaiete";BR;13;"2026-09-15 14:03:03";"2026-09-15 14:45:04";não
601;653687330;Congestionamento;3;Alto;100;1.7;8.650;344;0.344;0;"Pç. Barão de Queluz";"Conselheiro Lafaiete";BR;13;"2026-09-15 13:49:04";"2026-09-15 13:49:04";não
602;653483210;Congestionamento;3;Alto;70;1.2;13.200;460;0.46;0;"R. Alfredo Elias Mafuz";"Conselheiro Lafaiete";BR;11;"2026-09-15 13:49:04";"2026-09-15 13:49:04";não
600;652888172;Congestionamento;3;Alto;120;2;5.240;248;0.248;7;"R. Cassimiro Adriano da Silva";"Conselheiro Lafaiete";BR;4;"2026-09-15 13:45:06";"2026-09-15 13:53:04";não
594;650339220;Congestionamento;3;Alto;108;1.8;6.030;230;0.23;9;"R. Olegário Pinto";"Conselheiro Lafaiete";BR;6;"2026-09-15 13:29:04";"2026-09-15 13:39:03";não
592;649602774;Congestionamento;3;Alto;63;1.1;11.270;677;0.677;4;"R. Dr. Campolina";"Conselheiro Lafaiete";BR;14;"2026-09-15 13:25:04";"2026-09-15 13:29:04";não
590;648497780;Congestionamento;4;"Muito alto";167;2.8;4.160;230;0.23;0;"Pç. São Sebastião";"Conselheiro Lafaiete";BR;9;"2026-09-15 13:17:04";"2026-09-15 13:17:04";não
587;648078796;Congestionamento;4;"Muito alto";117;2;5.540;210;0.21;0;"R. Francisco Lobo";"Conselheiro Lafaiete";BR;4;"2026-09-15 13:13:04";"2026-09-15 13:13:04";não
583;646721014;"Interdição antiga";5;Parado;;;0.000;100;0.1;53;"R. Dr. Moreira";"Conselheiro Lafaiete";BR;3;"2026-09-15 13:05:05";"2026-09-15 13:59:04";não
577;646192456;Congestionamento;3;Alto;111;1.9;18.680;857;0.857;6;;"Conselheiro Lafaiete";BR;23;"2026-09-15 12:59:04";"2026-09-15 13:05:05";não
578;645981070;Congestionamento;3;Alto;192;3.2;4.630;324;0.324;6;"R. Odília Vieira de Oliveira";"Conselheiro Lafaiete";BR;7;"2026-09-15 12:59:04";"2026-09-15 13:05:05";não
580;645945462;Congestionamento;3;Alto;103;1.7;5.340;195;0.195;0;"R. Dr. Wenceslau Braz";"Conselheiro Lafaiete";BR;4;"2026-09-15 12:59:04";"2026-09-15 12:59:04";não
569;644919706;Congestionamento;4;"Muito alto";198;3.3;3.220;203;0.203;2;"Pç. São Sebastião";"Conselheiro Lafaiete";BR;7;"2026-09-15 12:53:04";"2026-09-15 12:55:04";não
571;644778100;Congestionamento;4;"Muito alto";200;3.3;4.090;264;0.264;2;"Av. Furtado";"Conselheiro Lafaiete";BR;6;"2026-09-15 12:53:04";"2026-09-15 12:55:04";não
568;644343146;Congestionamento;3;Alto;92;1.5;5.820;195;0.195;6;"R. Dr. Wenceslau Braz";"Conselheiro Lafaiete";BR;4;"2026-09-15 12:49:04";"2026-09-15 12:55:04";não
561;641783098;Congestionamento;3;Alto;101;1.7;5.420;195;0.195;8;"R. Dr. Wenceslau Braz";"Conselheiro Lafaiete";BR;4;"2026-09-15 12:33:04";"2026-09-15 12:41:04";não
560;641313758;Congestionamento;3;Alto;112;1.9;9.380;439;0.439;0;"R. Afonso Pena";"Conselheiro Lafaiete";BR;8;"2026-09-15 12:29:04";"2026-09-15 12:29:04";não
559;641071944;Congestionamento;3;Alto;101;1.7;6.740;256;0.256;0;"Pç. São Sebastião";"Conselheiro Lafaiete";BR;8;"2026-09-15 12:25:04";"2026-09-15 12:25:04";não
558;640676494;Congestionamento;4;"Muito alto";268;4.5;2.350;214;0.214;18;"R. Dr. Moreira";"Conselheiro Lafaiete";BR;4;"2026-09-15 12:23:03";"2026-09-15 12:41:04";não
556;638723722;Congestionamento;3;Alto;119;2;11.190;541;0.541;4;"Av. Da. Rosa Dutra";"Conselheiro Lafaiete";BR;17;"2026-09-15 12:11:04";"2026-09-15 12:15:04";não
555;638544256;Congestionamento;3;Alto;102;1.7;9.270;378;0.378;4;"R. Barão de Pouso Alegre";"Conselheiro Lafaiete";BR;6;"2026-09-15 12:07:04";"2026-09-15 12:11:04";não
548;636688706;Congestionamento;3;Alto;117;2;6.740;272;0.272;0;"Av. Mal. Floriano Peixoto";"Conselheiro Lafaiete";BR;3;"2026-09-15 11:55:05";"2026-09-15 11:55:05";não
545;635936564;Congestionamento;3;Alto;153;2.6;8.730;570;0.57;6;"R. Tavares de Melo";"Conselheiro Lafaiete";BR;11;"2026-09-15 11:49:04";"2026-09-15 11:55:05";não
542;635188492;Congestionamento;3;Alto;118;2;10.140;474;0.474;9;;"Conselheiro Lafaiete";BR;12;"2026-09-15 11:45:06";"2026-09-15 11:55:05";não
538;633723564;Congestionamento;3;Alto;101;1.7;4.920;170;0.17;6;"R. Antônio Aureliano de Rezende";"Conselheiro Lafaiete";BR;4;"2026-09-15 11:37:03";"2026-09-15 11:43:04";não
534;630664274;Congestionamento;3;Alto;106;1.8;4.550;164;0.164;7;"R. Cônego João Pio";"Conselheiro Lafaiete";BR;2;"2026-09-15 11:19:04";"2026-09-15 11:27:03";não
531;628529314;Congestionamento;3;Alto;100;1.7;4.290;165;0.165;20;"R. Dr. José Lopes de Assis";"Conselheiro Lafaiete";BR;6;"2026-09-15 11:03:04";"2026-09-15 11:23:04";não
530;628075756;Congestionamento;3;Alto;84;1.4;7.270;295;0.295;6;"R. Miguel Garcia";"Conselheiro Lafaiete";BR;10;"2026-09-15 10:59:04";"2026-09-15 11:05:04";não
526;621710272;Congestionamento;3;Alto;104;1.7;11.150;536;0.536;0;"R. Francisco Lobo";"Conselheiro Lafaiete";BR;10;"2026-09-15 10:15:04";"2026-09-15 10:15:04";não
524;621051122;Congestionamento;3;Alto;105;1.8;4.980;178;0.178;10;"R. Miguel Garcia";"Conselheiro Lafaiete";BR;7;"2026-09-15 10:11:04";"2026-09-15 10:21:04";não
523;620650292;Congestionamento;3;Alto;123;2.1;3.690;165;0.165;4;"R. Dr. José Lopes de Assis";"Conselheiro Lafaiete";BR;6;"2026-09-15 10:07:04";"2026-09-15 10:11:04";não
518;619559660;Congestionamento;3;Alto;134;2.2;5.710;262;0.262;0;"Av. Prof. Manoel Martins";"Conselheiro Lafaiete";BR;8;"2026-09-15 09:55:04";"2026-09-15 09:55:04";não
517;618705792;Congestionamento;3;Alto;106;1.8;5.180;194;0.194;4;"R. Duque de Caxias";"Conselheiro Lafaiete";BR;5;"2026-09-15 09:51:04";"2026-09-15 09:55:04";não
513;609381008;Congestionamento;3;Alto;117;2;14.410;758;0.758;4;"Estr. União Indústria";"Conselheiro Lafaiete";BR;16;"2026-09-15 08:11:03";"2026-09-15 08:15:04";não
512;583614676;Congestionamento;3;Alto;111;1.9;6.840;274;0.274;4;"R. Cefisa Viana";"Conselheiro Lafaiete";BR;4;"2026-09-15 06:07:04";"2026-09-15 06:11:04";não
510;572544328;Congestionamento;3;Alto;90;1.5;10.580;389;0.389;0;"Av. Prefeito Telésforo Cândido Resende";"Conselheiro Lafaiete";BR;10;"2026-09-15 04:53:04";"2026-09-15 04:53:04";não
508;567093150;Congestionamento;3;Alto;115;1.9;8.020;394;0.394;7;"R. João Cândido Moraes da Silva";"Conselheiro Lafaiete";BR;6;"2026-09-15 02:41:05";"2026-09-15 02:49:04";não
506;566520262;"Interdição antiga";5;Parado;;;0.000;156;0.156;2224;"R. Valério Eugênio";"Conselheiro Lafaiete";BR;4;"2026-09-15 02:27:03";"2026-09-16 15:31:04";não
507;566520058;"Interdição antiga";5;Parado;;;0.000;133;0.133;1196;;"Conselheiro Lafaiete";BR;4;"2026-09-15 02:27:03";"2026-09-15 22:23:04";não
503;562176472;Congestionamento;4;"Muito alto";119;2;3.900;162;0.162;4;"R. João Domingos da Silva";"Conselheiro Lafaiete";BR;3;"2026-09-15 00:57:35";"2026-09-15 01:01:36";não
502;559217058;Congestionamento;3;Alto;88;1.5;11.870;458;0.458;0;"R. Duque de Caxias";"Conselheiro Lafaiete";BR;8;"2026-09-15 00:15:36";"2026-09-15 00:15:36";não
501;558600234;Congestionamento;3;Alto;158;2.6;6.030;369;0.369;4;"R. Adolfo Siqueira";"Conselheiro Lafaiete";BR;8;"2026-09-15 00:05:36";"2026-09-15 00:09:36";não
500;557768070;Congestionamento;4;"Muito alto";130;2.2;5.540;248;0.248;0;"R. Lopes Franco";"Conselheiro Lafaiete";BR;4;"2026-09-14 23:57:35";"2026-09-14 23:57:35";não
498;555349418;Congestionamento;3;Alto;89;1.5;5.210;174;0.174;2;"R. Sílvio Rosa de Lima";"Conselheiro Lafaiete";BR;3;"2026-09-14 23:29:35";"2026-09-14 23:31:35";não
497;555214574;Congestionamento;3;Alto;102;1.7;5.550;198;0.198;7;"R. Cônego João Pio";"Conselheiro Lafaiete";BR;5;"2026-09-14 23:25:36";"2026-09-14 23:33:35";não
496;554998878;Congestionamento;3;Alto;121;2;6.400;284;0.284;2;"R. João Evangelista";"Conselheiro Lafaiete";BR;3;"2026-09-14 23:23:35";"2026-09-14 23:25:36";não
494;554217848;Congestionamento;3;Alto;90;1.5;8.000;283;0.283;0;"R. Cel. Albino";"Conselheiro Lafaiete";BR;6;"2026-09-14 23:15:36";"2026-09-14 23:15:36";não
495;554283462;Congestionamento;3;Alto;111;1.9;7.930;330;0.33;4;"R. Geraldo Francisco da Silva";"Conselheiro Lafaiete";BR;7;"2026-09-14 23:15:36";"2026-09-14 23:19:36";não
493;554075932;Congestionamento;3;Alto;87;1.5;8.060;370;0.37;8;"R. Maria José";"Conselheiro Lafaiete";BR;7;"2026-09-14 23:11:36";"2026-09-14 23:19:36";não
491;552933636;Congestionamento;4;"Muito alto";107;1.8;5.090;184;0.184;8;"R. Minas Gerais";"Conselheiro Lafaiete";BR;4;"2026-09-14 22:59:35";"2026-09-14 23:07:36";não
490;551931260;Congestionamento;4;"Muito alto";126;2.1;4.670;191;0.191;8;"Av. Mal. Floriano Peixoto";"Conselheiro Lafaiete";BR;5;"2026-09-14 22:51:35";"2026-09-14 22:59:35";não
489;549706210;Congestionamento;3;Alto;122;2;6.900;344;0.344;0;"R. Josefina Martins";"Conselheiro Lafaiete";BR;9;"2026-09-14 22:27:35";"2026-09-14 22:27:35";não
487;549298542;Congestionamento;3;Alto;116;1.9;10.620;565;0.565;5;"R. Adolfo Siqueira";"Conselheiro Lafaiete";BR;14;"2026-09-14 22:23:36";"2026-09-14 22:29:35";não
486;548665826;Congestionamento;4;"Muito alto";130;2.2;4.130;179;0.179;10;"R. João Cândido Moraes da Silva";"Conselheiro Lafaiete";BR;4;"2026-09-14 22:17:35";"2026-09-14 22:27:35";não
485;547342794;Congestionamento;3;Alto;131;2.2;3.520;165;0.165;4;"R. Dr. José Lopes de Assis";"Conselheiro Lafaiete";BR;6;"2026-09-14 22:05:36";"2026-09-14 22:09:36";não
478;545850026;Congestionamento;4;"Muito alto";98;1.6;6.240;247;0.247;2;"R. Dr. Mário de Rezende Dutra";"Conselheiro Lafaiete";BR;8;"2026-09-14 21:53:35";"2026-09-14 21:55:36";não
476;545673940;Congestionamento;3;Alto;95;1.6;7.020;252;0.252;0;"R. Dias de Souza";"Conselheiro Lafaiete";BR;8;"2026-09-14 21:51:35";"2026-09-14 21:51:35";não
477;545479770;Congestionamento;3;Alto;93;1.6;5.080;214;0.214;10;"R. Dr. Moreira";"Conselheiro Lafaiete";BR;4;"2026-09-14 21:51:35";"2026-09-14 22:01:35";não
474;545280620;Congestionamento;3;Alto;127;2.1;6.680;320;0.32;5;"Pç. São Sebastião";"Conselheiro Lafaiete";BR;12;"2026-09-14 21:47:36";"2026-09-14 21:53:35";não
471;544784508;Congestionamento;4;"Muito alto";195;3.3;2.540;165;0.165;7;"R. Dr. José Lopes de Assis";"Conselheiro Lafaiete";BR;6;"2026-09-14 21:43:36";"2026-09-14 21:51:35";não
473;544413900;Congestionamento;3;Alto;110;1.8;6.750;276;0.276;0;"R. Dias de Souza";"Conselheiro Lafaiete";BR;10;"2026-09-14 21:43:36";"2026-09-14 21:43:36";não
464;543461676;Congestionamento;3;Alto;103;1.7;6.960;284;0.284;0;"Av. Prof. Manoel Martins";"Conselheiro Lafaiete";BR;7;"2026-09-14 21:35:36";"2026-09-14 21:35:36";não
465;543355242;Congestionamento;3;Alto;175;2.9;7.640;508;0.508;0;"R. Olegário Pinto";"Conselheiro Lafaiete";BR;12;"2026-09-14 21:35:36";"2026-09-14 21:35:36";não
467;543696850;Congestionamento;3;Alto;84;1.4;5.410;214;0.214;4;"R. Dr. Moreira";"Conselheiro Lafaiete";BR;4;"2026-09-14 21:35:36";"2026-09-14 21:39:36";não
457;542209402;Congestionamento;3;Alto;93;1.6;7.440;284;0.284;3;"Av. Prof. Manoel Martins";"Conselheiro Lafaiete";BR;7;"2026-09-14 21:25:36";"2026-09-14 21:29:35";não
458;542434776;Congestionamento;3;Alto;93;1.6;6.960;256;0.256;0;"R. Duque de Caxias";"Conselheiro Lafaiete";BR;5;"2026-09-14 21:25:36";"2026-09-14 21:25:36";não
459;542438970;Congestionamento;4;"Muito alto";97;1.6;7.150;244;0.244;6;"Av. Prefeito Mário Rodrigues Pereira";"Conselheiro Lafaiete";BR;9;"2026-09-14 21:25:36";"2026-09-14 21:31:36";não
460;542571918;Congestionamento;3;Alto;147;2.5;3.850;197;0.197;0;"R. Dr. Moreira";"Conselheiro Lafaiete";BR;4;"2026-09-14 21:25:36";"2026-09-14 21:25:36";não
461;542126604;Congestionamento;3;Alto;151;2.5;3.090;166;0.166;6;"R. João Santos";"Conselheiro Lafaiete";BR;5;"2026-09-14 21:25:36";"2026-09-14 21:31:36";não
462;542272460;Congestionamento;3;Alto;85;1.4;9.790;365;0.365;0;"R. Tavares de Melo";"Conselheiro Lafaiete";BR;7;"2026-09-14 21:25:36";"2026-09-14 21:25:36";não
454;542008012;Congestionamento;4;"Muito alto";103;1.7;4.450;152;0.152;0;"R. Barão de Pouso Alegre";"Conselheiro Lafaiete";BR;2;"2026-09-14 21:21:36";"2026-09-14 21:21:36";não
455;541849858;Congestionamento;3;Alto;100;1.7;12.860;584;0.584;10;"Av. Prefeito Telésforo Cândido Resende";"Conselheiro Lafaiete";BR;13;"2026-09-14 21:21:36";"2026-09-14 21:31:36";não
449;541523138;Congestionamento;3;Alto;90;1.5;11.750;445;0.445;4;"Av. Prefeito Mário Rodrigues Pereira";"Conselheiro Lafaiete";BR;16;"2026-09-14 21:17:36";"2026-09-14 21:21:36";não
450;541437568;Congestionamento;3;Alto;81;1.4;10.890;366;0.366;8;"R. Santa Matilde";"Conselheiro Lafaiete";BR;7;"2026-09-14 21:17:36";"2026-09-14 21:25:36";não
451;541624698;Congestionamento;3;Alto;148;2.5;3.840;197;0.197;4;"R. Dr. Moreira";"Conselheiro Lafaiete";BR;4;"2026-09-14 21:17:36";"2026-09-14 21:21:36";não
452;541515152;Congestionamento;3;Alto;85;1.4;8.410;290;0.29;0;"R. Dias de Souza";"Conselheiro Lafaiete";BR;8;"2026-09-14 21:17:36";"2026-09-14 21:17:36";não
453;541656222;Congestionamento;4;"Muito alto";251;4.2;2.130;161;0.161;0;"R. Francisco Lourenço de Barros";"Conselheiro Lafaiete";BR;3;"2026-09-14 21:17:36";"2026-09-14 21:17:36";não
446;540989438;Congestionamento;4;"Muito alto";266;4.4;2.020;161;0.161;0;"R. Francisco Lourenço de Barros";"Conselheiro Lafaiete";BR;3;"2026-09-14 21:13:36";"2026-09-14 21:13:36";não
448;541180524;Congestionamento;3;Alto;86;1.4;10.550;427;0.427;0;"Av. Prof. Manoel Martins";"Conselheiro Lafaiete";BR;9;"2026-09-14 21:13:36";"2026-09-14 21:13:36";não
443;540626270;Congestionamento;3;Alto;209;3.5;2.540;180;0.18;0;"R. Dr. Melo Viana";"Conselheiro Lafaiete";BR;8;"2026-09-14 21:09:36";"2026-09-14 21:09:36";não
438;540140788;Congestionamento;3;Alto;111;1.9;9.440;439;0.439;2;"R. Afonso Pena";"Conselheiro Lafaiete";BR;8;"2026-09-14 21:07:35";"2026-09-14 21:09:36";não
439;540338720;Congestionamento;4;"Muito alto";225;3.8;2.350;161;0.161;0;"R. Francisco Lourenço de Barros";"Conselheiro Lafaiete";BR;3;"2026-09-14 21:07:35";"2026-09-14 21:07:35";não
440;540261508;Congestionamento;4;"Muito alto";116;1.9;4.280;185;0.185;10;"R. Jacinto Siqueira";"Conselheiro Lafaiete";BR;4;"2026-09-14 21:07:35";"2026-09-14 21:17:36";não
436;539821994;Congestionamento;3;Alto;127;2.1;3.580;165;0.165;6;"R. Dr. José Lopes de Assis";"Conselheiro Lafaiete";BR;6;"2026-09-14 21:03:36";"2026-09-14 21:09:36";não
434;539411566;Congestionamento;4;"Muito alto";128;2.1;3.790;155;0.155;0;"R. João Evangelista";"Conselheiro Lafaiete";BR;3;"2026-09-14 20:59:36";"2026-09-14 20:59:36";não
430;539207976;Congestionamento;3;Alto;145;2.4;3.180;166;0.166;0;"R. João Santos";"Conselheiro Lafaiete";BR;5;"2026-09-14 20:57:35";"2026-09-14 20:57:35";não
432;539186262;Congestionamento;4;"Muito alto";806;13.4;1.000;235;0.235;0;"R. Vitor Eduardo Purri da Silva";"Conselheiro Lafaiete";BR;4;"2026-09-14 20:57:35";"2026-09-14 20:57:35";não
426;538625374;Congestionamento;3;Alto;102;1.7;12.900;641;0.641;28;"R. Santa Efigênia";"Conselheiro Lafaiete";BR;21;"2026-09-14 20:53:36";"2026-09-14 21:21:36";não
423;537782918;Congestionamento;3;Alto;93;1.6;4.530;165;0.165;13;"R. Dr. José Lopes de Assis";"Conselheiro Lafaiete";BR;6;"2026-09-14 20:43:57";"2026-09-14 20:57:35";não
424;537797848;Congestionamento;4;"Muito alto";365;6.1;1.500;161;0.161;0;"R. Francisco Lourenço de Barros";"Conselheiro Lafaiete";BR;3;"2026-09-14 20:43:57";"2026-09-14 20:43:57";não
420;537512152;Congestionamento;3;Alto;120;2;3.750;165;0.165;2;"R. Dr. José Lopes de Assis";"Conselheiro Lafaiete";BR;6;"2026-09-14 20:39:36";"2026-09-14 20:41:42";não
421;537364118;Congestionamento;4;"Muito alto";428;7.1;1.290;161;0.161;2;"R. Francisco Lourenço de Barros";"Conselheiro Lafaiete";BR;3;"2026-09-14 20:39:36";"2026-09-14 20:41:42";não
415;268282964;Congestionamento;4;"Muito alto";195;3.3;5.500;383;0.383;5;"Est. União Indústria";"Conselheiro Lafaiete";BR;11;"2026-09-14 20:33:56";"2026-09-14 20:39:36";não
416;268251990;Congestionamento;4;"Muito alto";157;2.6;3.410;170;0.17;0;"R. Tavares de Melo";"Conselheiro Lafaiete";BR;3;"2026-09-14 20:33:56";"2026-09-14 20:33:56";não
418;268381216;Congestionamento;4;"Muito alto";521;8.7;1.630;249;0.249;10;"Av. Ver. Mário Reis Carvalho";"Conselheiro Lafaiete";BR;6;"2026-09-14 20:33:56";"2026-09-14 20:43:57";não
414;268062410;Congestionamento;3;Alto;101;1.7;5.130;201;0.201;8;"R. Dom Pedro I";"Conselheiro Lafaiete";BR;3;"2026-09-14 20:31:36";"2026-09-14 20:39:36";não
409;267465594;Congestionamento;3;Alto;112;1.9;7.420;320;0.32;0;"Av. Mal. Floriano Peixoto";"Conselheiro Lafaiete";BR;5;"2026-09-14 20:27:36";"2026-09-14 20:27:36";não
410;267351764;Congestionamento;3;Alto;90;1.5;5.510;184;0.184;6;"R. Horácio de Queiroz";"Conselheiro Lafaiete";BR;3;"2026-09-14 20:27:36";"2026-09-14 20:33:56";não
408;267290672;Congestionamento;3;Alto;147;2.5;4.110;208;0.208;0;"R. Tenente Porteira";"Conselheiro Lafaiete";BR;2;"2026-09-14 20:23:36";"2026-09-14 20:23:36";não
402;267233644;Congestionamento;3;Alto;167;2.8;6.890;477;0.477;6;"R. João Franco Ribeiro";"Conselheiro Lafaiete";BR;11;"2026-09-14 20:21:35";"2026-09-14 20:27:36";não
403;267125118;Congestionamento;3;Alto;130;2.2;11.540;677;0.677;10;"R. Adolfo Siqueira";"Conselheiro Lafaiete";BR;16;"2026-09-14 20:21:35";"2026-09-14 20:31:36";não
404;267027676;Congestionamento;3;Alto;79;1.3;8.780;302;0.302;0;"R. Horácio de Queiroz";"Conselheiro Lafaiete";BR;5;"2026-09-14 20:21:35";"2026-09-14 20:21:35";não
405;267019452;Congestionamento;3;Alto;127;2.1;4.320;197;0.197;2;"R. Dr. Moreira";"Conselheiro Lafaiete";BR;4;"2026-09-14 20:21:35";"2026-09-14 20:23:36";não
406;266843120;Congestionamento;4;"Muito alto";192;3.2;6.080;394;0.394;22;"Av. Monsenhor Moreira";"Conselheiro Lafaiete";BR;13;"2026-09-14 20:21:35";"2026-09-14 20:43:57";não
395;266545026;Congestionamento;3;Alto;84;1.4;4.840;165;0.165;0;"R. Dr. José Lopes de Assis";"Conselheiro Lafaiete";BR;6;"2026-09-14 20:17:36";"2026-09-14 20:17:36";não
396;266583746;Congestionamento;4;"Muito alto";101;1.7;5.670;193;0.193;6;"R. Barão de Pouso Alegre";"Conselheiro Lafaiete";BR;6;"2026-09-14 20:17:36";"2026-09-14 20:23:36";não
397;266600546;Congestionamento;3;Alto;163;2.7;7.070;424;0.424;6;"R. Adolfo Siqueira";"Conselheiro Lafaiete";BR;10;"2026-09-14 20:17:36";"2026-09-14 20:23:36";não
399;266602936;Congestionamento;3;Alto;93;1.6;5.390;188;0.188;3;"Al. Dois de Novembro";"Conselheiro Lafaiete";BR;5;"2026-09-14 20:17:36";"2026-09-14 20:21:35";não
400;266665946;Congestionamento;3;Alto;82;1.4;7.850;266;0.266;10;"R. Monsenhor Barreto";"Conselheiro Lafaiete";BR;7;"2026-09-14 20:17:36";"2026-09-14 20:27:36";não
401;266820856;Congestionamento;4;"Muito alto";170;2.8;3.080;166;0.166;10;"Pç. São Sebastião";"Conselheiro Lafaiete";BR;5;"2026-09-14 20:17:36";"2026-09-14 20:27:36";não
393;266481074;Congestionamento;3;Alto;79;1.3;9.620;339;0.339;4;"R. Santa Efigênia";"Conselheiro Lafaiete";BR;10;"2026-09-14 20:13:36";"2026-09-14 20:17:36";não
388;265866420;Congestionamento;4;"Muito alto";1017;17;0.530;177;0.177;0;"R. Jair Bianchette";"Conselheiro Lafaiete";BR;2;"2026-09-14 20:07:35";"2026-09-14 20:07:35";não
389;265952652;Congestionamento;3;Alto;120;2;7.290;383;0.383;10;"R. Santo Antônio de Pádua";"Conselheiro Lafaiete";BR;9;"2026-09-14 20:07:35";"2026-09-14 20:17:36";não
391;266021058;Congestionamento;3;Alto;83;1.4;4.760;166;0.166;0;"R. João Santos";"Conselheiro Lafaiete";BR;5;"2026-09-14 20:07:35";"2026-09-14 20:07:35";não
387;265558736;Congestionamento;3;Alto;80;1.3;4.880;166;0.166;0;"R. João Santos";"Conselheiro Lafaiete";BR;5;"2026-09-14 20:03:36";"2026-09-14 20:03:36";não
383;265540886;Congestionamento;3;Alto;86;1.4;9.600;344;0.344;6;"Pç. Barão de Queluz";"Conselheiro Lafaiete";BR;13;"2026-09-14 20:01:35";"2026-09-14 20:07:35";não
385;265468638;Congestionamento;3;Alto;71;1.2;5.940;214;0.214;12;"R. Dr. Moreira";"Conselheiro Lafaiete";BR;4;"2026-09-14 20:01:35";"2026-09-14 20:13:36";não
381;264906330;Congestionamento;3;Alto;82;1.4;4.930;165;0.165;0;"R. Dr. José Lopes de Assis";"Conselheiro Lafaiete";BR;6;"2026-09-14 19:55:36";"2026-09-14 19:55:36";não
377;264516196;Congestionamento;3;Alto;84;1.4;4.870;165;0.165;0;"R. Dr. José Lopes de Assis";"Conselheiro Lafaiete";BR;6;"2026-09-14 19:47:36";"2026-09-14 19:47:36";não
378;264342636;Congestionamento;3;Alto;91;1.5;10.940;405;0.405;8;"R. Alfredo Elias Mafuz";"Conselheiro Lafaiete";BR;7;"2026-09-14 19:47:36";"2026-09-14 19:55:36";não
379;264270040;Congestionamento;3;Alto;76;1.3;10.350;454;0.454;4;"R. João Franco Ribeiro";"Conselheiro Lafaiete";BR;10;"2026-09-14 19:47:36";"2026-09-14 19:51:36";não
373;264162586;Congestionamento;3;Alto;80;1.3;12.800;444;0.444;150;"R. Benjamim Constant";"Conselheiro Lafaiete";BR;12;"2026-09-14 19:43:35";"2026-09-14 22:13:35";não
371;263687832;Congestionamento;4;"Muito alto";127;2.1;5.330;227;0.227;8;"R. Dias de Souza";"Conselheiro Lafaiete";BR;6;"2026-09-14 19:39:36";"2026-09-14 19:47:36";não
368;263499360;Congestionamento;3;Alto;86;1.4;14.050;584;0.584;94;"Av. Prefeito Telésforo Cândido Resende";"Conselheiro Lafaiete";BR;13;"2026-09-14 19:35:36";"2026-09-14 21:09:36";não
369;263495370;Congestionamento;3;Alto;121;2;8.730;467;0.467;12;"R. Monsenhor Barreto";"Conselheiro Lafaiete";BR;10;"2026-09-14 19:35:36";"2026-09-14 19:47:36";não
365;263450214;Congestionamento;4;"Muito alto";125;2.1;5.410;227;0.227;2;"R. Dias de Souza";"Conselheiro Lafaiete";BR;6;"2026-09-14 19:33:35";"2026-09-14 19:35:36";não
367;263431336;Congestionamento;3;Alto;85;1.4;7.790;261;0.261;2;"R. Antônio Aureliano de Rezende";"Conselheiro Lafaiete";BR;4;"2026-09-14 19:33:35";"2026-09-14 19:35:36";não
362;263290154;Congestionamento;3;Alto;100;1.7;5.350;183;0.183;2;"R. Alfredo Elias Mafuz";"Conselheiro Lafaiete";BR;5;"2026-09-14 19:31:35";"2026-09-14 19:33:35";não
360;263004396;Congestionamento;3;Alto;84;1.4;11.280;387;0.387;0;"R. Benjamim Constant";"Conselheiro Lafaiete";BR;11;"2026-09-14 19:27:36";"2026-09-14 19:27:36";não
361;262992770;Congestionamento;3;Alto;128;2.1;8.590;425;0.425;0;"R. Adolfo Siqueira";"Conselheiro Lafaiete";BR;9;"2026-09-14 19:27:36";"2026-09-14 19:27:36";não
358;262332594;Congestionamento;3;Alto;73;1.2;7.660;293;0.293;0;"R. Dr. Campolina";"Conselheiro Lafaiete";BR;8;"2026-09-14 19:17:36";"2026-09-14 19:17:36";não
354;262071548;Congestionamento;4;"Muito alto";117;2;4.770;191;0.191;10;"Pç. São Sebastião";"Conselheiro Lafaiete";BR;6;"2026-09-14 19:13:35";"2026-09-14 19:23:36";não
357;261811428;Congestionamento;3;Alto;118;2;6.430;330;0.33;4;"R. José Nicolau de Queiroz";"Conselheiro Lafaiete";BR;3;"2026-09-14 19:13:35";"2026-09-14 19:17:36";não
349;261002026;Congestionamento;3;Alto;90;1.5;11.880;444;0.444;20;"R. Benjamim Constant";"Conselheiro Lafaiete";BR;12;"2026-09-14 18:57:35";"2026-09-14 19:17:36";não
346;260701434;Congestionamento;3;Alto;98;1.6;6.880;252;0.252;0;"R. Dias de Souza";"Conselheiro Lafaiete";BR;8;"2026-09-14 18:53:36";"2026-09-14 18:53:36";não
348;260719600;Congestionamento;3;Alto;147;2.5;7.330;402;0.402;6;"R. Duque de Caxias";"Conselheiro Lafaiete";BR;10;"2026-09-14 18:53:36";"2026-09-14 18:59:36";não
341;260459502;Congestionamento;3;Alto;101;1.7;5.910;249;0.249;10;"Av. Alberto de Souza";"Conselheiro Lafaiete";BR;4;"2026-09-14 18:49:36";"2026-09-14 18:59:36";não
345;260490746;Congestionamento;3;Alto;91;1.5;7.890;280;0.28;4;"R. Arthur Bernardes";"Conselheiro Lafaiete";BR;7;"2026-09-14 18:49:36";"2026-09-14 18:53:36";não
332;259156790;Congestionamento;3;Alto;100;1.7;4.750;170;0.17;6;"R. Amintas Junqueira";"Conselheiro Lafaiete";BR;5;"2026-09-14 18:31:35";"2026-09-14 18:37:35";não
334;259405230;Congestionamento;4;"Muito alto";339;5.7;3.680;398;0.398;0;"R. Cristovão de Sena";"Conselheiro Lafaiete";BR;6;"2026-09-14 18:31:35";"2026-09-14 18:31:35";não
330;258879770;Congestionamento;3;Alto;122;2;8.110;377;0.377;0;"Av. Mal. Floriano Peixoto";"Conselheiro Lafaiete";BR;7;"2026-09-14 18:27:37";"2026-09-14 18:27:37";não
328;258705518;Congestionamento;3;Alto;141;2.4;3.950;193;0.193;0;"R. João José Ferreira";"Conselheiro Lafaiete";BR;4;"2026-09-14 18:21:35";"2026-09-14 18:21:35";não
326;258492590;Congestionamento;4;"Muito alto";145;2.4;3.370;159;0.159;2;"R. Cel. Albino";"Conselheiro Lafaiete";BR;5;"2026-09-14 18:19:35";"2026-09-14 18:21:35";não
327;258518176;Congestionamento;3;Alto;113;1.9;8.560;377;0.377;4;"Av. Mal. Floriano Peixoto";"Conselheiro Lafaiete";BR;7;"2026-09-14 18:19:35";"2026-09-14 18:23:35";não
323;257684594;Congestionamento;3;Alto;91;1.5;4.450;156;0.156;8;"R. Isaltino de Freitas";"Conselheiro Lafaiete";BR;3;"2026-09-14 18:09:35";"2026-09-14 18:17:35";não
321;257553824;Congestionamento;4;"Muito alto";197;3.3;4.030;261;0.261;3;"Av. Dom Pedro II";"Conselheiro Lafaiete";BR;5;"2026-09-14 18:05:36";"2026-09-14 18:09:35";não
322;257373870;Congestionamento;4;"Muito alto";225;3.8;2.880;208;0.208;8;"R. Tenente Porteira";"Conselheiro Lafaiete";BR;2;"2026-09-14 18:05:36";"2026-09-14 18:13:36";não
319;257134794;Congestionamento;4;"Muito alto";267;4.5;2.400;199;0.199;0;"R. Cristovão de Sena";"Conselheiro Lafaiete";BR;8;"2026-09-14 18:01:36";"2026-09-14 18:01:36";não
317;257027272;Congestionamento;3;Alto;110;1.8;8.430;378;0.378;6;"R. Tavares de Melo";"Conselheiro Lafaiete";BR;9;"2026-09-14 17:59:35";"2026-09-14 18:05:36";não
313;256013206;Congestionamento;4;"Muito alto";1218;20.3;0.540;191;0.191;8;"R. Dr. Mário de Rezende Dutra";"Conselheiro Lafaiete";BR;6;"2026-09-14 17:47:35";"2026-09-14 17:55:36";não
314;255775842;Congestionamento;3;Alto;124;2.1;9.830;516;0.516;8;"R. Dias de Souza";"Conselheiro Lafaiete";BR;12;"2026-09-14 17:47:35";"2026-09-14 17:55:36";não
312;255485174;Congestionamento;4;"Muito alto";260;4.3;2.530;199;0.199;6;"R. Cristovão de Sena";"Conselheiro Lafaiete";BR;8;"2026-09-14 17:43:36";"2026-09-14 17:49:36";não
307;255357250;Congestionamento;4;"Muito alto";109;1.8;6.180;209;0.209;10;"MG-129 Rod. Eng. Ary Belisário";"Conselheiro Lafaiete";BR;5;"2026-09-14 17:39:35";"2026-09-14 17:49:36";não
308;255322220;Congestionamento;4;"Muito alto";131;2.2;5.490;252;0.252;0;"R. Dias de Souza";"Conselheiro Lafaiete";BR;8;"2026-09-14 17:39:35";"2026-09-14 17:39:35";não
300;253813590;Congestionamento;3;Alto;72;1.2;8.530;330;0.33;8;"R. José Nicolau de Queiroz";"Conselheiro Lafaiete";BR;3;"2026-09-14 17:23:36";"2026-09-14 17:31:36";não
294;251625944;Congestionamento;3;Alto;94;1.6;10.230;423;0.423;4;"R. Afonso Pena";"Conselheiro Lafaiete";BR;7;"2026-09-14 17:03:35";"2026-09-14 17:07:36";não
290;249713758;Congestionamento;3;Alto;129;2.2;4.020;201;0.201;0;"R. José Nicolau de Queiroz";"Conselheiro Lafaiete";BR;2;"2026-09-14 16:51:36";"2026-09-14 16:51:36";não
287;249274416;Congestionamento;3;Alto;88;1.5;7.890;276;0.276;0;"R. Dias de Souza";"Conselheiro Lafaiete";BR;10;"2026-09-14 16:47:36";"2026-09-14 16:47:36";não
279;247382426;Congestionamento;3;Alto;106;1.8;6.490;252;0.252;8;"R. Dias de Souza";"Conselheiro Lafaiete";BR;8;"2026-09-14 16:35:36";"2026-09-14 16:43:36";não
280;247528946;Congestionamento;3;Alto;111;1.9;10.260;444;0.444;0;"R. Benjamim Constant";"Conselheiro Lafaiete";BR;12;"2026-09-14 16:35:36";"2026-09-14 16:35:36";não
282;247893464;Congestionamento;3;Alto;98;1.6;8.320;363;0.363;8;"R. Dom Luciano";"Conselheiro Lafaiete";BR;12;"2026-09-14 16:35:36";"2026-09-14 16:43:36";não
277;246905192;Congestionamento;3;Alto;82;1.4;12.600;444;0.444;0;"R. Benjamim Constant";"Conselheiro Lafaiete";BR;12;"2026-09-14 16:31:35";"2026-09-14 16:31:35";não
269;244639858;Congestionamento;3;Alto;101;1.7;7.060;330;0.33;0;"R. José Nicolau de Queiroz";"Conselheiro Lafaiete";BR;3;"2026-09-14 16:17:35";"2026-09-14 16:17:35";não
270;245136338;Congestionamento;3;Alto;78;1.3;10.260;344;0.344;0;"Pç. Barão de Queluz";"Conselheiro Lafaiete";BR;13;"2026-09-14 16:17:35";"2026-09-14 16:17:35";não
272;244255226;Congestionamento;3;Alto;120;2;6.080;259;0.259;6;"R. Francisco Lourenço de Barros";"Conselheiro Lafaiete";BR;6;"2026-09-14 16:17:35";"2026-09-14 16:23:36";não
273;244942464;Congestionamento;3;Alto;122;2;6.220;276;0.276;10;"R. Dias de Souza";"Conselheiro Lafaiete";BR;10;"2026-09-14 16:17:35";"2026-09-14 16:27:36";não
267;244027364;Congestionamento;3;Alto;88;1.5;8.530;308;0.308;3;"R. Antônio Aureliano de Rezende";"Conselheiro Lafaiete";BR;6;"2026-09-14 16:13:36";"2026-09-14 16:17:35";não
263;243531810;Congestionamento;3;Alto;97;1.6;6.830;244;0.244;2;"R. Duque de Caxias";"Conselheiro Lafaiete";BR;5;"2026-09-14 16:11:35";"2026-09-14 16:13:36";não
264;243795360;Congestionamento;3;Alto;97;1.6;4.390;165;0.165;20;"R. Dr. José Lopes de Assis";"Conselheiro Lafaiete";BR;6;"2026-09-14 16:11:35";"2026-09-14 16:31:35";não
265;243331882;Congestionamento;3;Alto;234;3.9;5.520;439;0.439;12;"Av. Prof. Manoel Martins";"Conselheiro Lafaiete";BR;11;"2026-09-14 16:11:35";"2026-09-14 16:23:36";não
266;243690258;Congestionamento;3;Alto;127;2.1;6.100;373;0.373;8;"R. Etelvina de Lima";"Conselheiro Lafaiete";BR;3;"2026-09-14 16:11:35";"2026-09-14 16:19:36";não
257;241886142;Congestionamento;3;Alto;119;2;3.700;151;0.151;6;"R. Ver. Alfredo Mafuz";"Conselheiro Lafaiete";BR;6;"2026-09-14 16:01:36";"2026-09-14 16:07:36";não
258;242185402;Congestionamento;3;Alto;150;2.5;3.150;165;0.165;0;"R. Dr. José Lopes de Assis";"Conselheiro Lafaiete";BR;6;"2026-09-14 16:01:36";"2026-09-14 16:01:36";não
256;241477354;Congestionamento;3;Alto;128;2.1;3.560;165;0.165;0;"R. Dr. José Lopes de Assis";"Conselheiro Lafaiete";BR;6;"2026-09-14 15:57:35";"2026-09-14 15:57:35";não
252;240194492;Congestionamento;3;Alto;207;3.5;4.610;357;0.357;10;"R. Alfredo Elias Mafuz";"Conselheiro Lafaiete";BR;11;"2026-09-14 15:51:35";"2026-09-14 16:01:36";não
253;240190238;Congestionamento;3;Alto;121;2;3.880;180;0.18;0;"R. Dr. Melo Viana";"Conselheiro Lafaiete";BR;8;"2026-09-14 15:51:35";"2026-09-14 15:51:35";não
254;239623920;Congestionamento;3;Alto;82;1.4;13.350;521;0.521;36;"Av. Prefeito Telésforo Cândido Resende";"Conselheiro Lafaiete";BR;12;"2026-09-14 15:51:35";"2026-09-14 16:27:36";não
247;238671486;Congestionamento;3;Alto;83;1.4;9.840;344;0.344;23;"Pç. Barão de Queluz";"Conselheiro Lafaiete";BR;13;"2026-09-14 15:47:36";"2026-09-14 16:11:35";não
248;239124906;Congestionamento;3;Alto;169;2.8;11.420;861;0.861;0;"R. Adolfo Siqueira";"Conselheiro Lafaiete";BR;20;"2026-09-14 15:47:36";"2026-09-14 15:47:36";não
249;239513878;Congestionamento;3;Alto;118;2;4.820;199;0.199;0;"R. Amintas Junqueira";"Conselheiro Lafaiete";BR;11;"2026-09-14 15:47:36";"2026-09-14 15:47:36";não
250;239380914;Congestionamento;3;Alto;125;2.1;3.790;180;0.18;0;"R. Dr. Melo Viana";"Conselheiro Lafaiete";BR;8;"2026-09-14 15:47:36";"2026-09-14 15:47:36";não
244;238377052;Congestionamento;4;"Muito alto";233;3.9;3.500;259;0.259;6;"R. Francisco Lourenço de Barros";"Conselheiro Lafaiete";BR;6;"2026-09-14 15:41:35";"2026-09-14 15:47:36";não
245;238172568;Congestionamento;3;Alto;94;1.6;11.520;444;0.444;46;"R. Benjamim Constant";"Conselheiro Lafaiete";BR;12;"2026-09-14 15:41:35";"2026-09-14 16:27:36";não
242;236778842;Congestionamento;3;Alto;88;1.5;5.480;213;0.213;6;"R. Luiz Laporte";"Conselheiro Lafaiete";BR;5;"2026-09-14 15:35:35";"2026-09-14 15:41:35";não
238;235204404;Congestionamento;4;"Muito alto";391;6.5;2.200;259;0.259;10;"R. Francisco Lourenço de Barros";"Conselheiro Lafaiete";BR;6;"2026-09-14 15:27:35";"2026-09-14 15:37:36";não
237;234471772;Congestionamento;4;"Muito alto";748;12.5;0.750;161;0.161;0;"R. Francisco Lourenço de Barros";"Conselheiro Lafaiete";BR;3;"2026-09-14 15:23:36";"2026-09-14 15:23:36";não
231;227668870;Congestionamento;3;Alto;100;1.7;6.740;252;0.252;0;"R. Dias de Souza";"Conselheiro Lafaiete";BR;8;"2026-09-14 14:49:35";"2026-09-14 14:49:35";não
228;226560636;Congestionamento;3;Alto;100;1.7;9.620;427;0.427;0;"Av. Prof. Manoel Martins";"Conselheiro Lafaiete";BR;9;"2026-09-14 14:39:36";"2026-09-14 14:39:36";não
225;223814522;Congestionamento;4;"Muito alto";526;8.8;1.680;264;0.264;0;"R. Duque de Caxias";"Conselheiro Lafaiete";BR;6;"2026-09-14 14:27:35";"2026-09-14 14:27:35";não
222;220283672;Congestionamento;3;Alto;120;2;11.730;634;0.634;0;"Est. União Indústria";"Conselheiro Lafaiete";BR;16;"2026-09-14 14:05:35";"2026-09-14 14:05:35";não
214;215333836;Congestionamento;4;"Muito alto";320;5.3;2.640;276;0.276;0;"R. Armando Alves de Oliveira";"Conselheiro Lafaiete";BR;4;"2026-09-14 13:37:35";"2026-09-14 13:37:35";não
213;215023684;Congestionamento;3;Alto;555;9.3;2.350;233;0.233;0;"R. Benedito Alves Vieira";"Conselheiro Lafaiete";BR;3;"2026-09-14 13:33:36";"2026-09-14 13:33:36";não
210;213640302;Congestionamento;3;Alto;106;1.8;12.590;561;0.561;3;"R. Santa Matilde";"Conselheiro Lafaiete";BR;12;"2026-09-14 13:23:36";"2026-09-14 13:27:35";não
196;207964270;Congestionamento;3;Alto;137;2.3;5.000;231;0.231;2;"R. Francisco Lobo";"Conselheiro Lafaiete";BR;3;"2026-09-14 12:47:35";"2026-09-14 12:49:35";não
193;206044828;Congestionamento;3;Alto;99;1.7;4.850;177;0.177;0;"R. Dr. Ademar Pereira de Barros";"Conselheiro Lafaiete";BR;5;"2026-09-14 12:35:36";"2026-09-14 12:35:36";não
190;205026768;Congestionamento;4;"Muito alto";230;3.8;2.350;180;0.18;3;"R. Dr. Melo Viana";"Conselheiro Lafaiete";BR;8;"2026-09-14 12:29:55";"2026-09-14 12:33:35";não
187;204893442;Congestionamento;3;Alto;103;1.7;8.820;378;0.378;8;"R. Tavares de Melo";"Conselheiro Lafaiete";BR;9;"2026-09-14 12:27:36";"2026-09-14 12:35:36";não
185;204329498;Congestionamento;3;Alto;78;1.3;8.170;330;0.33;0;"R. José Nicolau de Queiroz";"Conselheiro Lafaiete";BR;3;"2026-09-14 12:23:35";"2026-09-14 12:23:35";não
179;202826506;Congestionamento;3;Alto;107;1.8;6.830;330;0.33;2;"R. José Nicolau de Queiroz";"Conselheiro Lafaiete";BR;3;"2026-09-14 12:13:35";"2026-09-14 12:15:36";não
178;202223696;Congestionamento;3;Alto;87;1.5;12.900;521;0.521;17;"Av. Prefeito Telésforo Cândido Resende";"Conselheiro Lafaiete";BR;12;"2026-09-14 12:09:56";"2026-09-14 12:27:36";não
173;201167926;Congestionamento;4;"Muito alto";200;3.3;3.790;225;0.225;0;;"Conselheiro Lafaiete";BR;4;"2026-09-14 12:01:56";"2026-09-14 12:01:56";não
174;200983598;Congestionamento;3;Alto;123;2.1;7.800;378;0.378;8;"R. Tavares de Melo";"Conselheiro Lafaiete";BR;9;"2026-09-14 12:01:56";"2026-09-14 12:09:56";não
175;201125312;Congestionamento;3;Alto;96;1.6;6.950;252;0.252;8;"R. Dias de Souza";"Conselheiro Lafaiete";BR;8;"2026-09-14 12:01:56";"2026-09-14 12:09:56";não
167;199693050;Congestionamento;3;Alto;110;1.8;6.300;252;0.252;0;"R. Dias de Souza";"Conselheiro Lafaiete";BR;8;"2026-09-14 11:51:35";"2026-09-14 11:51:35";não
163;198624884;Congestionamento;3;Alto;109;1.8;4.180;180;0.18;2;"R. Dr. Melo Viana";"Conselheiro Lafaiete";BR;8;"2026-09-14 11:45:36";"2026-09-14 11:47:55";não
158;196669228;Congestionamento;3;Alto;84;1.4;4.880;165;0.165;12;"R. Dr. José Lopes de Assis";"Conselheiro Lafaiete";BR;6;"2026-09-14 11:29:35";"2026-09-14 11:41:55";não
155;195659046;Congestionamento;3;Alto;120;2;8.830;454;0.454;10;"R. Cônego João Pio";"Conselheiro Lafaiete";BR;9;"2026-09-14 11:23:36";"2026-09-14 11:33:36";não
156;195836280;Congestionamento;3;Alto;77;1.3;9.730;326;0.326;2;"Av. Prefeito Telésforo Cândido Resende";"Conselheiro Lafaiete";BR;6;"2026-09-14 11:23:36";"2026-09-14 11:25:56";não
149;194039056;Congestionamento;3;Alto;101;1.7;6.420;244;0.244;8;"R. Duque de Caxias";"Conselheiro Lafaiete";BR;5;"2026-09-14 11:13:35";"2026-09-14 11:21:35";não
144;193057182;Congestionamento;3;Alto;129;2.2;3.550;165;0.165;12;"R. Dr. José Lopes de Assis";"Conselheiro Lafaiete";BR;6;"2026-09-14 11:05:36";"2026-09-14 11:17:56";não
141;190605562;Congestionamento;3;Alto;95;1.6;3.820;385;0.385;5;"R. Aristides de Alencar";"Conselheiro Lafaiete";BR;8;"2026-09-14 10:49:56";"2026-09-14 10:55:55";não
140;190441522;Congestionamento;3;Alto;180;3;9.650;933;0.933;0;"R. Aristides Francisco Pinto";"Conselheiro Lafaiete";BR;14;"2026-09-14 10:47:43";"2026-09-14 10:47:43";não
136;186117216;Congestionamento;3;Alto;139;2.3;3.350;165;0.165;7;"R. Dr. José Lopes de Assis";"Conselheiro Lafaiete";BR;6;"2026-09-14 10:15:55";"2026-09-14 10:23:36";não
134;185349276;Congestionamento;3;Alto;89;1.5;4.670;165;0.165;0;"R. Dr. José Lopes de Assis";"Conselheiro Lafaiete";BR;6;"2026-09-14 10:09:56";"2026-09-14 10:09:56";não
135;185200996;Congestionamento;4;"Muito alto";268;4.5;3.100;259;0.259;0;"R. Francisco Lourenço de Barros";"Conselheiro Lafaiete";BR;6;"2026-09-14 10:09:56";"2026-09-14 10:09:56";não
131;185068276;Congestionamento;3;Alto;75;1.3;9.520;357;0.357;0;"R. Miguel Garcia";"Conselheiro Lafaiete";BR;12;"2026-09-14 10:07:36";"2026-09-14 10:07:36";não
133;184764542;Congestionamento;4;"Muito alto";108;1.8;4.870;194;0.194;8;"R. Santana";"Conselheiro Lafaiete";BR;5;"2026-09-14 10:07:36";"2026-09-14 10:15:55";não
128;183244498;Congestionamento;4;"Muito alto";123;2.1;4.850;197;0.197;0;"Av. Prof. Manoel Martins";"Conselheiro Lafaiete";BR;6;"2026-09-14 09:53:36";"2026-09-14 09:53:36";não
126;158793642;"Interdição antiga";5;Parado;;;0.000;156;0.156;1187;"R. Valério Eugênio";"Conselheiro Lafaiete";BR;4;"2026-09-14 06:35:36";"2026-09-15 02:23:04";não
125;137253044;"Interdição antiga";5;Parado;;;0.000;156;0.156;209;"R. Valério Eugênio";"Conselheiro Lafaiete";BR;4;"2026-09-14 02:59:36";"2026-09-14 06:29:35";não
124;132189374;Congestionamento;4;"Muito alto";106;1.8;5.470;189;0.189;0;"R. Santa Matilde";"Conselheiro Lafaiete";BR;5;"2026-09-14 00:31:05";"2026-09-14 00:31:05";não
123;129814858;Congestionamento;4;"Muito alto";117;2;4.560;178;0.178;0;"R. Duque de Caxias";"Conselheiro Lafaiete";BR;4;"2026-09-13 23:49:24";"2026-09-13 23:49:24";não
122;128206362;Congestionamento;3;Alto;112;1.9;6.620;280;0.28;6;"R. Luiz de Souza Queiróz";"Conselheiro Lafaiete";BR;3;"2026-09-13 23:15:58";"2026-09-13 23:21:59";não
121;127828588;Congestionamento;3;Alto;139;2.3;4.190;254;0.254;0;"R. José Coelho";"Conselheiro Lafaiete";BR;4;"2026-09-13 23:09:58";"2026-09-13 23:09:58";não
118;125603838;Congestionamento;3;Alto;96;1.6;7.500;294;0.294;3;"R. José Martins Simões";"Conselheiro Lafaiete";BR;6;"2026-09-13 22:24:06";"2026-09-13 22:27:06";não
119;125638532;Congestionamento;4;"Muito alto";120;2;5.050;192;0.192;0;"R. Santa Matilde";"Conselheiro Lafaiete";BR;4;"2026-09-13 22:24:06";"2026-09-13 22:24:06";não
114;124409340;Congestionamento;4;"Muito alto";111;1.9;5.560;204;0.204;6;"R. Dias de Souza";"Conselheiro Lafaiete";BR;5;"2026-09-13 21:56:10";"2026-09-13 22:02:10";não
112;124098152;Congestionamento;3;Alto;102;1.7;6.990;257;0.257;0;"R. Dias de Souza";"Conselheiro Lafaiete";BR;9;"2026-09-13 21:50:10";"2026-09-13 21:50:10";não
113;124136474;Congestionamento;4;"Muito alto";160;2.7;6.040;333;0.333;0;"R. Dias de Souza";"Conselheiro Lafaiete";BR;7;"2026-09-13 21:50:10";"2026-09-13 21:50:10";não
110;123366242;Congestionamento;4;"Muito alto";103;1.7;4.890;170;0.17;8;"R. Tavares de Melo";"Conselheiro Lafaiete";BR;3;"2026-09-13 21:35:11";"2026-09-13 21:44:10";não
96;1796276112;"Interdição antiga";5;Parado;;;0.000;79;0.079;3209;"R. Narciso Jr.";"Conselheiro Lafaiete";BR;5;"2026-09-13 21:29:24";"2026-09-16 02:59:04";não
97;40966080;"Interdição antiga";5;Parado;;;0.000;156;0.156;4609;"R. Valério Eugênio";"Conselheiro Lafaiete";BR;4;"2026-09-13 21:29:24";"2026-09-17 02:19:04";não
98;41085648;"Interdição antiga";5;Parado;;;0.000;141;0.141;330;"Av. Mal. Floriano Peixoto";"Conselheiro Lafaiete";BR;3;"2026-09-13 21:29:24";"2026-09-14 02:59:36";não
99;41062016;"Interdição antiga";5;Parado;;;0.000;76;0.076;330;"Av. Mal. Floriano Peixoto";"Conselheiro Lafaiete";BR;4;"2026-09-13 21:29:24";"2026-09-14 02:59:36";não
100;610368418;"Interdição antiga";5;Parado;;;0.000;129;0.129;4609;"R. Djalma Duarte";"Conselheiro Lafaiete";BR;3;"2026-09-13 21:29:24";"2026-09-17 02:19:04";não
102;1710507020;"Interdição antiga";5;Parado;;;0.000;133;0.133;2933;;"Conselheiro Lafaiete";BR;4;"2026-09-13 21:29:24";"2026-09-15 22:23:04";não
103;1668904432;"Interdição ativa";5;Parado;;;0.000;129;0.129;20359;"R. Djalma Duarte";"Conselheiro Lafaiete";BR;3;"2026-09-13 21:29:24";"2026-09-28 00:49:11";sim
104;40997194;"Interdição antiga";5;Parado;;;0.000;156;0.156;276;"R. Valério Eugênio";"Conselheiro Lafaiete";BR;4;"2026-09-13 21:29:24";"2026-09-14 02:06:18";não
105;223100800;"Interdição antiga";5;Parado;;;0.000;79;0.079;3209;"R. Narciso Jr.";"Conselheiro Lafaiete";BR;5;"2026-09-13 21:29:24";"2026-09-16 02:59:04";não
106;223120112;"Interdição antiga";5;Parado;;;0.000;133;0.133;1733;;"Conselheiro Lafaiete";BR;4;"2026-09-13 21:29:24";"2026-09-15 02:23:04";não
107;41065918;"Interdição antiga";5;Parado;;;0.000;76;0.076;330;"Av. Mal. Floriano Peixoto";"Conselheiro Lafaiete";BR;4;"2026-09-13 21:29:24";"2026-09-14 02:59:36";não
108;41023022;"Interdição antiga";5;Parado;;;0.000;141;0.141;330;"Av. Mal. Floriano Peixoto";"Conselheiro Lafaiete";BR;3;"2026-09-13 21:29:24";"2026-09-14 02:59:36";não
